INSERT INTO Customers (customer_id, first_name, last_name, email, phone_number, signup_date, country, city, loyalty_points) VALUES (1, 'David', 'Spencer', 'mitchelljulia@example.com', '771.976.1427', '2024-12-31', 'Antigua and Barbuda', 'New Teresaville', 130);
INSERT INTO Customers (customer_id, first_name, last_name, email, phone_number, signup_date, country, city, loyalty_points) VALUES (2, 'Brenda', 'Gonzalez', 'tracy74@example.org', '(338)918-4897', '2025-01-12', 'Colombia', 'Mariaburgh', 147);
INSERT INTO Customers (customer_id, first_name, last_name, email, phone_number, signup_date, country, city, loyalty_points) VALUES (3, 'Cassandra', 'Howard', 'frankbryant@example.com', '(626)265-0888', '2024-03-14', 'Finland', 'Butlerbury', 59);
INSERT INTO Customers (customer_id, first_name, last_name, email, phone_number, signup_date, country, city, loyalty_points) VALUES (4, 'Michael', 'Pace', 'fsellers@example.com', '+1-656-603-3423', '2024-04-20', 'Sweden', 'Sydneyview', 183);
INSERT INTO Customers (customer_id, first_name, last_name, email, phone_number, signup_date, country, city, loyalty_points) VALUES (5, 'Linda', 'Miller', 'woodsdarin@example.com', '7654013632', '2025-03-01', 'Uruguay', 'Parkerchester', 82);
INSERT INTO Customers (customer_id, first_name, last_name, email, phone_number, signup_date, country, city, loyalty_points) VALUES (6, 'Julie', 'Atkinson', 'klinelisa@example.org', '949.795.1850', '2025-04-12', 'Panama', 'Vaughnfort', 58);
INSERT INTO Customers (customer_id, first_name, last_name, email, phone_number, signup_date, country, city, loyalty_points) VALUES (7, 'George', 'Campbell', 'edwardmaddox@example.net', '303-438-8030', '2023-11-02', 'Oman', 'West Margaret', 134);
INSERT INTO Customers (customer_id, first_name, last_name, email, phone_number, signup_date, country, city, loyalty_points) VALUES (8, 'Jacob', 'Marquez', 'richardrodgers@example.com', '+1-366-453-2406', '2025-01-21', 'Kuwait', 'Myersmouth', 82);
INSERT INTO Customers (customer_id, first_name, last_name, email, phone_number, signup_date, country, city, loyalty_points) VALUES (9, 'Stephanie', 'Hodges', 'richard84@example.org', '590.380.1918', '2023-11-14', 'Samoa', 'Staceyview', 65);
INSERT INTO Customers (customer_id, first_name, last_name, email, phone_number, signup_date, country, city, loyalty_points) VALUES (10, 'Mark', 'Taylor', 'priscilla08@example.org', '+1-872-880-9881', '2024-07-06', 'Lithuania', 'North Glenn', 55);
INSERT INTO Customers (customer_id, first_name, last_name, email, phone_number, signup_date, country, city, loyalty_points) VALUES (11, 'Rachel', 'Jones', 'ycannon@example.com', '8715365401', '2023-11-28', 'Nigeria', 'Wrightshire', 6);
INSERT INTO Customers (customer_id, first_name, last_name, email, phone_number, signup_date, country, city, loyalty_points) VALUES (12, 'Matthew', 'Pineda', 'dmccormick@example.net', '833.433.3978', '2023-10-12', 'Gambia', 'Reedton', 67);
INSERT INTO Customers (customer_id, first_name, last_name, email, phone_number, signup_date, country, city, loyalty_points) VALUES (13, 'Brittany', 'Hudson', 'ugilbert@example.org', '828-451-8073', '2024-09-10', 'Ireland', 'Brianhaven', 171);
INSERT INTO Customers (customer_id, first_name, last_name, email, phone_number, signup_date, country, city, loyalty_points) VALUES (14, 'Alyssa', 'Gregory', 'timothyvargas@example.org', '001-983-679-3617', '2025-02-19', 'Ethiopia', 'Wheelerfurt', 168);
INSERT INTO Customers (customer_id, first_name, last_name, email, phone_number, signup_date, country, city, loyalty_points) VALUES (15, 'Amanda', 'Navarro', 'santiagoelizabeth@example.com', '001-319-817-2943', '2024-11-29', 'Lebanon', 'South Dennis', 84);
INSERT INTO Customers (customer_id, first_name, last_name, email, phone_number, signup_date, country, city, loyalty_points) VALUES (16, 'Nicholas', 'Cruz', 'swinters@example.net', '+1-610-277-3848', '2024-03-20', 'Norway', 'New Ryan', 165);
INSERT INTO Customers (customer_id, first_name, last_name, email, phone_number, signup_date, country, city, loyalty_points) VALUES (17, 'Jeffrey', 'Powell', 'ivaughn@example.com', '+1-221-818-1515', '2024-05-10', 'Reunion', 'Port Jessicaport', 184);
INSERT INTO Customers (customer_id, first_name, last_name, email, phone_number, signup_date, country, city, loyalty_points) VALUES (18, 'Shelley', 'Johnson', 'anthony09@example.net', '(238)911-1400', '2024-10-28', 'Romania', 'Kaylaton', 16);
INSERT INTO Customers (customer_id, first_name, last_name, email, phone_number, signup_date, country, city, loyalty_points) VALUES (19, 'Luke', 'Butler', 'teresa87@example.org', '+1-316-941-9594', '2025-07-12', 'Korea', 'Lake Wendyton', 127);
INSERT INTO Customers (customer_id, first_name, last_name, email, phone_number, signup_date, country, city, loyalty_points) VALUES (20, 'Scott', 'Beck', 'victoriabright@example.net', '415-982-0862', '2025-01-22', 'Nigeria', 'Port Crystalshire', 40);
INSERT INTO Customers (customer_id, first_name, last_name, email, phone_number, signup_date, country, city, loyalty_points) VALUES (21, 'Tyler', 'Moreno', 'michelledillon@example.org', '001-565-442-3135', '2025-07-18', 'Syrian Arab Republic', 'East Courtneyview', 173);
INSERT INTO Customers (customer_id, first_name, last_name, email, phone_number, signup_date, country, city, loyalty_points) VALUES (22, 'Breanna', 'Freeman', 'robert64@example.com', '745.573.9473', '2025-05-25', 'Bhutan', 'Hallhaven', 173);
INSERT INTO Customers (customer_id, first_name, last_name, email, phone_number, signup_date, country, city, loyalty_points) VALUES (23, 'Sandra', 'Kim', 'pmelton@example.com', '(406)300-6724', '2024-02-08', 'Turkey', 'Trevorfurt', 97);
INSERT INTO Customers (customer_id, first_name, last_name, email, phone_number, signup_date, country, city, loyalty_points) VALUES (24, 'Elizabeth', 'Carey', 'lrogers@example.com', '431-537-8365', '2023-12-02', 'Saint Lucia', 'South Rachelshire', 160);
INSERT INTO Customers (customer_id, first_name, last_name, email, phone_number, signup_date, country, city, loyalty_points) VALUES (25, 'Emily', 'Kelly', 'christopher34@example.org', '898.688.4871', '2024-03-04', 'Aruba', 'East Kathryn', 26);
INSERT INTO Customers (customer_id, first_name, last_name, email, phone_number, signup_date, country, city, loyalty_points) VALUES (26, 'Peter', 'Francis', 'milleranthony@example.com', '+1-210-834-1582', '2025-06-05', 'Denmark', 'Port Richard', 199);
INSERT INTO Customers (customer_id, first_name, last_name, email, phone_number, signup_date, country, city, loyalty_points) VALUES (27, 'William', 'Scott', 'kcarter@example.net', '(213)945-4891', '2025-05-21', 'Cook Islands', 'Williamshaven', 199);
INSERT INTO Customers (customer_id, first_name, last_name, email, phone_number, signup_date, country, city, loyalty_points) VALUES (28, 'Kelly', 'Mcgee', 'johnclark@example.net', '8806300075', '2024-01-07', 'Faroe Islands', 'Angelberg', 4);
INSERT INTO Customers (customer_id, first_name, last_name, email, phone_number, signup_date, country, city, loyalty_points) VALUES (29, 'Tiffany', 'Stephenson', 'lorettagarcia@example.org', '+1-682-648-4498', '2024-10-12', 'American Samoa', 'Johnsonfort', 69);
INSERT INTO Customers (customer_id, first_name, last_name, email, phone_number, signup_date, country, city, loyalty_points) VALUES (30, 'Jeremy', 'Turner', 'pamela91@example.net', '3293710130', '2024-05-07', 'Saint Pierre and Miquelon', 'Gilesshire', 111);
INSERT INTO Customers (customer_id, first_name, last_name, email, phone_number, signup_date, country, city, loyalty_points) VALUES (31, 'Daniel', 'Leonard', 'morgancarlos@example.com', '+1-391-567-0171', '2024-08-25', 'Palestinian Territory', 'Hallbury', 4);
INSERT INTO Customers (customer_id, first_name, last_name, email, phone_number, signup_date, country, city, loyalty_points) VALUES (32, 'William', 'Ellison', 'peggylewis@example.com', '+1-555-933-1905', '2025-05-15', 'Argentina', 'Lake Kristinamouth', 66);
INSERT INTO Customers (customer_id, first_name, last_name, email, phone_number, signup_date, country, city, loyalty_points) VALUES (33, 'Kendra', 'Brown', 'hjones@example.net', '398.356.5812', '2024-09-11', 'Cook Islands', 'Barronmouth', 125);
INSERT INTO Customers (customer_id, first_name, last_name, email, phone_number, signup_date, country, city, loyalty_points) VALUES (34, 'Amy', 'Bean', 'davidperez@example.net', '721-454-7650', '2024-12-17', 'Kenya', 'Aguilartown', 198);
INSERT INTO Customers (customer_id, first_name, last_name, email, phone_number, signup_date, country, city, loyalty_points) VALUES (35, 'Ronald', 'Daniels', 'seanarnold@example.com', '3273768173', '2024-06-16', 'Benin', 'Jacquelineland', 103);
INSERT INTO Customers (customer_id, first_name, last_name, email, phone_number, signup_date, country, city, loyalty_points) VALUES (36, 'Cynthia', 'Stone', 'taylorchristopher@example.org', '(703)760-7511', '2025-07-03', 'Cuba', 'Port Danielle', 94);
INSERT INTO Customers (customer_id, first_name, last_name, email, phone_number, signup_date, country, city, loyalty_points) VALUES (37, 'Deanna', 'Waters', 'oalvarado@example.com', '639-622-9421', '2024-08-25', 'Estonia', 'Jamesborough', 17);
INSERT INTO Customers (customer_id, first_name, last_name, email, phone_number, signup_date, country, city, loyalty_points) VALUES (38, 'Michael', 'Berry', 'michaelmyers@example.com', '(659)627-8797', '2025-05-06', 'Central African Republic', 'South Aimeeberg', 134);
INSERT INTO Customers (customer_id, first_name, last_name, email, phone_number, signup_date, country, city, loyalty_points) VALUES (39, 'Kristie', 'White', 'christopher56@example.org', '+1-356-856-3487', '2024-06-17', 'Cayman Islands', 'Hernandezfurt', 164);
INSERT INTO Customers (customer_id, first_name, last_name, email, phone_number, signup_date, country, city, loyalty_points) VALUES (40, 'Jenna', 'Mcknight', 'rachel45@example.net', '6716676228', '2025-05-15', 'India', 'Taylorburgh', 134);
INSERT INTO Customers (customer_id, first_name, last_name, email, phone_number, signup_date, country, city, loyalty_points) VALUES (41, 'Jennifer', 'Davis', 'cindyfreeman@example.com', '949-226-0927', '2024-09-06', 'Qatar', 'West Wendy', 67);
INSERT INTO Customers (customer_id, first_name, last_name, email, phone_number, signup_date, country, city, loyalty_points) VALUES (42, 'James', 'Ritter', 'colecarrie@example.net', '+1-682-368-2658', '2025-08-28', 'Swaziland', 'North Melissa', 182);
INSERT INTO Customers (customer_id, first_name, last_name, email, phone_number, signup_date, country, city, loyalty_points) VALUES (43, 'Madison', 'White', 'halladam@example.org', '001-260-650-4737', '2024-05-21', 'Sudan', 'Paulton', 31);
INSERT INTO Customers (customer_id, first_name, last_name, email, phone_number, signup_date, country, city, loyalty_points) VALUES (44, 'Jeremiah', 'Lewis', 'bradfordronald@example.com', '001-874-333-2564', '2025-01-12', 'Macao', 'Leeville', 181);
INSERT INTO Customers (customer_id, first_name, last_name, email, phone_number, signup_date, country, city, loyalty_points) VALUES (45, 'Sherry', 'Benson', 'david87@example.net', '001-940-377-4027', '2024-03-05', 'Cote d''Ivoire', 'Nealfort', 165);
INSERT INTO Customers (customer_id, first_name, last_name, email, phone_number, signup_date, country, city, loyalty_points) VALUES (46, 'Christopher', 'Robles', 'wilsonmichael@example.org', '(852)410-8086', '2024-01-11', 'Macao', 'Jonathanburgh', 150);
INSERT INTO Customers (customer_id, first_name, last_name, email, phone_number, signup_date, country, city, loyalty_points) VALUES (47, 'Benjamin', 'Conley', 'amysmith@example.org', '+1-522-804-2444', '2025-04-08', 'Paraguay', 'Michelletown', 195);
INSERT INTO Customers (customer_id, first_name, last_name, email, phone_number, signup_date, country, city, loyalty_points) VALUES (48, 'Scott', 'Solis', 'brittany20@example.net', '503.349.8187', '2024-04-21', 'Turkey', 'Meltonchester', 29);
INSERT INTO Customers (customer_id, first_name, last_name, email, phone_number, signup_date, country, city, loyalty_points) VALUES (49, 'Shawn', 'Henry', 'obrewer@example.com', '(949)506-7678', '2024-11-06', 'Tanzania', 'Ericaborough', 43);
INSERT INTO Customers (customer_id, first_name, last_name, email, phone_number, signup_date, country, city, loyalty_points) VALUES (50, 'Caleb', 'Brown', 'elizabethmcknight@example.net', '(260)633-6035', '2025-07-04', 'Turks and Caicos Islands', 'West Traciport', 127);
INSERT INTO Customers (customer_id, first_name, last_name, email, phone_number, signup_date, country, city, loyalty_points) VALUES (51, 'Catherine', 'Riddle', 'vlane@example.org', '866-897-6907', '2025-06-02', 'Switzerland', 'South Randymouth', 58);
INSERT INTO Customers (customer_id, first_name, last_name, email, phone_number, signup_date, country, city, loyalty_points) VALUES (52, 'Kara', 'Wilson', 'meganhernandez@example.net', '+1-931-342-280', '2025-04-01', 'Luxembourg', 'New Kyle', 188);
INSERT INTO Customers (customer_id, first_name, last_name, email, phone_number, signup_date, country, city, loyalty_points) VALUES (53, 'Deborah', 'Green', 'mbennett@example.net', '+1-818-617-3068', '2025-06-26', 'Peru', 'Davidfort', 56);
INSERT INTO Customers (customer_id, first_name, last_name, email, phone_number, signup_date, country, city, loyalty_points) VALUES (54, 'Joseph', 'Smith', 'tlee@example.com', '5858894749', '2024-05-03', 'Tokelau', 'Lake Julieport', 154);
INSERT INTO Customers (customer_id, first_name, last_name, email, phone_number, signup_date, country, city, loyalty_points) VALUES (55, 'Elizabeth', 'Lawrence', 'thomasjohnson@example.net', '+1-886-613-5843', '2024-05-23', 'Poland', 'Gabriellatown', 18);
INSERT INTO Customers (customer_id, first_name, last_name, email, phone_number, signup_date, country, city, loyalty_points) VALUES (56, 'Steven', 'Jones', 'johnsonwilliam@example.net', '845-495-7995', '2023-12-01', 'Lithuania', 'North Jason', 70);
INSERT INTO Customers (customer_id, first_name, last_name, email, phone_number, signup_date, country, city, loyalty_points) VALUES (57, 'Tara', 'Edwards', 'skaufman@example.org', '(657)744-0738', '2025-07-28', 'Montenegro', 'Timothychester', 6);
INSERT INTO Customers (customer_id, first_name, last_name, email, phone_number, signup_date, country, city, loyalty_points) VALUES (58, 'Kevin', 'Bailey', 'harveyjennifer@example.net', '515.848.1832', '2024-09-08', 'Anguilla', 'Lake Gary', 78);
INSERT INTO Customers (customer_id, first_name, last_name, email, phone_number, signup_date, country, city, loyalty_points) VALUES (59, 'Troy', 'Duncan', 'mreyes@example.com', '(566)280-6031', '2024-12-08', 'Cook Islands', 'West Kevinshire', 98);
INSERT INTO Customers (customer_id, first_name, last_name, email, phone_number, signup_date, country, city, loyalty_points) VALUES (60, 'Lisa', 'Smith', 'geraldcline@example.org', '490.549.8663', '2023-12-22', 'Peru', 'Erinshire', 45);
INSERT INTO Customers (customer_id, first_name, last_name, email, phone_number, signup_date, country, city, loyalty_points) VALUES (61, 'Kyle', 'Shelton', 'andreagarrett@example.net', '+1-374-637-9060', '2023-11-28', 'Cayman Islands', 'Christineborough', 54);
INSERT INTO Customers (customer_id, first_name, last_name, email, phone_number, signup_date, country, city, loyalty_points) VALUES (62, 'Becky', 'Davis', 'chris00@example.org', '001-938-938-1302', '2023-09-10', 'Costa Rica', 'West Allisonland', 120);
INSERT INTO Customers (customer_id, first_name, last_name, email, phone_number, signup_date, country, city, loyalty_points) VALUES (63, 'Mark', 'Howard', 'williamramsey@example.org', '+1-809-491-9627', '2023-09-04', 'Seychelles', 'Carolynshire', 78);
INSERT INTO Customers (customer_id, first_name, last_name, email, phone_number, signup_date, country, city, loyalty_points) VALUES (64, 'Thomas', 'Hill', 'mglenn@example.com', '917.302.8495', '2025-07-25', 'Afghanistan', 'East Markhaven', 99);
INSERT INTO Customers (customer_id, first_name, last_name, email, phone_number, signup_date, country, city, loyalty_points) VALUES (65, 'Alec', 'Castro', 'joseph90@example.com', '8003455742', '2024-01-28', 'Cape Verde', 'Sarahmouth', 130);
INSERT INTO Customers (customer_id, first_name, last_name, email, phone_number, signup_date, country, city, loyalty_points) VALUES (66, 'Eric', 'Payne', 'catherinejones@example.org', '+1-782-668-9826', '2025-08-28', 'Japan', 'Jonathonhaven', 7);
INSERT INTO Customers (customer_id, first_name, last_name, email, phone_number, signup_date, country, city, loyalty_points) VALUES (67, 'Emily', 'Arnold', 'maciasjoseph@example.org', '333.419.5917', '2024-11-14', 'Vietnam', 'New Ericstad', 172);
INSERT INTO Customers (customer_id, first_name, last_name, email, phone_number, signup_date, country, city, loyalty_points) VALUES (68, 'Bernard', 'Webster', 'fhoffman@example.org', '877-696-0277', '2025-01-29', 'Jamaica', 'Gutierrezfort', 115);
INSERT INTO Customers (customer_id, first_name, last_name, email, phone_number, signup_date, country, city, loyalty_points) VALUES (69, 'Nicole', 'Morrison', 'torresthomas@example.com', '768.756.1085', '2025-04-16', 'Cuba', 'West Christopher', 168);
INSERT INTO Customers (customer_id, first_name, last_name, email, phone_number, signup_date, country, city, loyalty_points) VALUES (70, 'Susan', 'Kramer', 'qalexander@example.org', '(323)879-0532', '2024-11-06', 'Ethiopia', 'New Steven', 55);
INSERT INTO Customers (customer_id, first_name, last_name, email, phone_number, signup_date, country, city, loyalty_points) VALUES (71, 'Brian', 'Cain', 'ncherry@example.net', '(496)396-7314', '2024-11-21', 'Hong Kong', 'West Nicholas', 119);
INSERT INTO Customers (customer_id, first_name, last_name, email, phone_number, signup_date, country, city, loyalty_points) VALUES (72, 'Joshua', 'Jones', 'parrishlisa@example.net', '+1-329-937-0316', '2023-12-17', 'Papua New Guinea', 'Piercemouth', 133);
INSERT INTO Customers (customer_id, first_name, last_name, email, phone_number, signup_date, country, city, loyalty_points) VALUES (73, 'Isaac', 'Brown', 'adrian78@example.com', '(724)773-7914', '2024-01-08', 'New Caledonia', 'South Caseyville', 160);
INSERT INTO Customers (customer_id, first_name, last_name, email, phone_number, signup_date, country, city, loyalty_points) VALUES (74, 'Raymond', 'Martinez', 'boothkevin@example.org', '001-549-732-7519', '2024-06-20', 'New Zealand', 'Castroton', 139);
INSERT INTO Customers (customer_id, first_name, last_name, email, phone_number, signup_date, country, city, loyalty_points) VALUES (75, 'Christopher', 'Cline', 'princemelissa@example.com', '(408)854-4840', '2024-08-29', 'Canada', 'Cuevasberg', 42);
INSERT INTO Customers (customer_id, first_name, last_name, email, phone_number, signup_date, country, city, loyalty_points) VALUES (76, 'Donna', 'Johnson', 'powerssusan@example.com', '(486)688-3449', '2025-05-26', 'Switzerland', 'Careyhaven', 138);
INSERT INTO Customers (customer_id, first_name, last_name, email, phone_number, signup_date, country, city, loyalty_points) VALUES (77, 'Troy', 'Arnold', 'crystal98@example.com', '719-676-3618', '2025-07-30', 'Norfolk Island', 'Port Cassandra', 49);
INSERT INTO Customers (customer_id, first_name, last_name, email, phone_number, signup_date, country, city, loyalty_points) VALUES (78, 'Barbara', 'Armstrong', 'torrestina@example.net', '+1-878-395-1238', '2024-05-22', 'Northern Mariana Islands', 'Stacybury', 66);
INSERT INTO Customers (customer_id, first_name, last_name, email, phone_number, signup_date, country, city, loyalty_points) VALUES (79, 'Tracy', 'Romero', 'vanessa97@example.org', '+1-894-484-1382', '2024-11-24', 'Bolivia', 'Sharphaven', 26);
INSERT INTO Customers (customer_id, first_name, last_name, email, phone_number, signup_date, country, city, loyalty_points) VALUES (80, 'Shawn', 'Fernandez', 'madelineanderson@example.com', '(328)379-6943', '2023-10-14', 'Chile', 'Port Jonathan', 103);
INSERT INTO Customers (customer_id, first_name, last_name, email, phone_number, signup_date, country, city, loyalty_points) VALUES (81, 'Katherine', 'Ramirez', 'vcasey@example.net', '001-495-486-8090', '2023-11-08', 'Sudan', 'Coleborough', 65);
INSERT INTO Customers (customer_id, first_name, last_name, email, phone_number, signup_date, country, city, loyalty_points) VALUES (82, 'Kenneth', 'Willis', 'john70@example.net', '(527)860-3577', '2025-07-25', 'New Zealand', 'Marvinburgh', 172);
INSERT INTO Customers (customer_id, first_name, last_name, email, phone_number, signup_date, country, city, loyalty_points) VALUES (83, 'Angela', 'Rivera', 'longcarlos@example.com', '991-530-0825', '2024-12-15', 'Antigua and Barbuda', 'West Annhaven', 33);
INSERT INTO Customers (customer_id, first_name, last_name, email, phone_number, signup_date, country, city, loyalty_points) VALUES (84, 'Gabriella', 'Brown', 'michaelwatkins@example.com', '(233)387-7074', '2025-08-25', 'Bahrain', 'Port Jennifermouth', 63);
INSERT INTO Customers (customer_id, first_name, last_name, email, phone_number, signup_date, country, city, loyalty_points) VALUES (85, 'Kayla', 'Bradley', 'randy73@example.org', '377.595.1174', '2025-06-10', 'Trinidad and Tobago', 'Sextonville', 127);
INSERT INTO Customers (customer_id, first_name, last_name, email, phone_number, signup_date, country, city, loyalty_points) VALUES (86, 'Lindsay', 'Bates', 'lestrada@example.com', '403-418-1834', '2025-03-30', 'Puerto Rico', 'Brittanyhaven', 35);
INSERT INTO Customers (customer_id, first_name, last_name, email, phone_number, signup_date, country, city, loyalty_points) VALUES (87, 'Ryan', 'Ford', 'samanthataylor@example.com', '3134525851', '2025-08-03', 'Israel', 'North Michael', 91);
INSERT INTO Customers (customer_id, first_name, last_name, email, phone_number, signup_date, country, city, loyalty_points) VALUES (88, 'Sara', 'Woods', 'dennissmith@example.org', '(358)403-1449', '2024-03-25', 'Canada', 'Harrisborough', 37);
INSERT INTO Customers (customer_id, first_name, last_name, email, phone_number, signup_date, country, city, loyalty_points) VALUES (89, 'David', 'Hughes', 'david15@example.net', '340-981-1369', '2023-11-17', 'Bermuda', 'Hollyberg', 43);
INSERT INTO Customers (customer_id, first_name, last_name, email, phone_number, signup_date, country, city, loyalty_points) VALUES (90, 'Paul', 'Calderon', 'lewisbrian@example.com', '001-237-415-3712', '2024-12-23', 'Singapore', 'Jasonstad', 136);
INSERT INTO Customers (customer_id, first_name, last_name, email, phone_number, signup_date, country, city, loyalty_points) VALUES (91, 'Kristen', 'Gay', 'reesemegan@example.net', '790.860.8157', '2023-11-20', 'Venezuela', 'Samuelfort', 82);
INSERT INTO Customers (customer_id, first_name, last_name, email, phone_number, signup_date, country, city, loyalty_points) VALUES (92, 'Richard', 'Mays', 'kramirez@example.com', '(213)438-0836', '2024-11-08', 'Congo', 'Hutchinsonshire', 74);
INSERT INTO Customers (customer_id, first_name, last_name, email, phone_number, signup_date, country, city, loyalty_points) VALUES (93, 'Stephen', 'Murray', 'rachel77@example.net', '+1-223-619-6429', '2024-06-12', 'Samoa', 'South Tyler', 29);
INSERT INTO Customers (customer_id, first_name, last_name, email, phone_number, signup_date, country, city, loyalty_points) VALUES (94, 'Ashley', 'Robles', 'michael67@example.com', '(985)314-2014', '2023-09-09', 'Suriname', 'East Jackbury', 169);
INSERT INTO Customers (customer_id, first_name, last_name, email, phone_number, signup_date, country, city, loyalty_points) VALUES (95, 'Tyler', 'Stanley', 'john42@example.com', '570.659.1469', '2024-04-04', 'Colombia', 'West Summer', 112);
INSERT INTO Customers (customer_id, first_name, last_name, email, phone_number, signup_date, country, city, loyalty_points) VALUES (96, 'Regina', 'Liu', 'kathleenjones@example.com', '001-480-969-1511', '2024-05-22', 'Palau', 'West Andrewside', 117);
INSERT INTO Customers (customer_id, first_name, last_name, email, phone_number, signup_date, country, city, loyalty_points) VALUES (97, 'Jack', 'Martinez', 'kimberly04@example.com', '001-892-488-8966', '2024-07-24', 'Martinique', 'Lake Haleyshire', 23);
INSERT INTO Customers (customer_id, first_name, last_name, email, phone_number, signup_date, country, city, loyalty_points) VALUES (98, 'Maria', 'Bray', 'millercody@example.org', '645.775.1365', '2025-03-23', 'Grenada', 'North Robert', 53);
INSERT INTO Customers (customer_id, first_name, last_name, email, phone_number, signup_date, country, city, loyalty_points) VALUES (99, 'Renee', 'Roth', 'ryan35@example.com', '001-667-480-1998', '2023-11-15', 'Armenia', 'Davidside', 37);
INSERT INTO Customers (customer_id, first_name, last_name, email, phone_number, signup_date, country, city, loyalty_points) VALUES (100, 'Sarah', 'Smith', 'sarahmeyer@example.net', '219.732.8288', '2025-06-09', 'Mauritania', 'Alexandershire', 128);
INSERT INTO Customers (customer_id, first_name, last_name, email, phone_number, signup_date, country, city, loyalty_points) VALUES (101, 'Christopher', 'Williams', 'nancygarcia@example.org', '4006528670', '2025-08-09', 'Isle of Man', 'Sharpville', 153);
INSERT INTO Customers (customer_id, first_name, last_name, email, phone_number, signup_date, country, city, loyalty_points) VALUES (102, 'Denise', 'Walker', 'abbottjeffrey@example.net', '(215)670-2457', '2025-08-02', 'United Kingdom', 'Lake Michael', 18);
INSERT INTO Customers (customer_id, first_name, last_name, email, phone_number, signup_date, country, city, loyalty_points) VALUES (103, 'Rachel', 'Mahoney', 'karen39@example.org', '810-366-4546', '2024-08-27', 'Oman', 'New Mariastad', 53);
INSERT INTO Customers (customer_id, first_name, last_name, email, phone_number, signup_date, country, city, loyalty_points) VALUES (104, 'Katrina', 'Caldwell', 'jeffrey81@example.org', '919-501-0739', '2024-11-29', 'Cambodia', 'North Donna', 181);
INSERT INTO Customers (customer_id, first_name, last_name, email, phone_number, signup_date, country, city, loyalty_points) VALUES (105, 'Walter', 'Robinson', 'kimberly12@example.net', '(823)910-8393', '2025-02-12', 'Eritrea', 'Lake Randy', 193);
INSERT INTO Customers (customer_id, first_name, last_name, email, phone_number, signup_date, country, city, loyalty_points) VALUES (106, 'Sabrina', 'Jones', 'martinezcharles@example.org', '(312)321-8340', '2025-03-24', 'Svalbard & Jan Mayen Islands', 'West Johnville', 67);
INSERT INTO Customers (customer_id, first_name, last_name, email, phone_number, signup_date, country, city, loyalty_points) VALUES (107, 'Darius', 'Pena', 'timothy33@example.org', '805.298.3937', '2024-12-05', 'Angola', 'Romeroshire', 1);
INSERT INTO Customers (customer_id, first_name, last_name, email, phone_number, signup_date, country, city, loyalty_points) VALUES (108, 'Timothy', 'Aguilar', 'aliciasmith@example.org', '641.290.8902', '2023-10-08', 'Luxembourg', 'East Joelville', 180);
INSERT INTO Customers (customer_id, first_name, last_name, email, phone_number, signup_date, country, city, loyalty_points) VALUES (109, 'Denise', 'Patterson', 'mitchellthomas@example.com', '001-612-416-0399', '2025-01-19', 'Hong Kong', 'Lindseyville', 49);
INSERT INTO Customers (customer_id, first_name, last_name, email, phone_number, signup_date, country, city, loyalty_points) VALUES (110, 'Jamie', 'Marsh', 'allencarrie@example.com', '(780)359-8850', '2025-01-10', 'Portugal', 'Brianhaven', 12);
INSERT INTO Customers (customer_id, first_name, last_name, email, phone_number, signup_date, country, city, loyalty_points) VALUES (111, 'Kevin', 'Little', 'stephanie50@example.org', '+1-629-211-6577', '2024-06-21', 'Korea', 'Elizabethton', 140);
INSERT INTO Customers (customer_id, first_name, last_name, email, phone_number, signup_date, country, city, loyalty_points) VALUES (112, 'Kathleen', 'Harris', 'william15@example.net', '571-332-2495', '2024-07-05', 'Bhutan', 'Matthewsberg', 18);
INSERT INTO Customers (customer_id, first_name, last_name, email, phone_number, signup_date, country, city, loyalty_points) VALUES (113, 'Timothy', 'Mason', 'swilliams@example.org', '729.216.7481', '2024-04-01', 'United States of America', 'North Chad', 189);
INSERT INTO Customers (customer_id, first_name, last_name, email, phone_number, signup_date, country, city, loyalty_points) VALUES (114, 'Ethan', 'Bonilla', 'hrodriguez@example.org', '628-344-4614', '2025-06-25', 'Israel', 'Melaniefurt', 95);
INSERT INTO Customers (customer_id, first_name, last_name, email, phone_number, signup_date, country, city, loyalty_points) VALUES (115, 'Gary', 'Chavez', 'chelsea07@example.com', '393-563-3988', '2024-03-05', 'Ireland', 'Port Rodney', 144);
INSERT INTO Customers (customer_id, first_name, last_name, email, phone_number, signup_date, country, city, loyalty_points) VALUES (116, 'Megan', 'Peterson', 'frank83@example.org', '001-259-981-9041', '2024-04-28', 'Maldives', 'North Lauraport', 186);
INSERT INTO Customers (customer_id, first_name, last_name, email, phone_number, signup_date, country, city, loyalty_points) VALUES (117, 'Alison', 'May', 'sandrasaunders@example.net', '+1-446-715-0517', '2024-08-07', 'Cambodia', 'Norrisport', 194);
INSERT INTO Customers (customer_id, first_name, last_name, email, phone_number, signup_date, country, city, loyalty_points) VALUES (118, 'Gerald', 'Powell', 'candacewilliams@example.com', '457-757-6650', '2025-08-06', 'Afghanistan', 'Smithfort', 130);
INSERT INTO Customers (customer_id, first_name, last_name, email, phone_number, signup_date, country, city, loyalty_points) VALUES (119, 'Justin', 'Esparza', 'gconner@example.org', '3375055557', '2025-06-06', 'Saudi Arabia', 'Chambersshire', 49);
INSERT INTO Customers (customer_id, first_name, last_name, email, phone_number, signup_date, country, city, loyalty_points) VALUES (120, 'Robert', 'Davis', 'hollowayrichard@example.org', '334.375.8923', '2025-02-12', 'Jersey', 'Riverafurt', 94);
INSERT INTO Customers (customer_id, first_name, last_name, email, phone_number, signup_date, country, city, loyalty_points) VALUES (121, 'Tracy', 'Lara', 'skinnerkyle@example.net', '+1-978-374-6633', '2023-09-24', 'Svalbard & Jan Mayen Islands', 'Stephanietown', 64);
INSERT INTO Customers (customer_id, first_name, last_name, email, phone_number, signup_date, country, city, loyalty_points) VALUES (122, 'Michael', 'Murphy', 'samuel28@example.net', '(441)995-8977', '2025-08-02', 'Benin', 'Meyershire', 51);
INSERT INTO Customers (customer_id, first_name, last_name, email, phone_number, signup_date, country, city, loyalty_points) VALUES (123, 'Elizabeth', 'Hall', 'keith30@example.com', '(733)809-2554', '2025-04-12', 'Benin', 'West Samantha', 146);
INSERT INTO Customers (customer_id, first_name, last_name, email, phone_number, signup_date, country, city, loyalty_points) VALUES (124, 'Michael', 'Thompson', 'utucker@example.net', '+1-740-724-6175', '2024-11-05', 'Cuba', 'North Jonathonland', 71);
INSERT INTO Customers (customer_id, first_name, last_name, email, phone_number, signup_date, country, city, loyalty_points) VALUES (125, 'Michael', 'Simmons', 'ogarcia@example.net', '001-256-342-5469', '2025-05-27', 'Macao', 'Grantton', 7);
INSERT INTO Customers (customer_id, first_name, last_name, email, phone_number, signup_date, country, city, loyalty_points) VALUES (126, 'Michael', 'Peters', 'mcgeebenjamin@example.com', '2146246801', '2024-12-14', 'Uganda', 'Sarahmouth', 90);
INSERT INTO Customers (customer_id, first_name, last_name, email, phone_number, signup_date, country, city, loyalty_points) VALUES (127, 'Yesenia', 'Suarez', 'mejiakristine@example.net', '+1-934-806-5925', '2024-01-30', 'Madagascar', 'South Mirandachester', 154);
INSERT INTO Customers (customer_id, first_name, last_name, email, phone_number, signup_date, country, city, loyalty_points) VALUES (128, 'Jim', 'Wright', 'jonesalexander@example.com', '742-726-7408', '2024-12-11', 'Norway', 'Samuelberg', 49);
INSERT INTO Customers (customer_id, first_name, last_name, email, phone_number, signup_date, country, city, loyalty_points) VALUES (129, 'Michael', 'Garcia', 'tamaramays@example.com', '643-211-7112', '2023-11-25', 'Zambia', 'Steinmouth', 72);
INSERT INTO Customers (customer_id, first_name, last_name, email, phone_number, signup_date, country, city, loyalty_points) VALUES (130, 'Jon', 'Gonzalez', 'jhudson@example.org', '(748)411-2456', '2024-04-10', 'Malta', 'New Kenneth', 41);
INSERT INTO Customers (customer_id, first_name, last_name, email, phone_number, signup_date, country, city, loyalty_points) VALUES (131, 'Elizabeth', 'Bailey', 'williamssean@example.net', '(885)669-7125', '2025-07-13', 'Mozambique', 'New Aprilville', 165);
INSERT INTO Customers (customer_id, first_name, last_name, email, phone_number, signup_date, country, city, loyalty_points) VALUES (132, 'Gabriel', 'Clark', 'alyssaskinner@example.net', '(813)596-3133', '2025-02-08', 'Uzbekistan', 'Smithview', 138);
INSERT INTO Customers (customer_id, first_name, last_name, email, phone_number, signup_date, country, city, loyalty_points) VALUES (133, 'Laurie', 'Allen', 'eallen@example.org', '552-909-5520', '2025-05-06', 'Israel', 'North Heatherhaven', 65);
INSERT INTO Customers (customer_id, first_name, last_name, email, phone_number, signup_date, country, city, loyalty_points) VALUES (134, 'Vanessa', 'Jones', 'angela39@example.org', '(278)765-6129', '2023-09-22', 'Peru', 'Reesechester', 146);
INSERT INTO Customers (customer_id, first_name, last_name, email, phone_number, signup_date, country, city, loyalty_points) VALUES (135, 'Andrew', 'Galloway', 'patricia82@example.net', '+1-641-329-0021', '2025-08-02', 'Venezuela', 'North Nicholas', 37);
INSERT INTO Customers (customer_id, first_name, last_name, email, phone_number, signup_date, country, city, loyalty_points) VALUES (136, 'Kevin', 'Nelson', 'powellstuart@example.net', '(571)648-5993', '2024-12-06', 'Bolivia', 'East Stephanieville', 87);
INSERT INTO Customers (customer_id, first_name, last_name, email, phone_number, signup_date, country, city, loyalty_points) VALUES (137, 'Richard', 'Lewis', 'tyronegood@example.net', '(250)543-8113', '2024-12-01', 'Marshall Islands', 'Kimberlyhaven', 57);
INSERT INTO Customers (customer_id, first_name, last_name, email, phone_number, signup_date, country, city, loyalty_points) VALUES (138, 'Richard', 'Mcgrath', 'weekssierra@example.net', '(452)379-5551', '2024-04-06', 'Gibraltar', 'North Danielle', 17);
INSERT INTO Customers (customer_id, first_name, last_name, email, phone_number, signup_date, country, city, loyalty_points) VALUES (139, 'Audrey', 'Daniels', 'michele12@example.com', '306-600-3594', '2025-03-23', 'Greece', 'Abbottfort', 50);
INSERT INTO Customers (customer_id, first_name, last_name, email, phone_number, signup_date, country, city, loyalty_points) VALUES (140, 'Sarah', 'Chambers', 'andersonjeffrey@example.net', '437.712.7367', '2025-04-26', 'French Guiana', 'Lake Melanie', 30);
INSERT INTO Customers (customer_id, first_name, last_name, email, phone_number, signup_date, country, city, loyalty_points) VALUES (141, 'Craig', 'Carson', 'srodgers@example.net', '558.246.8339', '2024-08-31', 'Belize', 'Kevintown', 125);
INSERT INTO Customers (customer_id, first_name, last_name, email, phone_number, signup_date, country, city, loyalty_points) VALUES (142, 'Robert', 'Dean', 'vargaskelly@example.org', '2104069714', '2024-08-04', 'Libyan Arab Jamahiriya', 'Acostaville', 171);
INSERT INTO Customers (customer_id, first_name, last_name, email, phone_number, signup_date, country, city, loyalty_points) VALUES (143, 'Jeff', 'Thompson', 'srios@example.net', '(932)647-3231', '2023-10-26', 'Botswana', 'Amyton', 194);
INSERT INTO Customers (customer_id, first_name, last_name, email, phone_number, signup_date, country, city, loyalty_points) VALUES (144, 'Linda', 'Webb', 'james86@example.com', '001-734-929-8984', '2023-09-21', 'Slovakia (Slovak Republic)', 'Lake Aaronhaven', 88);
INSERT INTO Customers (customer_id, first_name, last_name, email, phone_number, signup_date, country, city, loyalty_points) VALUES (145, 'Julia', 'Arias', 'danielle92@example.org', '(392)890-8606', '2025-02-21', 'Northern Mariana Islands', 'Port Jenniferville', 9);
INSERT INTO Customers (customer_id, first_name, last_name, email, phone_number, signup_date, country, city, loyalty_points) VALUES (146, 'Kathryn', 'Wise', 'carolinebanks@example.org', '+1-855-914-3681', '2025-03-25', 'Nigeria', 'New Alexanderfurt', 41);
INSERT INTO Customers (customer_id, first_name, last_name, email, phone_number, signup_date, country, city, loyalty_points) VALUES (147, 'Amanda', 'Murray', 'carmenjohnson@example.org', '(658)519-0441', '2024-02-01', 'Bahamas', 'East Timothymouth', 174);
INSERT INTO Customers (customer_id, first_name, last_name, email, phone_number, signup_date, country, city, loyalty_points) VALUES (148, 'Daniel', 'Lewis', 'swilliams@example.net', '001-535-963-4790', '2024-11-05', 'Timor-Leste', 'Port Laurafort', 127);
INSERT INTO Customers (customer_id, first_name, last_name, email, phone_number, signup_date, country, city, loyalty_points) VALUES (149, 'Alan', 'Smith', 'jason02@example.net', '842-850-2730', '2024-10-05', 'China', 'Justinshire', 178);
INSERT INTO Customers (customer_id, first_name, last_name, email, phone_number, signup_date, country, city, loyalty_points) VALUES (150, 'Michael', 'Cook', 'iwhite@example.com', '(303)293-1349', '2024-07-23', 'Panama', 'South Morganchester', 81);
INSERT INTO Customers (customer_id, first_name, last_name, email, phone_number, signup_date, country, city, loyalty_points) VALUES (151, 'Luis', 'Suarez', 'brianna65@example.net', '001-332-708-0932', '2024-08-30', 'Lithuania', 'South Kaylaland', 25);
INSERT INTO Customers (customer_id, first_name, last_name, email, phone_number, signup_date, country, city, loyalty_points) VALUES (152, 'Tammy', 'Snow', 'igonzales@example.org', '8073213878', '2023-10-15', 'Belgium', 'North Loganhaven', 88);
INSERT INTO Customers (customer_id, first_name, last_name, email, phone_number, signup_date, country, city, loyalty_points) VALUES (153, 'Sandra', 'Bradley', 'rachel13@example.net', '9353229503', '2024-10-24', 'Slovakia (Slovak Republic)', 'Hendrickstown', 140);
INSERT INTO Customers (customer_id, first_name, last_name, email, phone_number, signup_date, country, city, loyalty_points) VALUES (154, 'Amanda', 'Marsh', 'bsalazar@example.net', '(293)940-6678', '2023-12-22', 'Singapore', 'Meyersfurt', 185);
INSERT INTO Customers (customer_id, first_name, last_name, email, phone_number, signup_date, country, city, loyalty_points) VALUES (155, 'David', 'Kerr', 'vmatthews@example.net', '(857)589-3180', '2023-12-31', 'Guatemala', 'Caitlinland', 145);
INSERT INTO Customers (customer_id, first_name, last_name, email, phone_number, signup_date, country, city, loyalty_points) VALUES (156, 'Michael', 'Reed', 'joshua88@example.com', '5807612900', '2024-02-15', 'Barbados', 'South Lindsey', 196);
INSERT INTO Customers (customer_id, first_name, last_name, email, phone_number, signup_date, country, city, loyalty_points) VALUES (157, 'Diana', 'Haynes', 'kimberly65@example.com', '001-532-409-3473', '2025-03-27', 'Suriname', 'Port Brianport', 53);
INSERT INTO Customers (customer_id, first_name, last_name, email, phone_number, signup_date, country, city, loyalty_points) VALUES (158, 'Rachel', 'Johnson', 'evelynjones@example.net', '865.365.9527', '2025-02-17', 'India', 'Abigailfort', 121);
INSERT INTO Customers (customer_id, first_name, last_name, email, phone_number, signup_date, country, city, loyalty_points) VALUES (159, 'Elizabeth', 'Marshall', 'moyerrebecca@example.org', '284-353-1649', '2024-01-29', 'Hungary', 'Justinmouth', 102);
INSERT INTO Customers (customer_id, first_name, last_name, email, phone_number, signup_date, country, city, loyalty_points) VALUES (160, 'Gary', 'Briggs', 'sara06@example.org', '(327)828-8307', '2023-11-10', 'Swaziland', 'West Karlaberg', 26);
INSERT INTO Customers (customer_id, first_name, last_name, email, phone_number, signup_date, country, city, loyalty_points) VALUES (161, 'Heather', 'Wiley', 'stevencooper@example.com', '684-402-3814', '2024-07-28', 'Ethiopia', 'Port Jenniferborough', 165);
INSERT INTO Customers (customer_id, first_name, last_name, email, phone_number, signup_date, country, city, loyalty_points) VALUES (162, 'Charles', 'Miller', 'jessicavasquez@example.org', '+1-797-352-3185', '2023-12-31', 'Western Sahara', 'Aguilarberg', 53);
INSERT INTO Customers (customer_id, first_name, last_name, email, phone_number, signup_date, country, city, loyalty_points) VALUES (163, 'Robert', 'Nguyen', 'brianna32@example.com', '838.915.3705', '2025-06-02', 'Fiji', 'Danielleshire', 62);
INSERT INTO Customers (customer_id, first_name, last_name, email, phone_number, signup_date, country, city, loyalty_points) VALUES (164, 'Robin', 'Gordon', 'bridgetjohnston@example.org', '001-396-745-7126', '2024-11-24', 'Sudan', 'North Cynthia', 51);
INSERT INTO Customers (customer_id, first_name, last_name, email, phone_number, signup_date, country, city, loyalty_points) VALUES (165, 'Julie', 'Wilson', 'vegasara@example.org', '943-579-4353', '2025-07-05', 'Tanzania', 'Hardybury', 73);
INSERT INTO Customers (customer_id, first_name, last_name, email, phone_number, signup_date, country, city, loyalty_points) VALUES (166, 'Kyle', 'Gallegos', 'robin59@example.net', '616-265-9933', '2025-03-16', 'Hong Kong', 'South Michaelmouth', 141);
INSERT INTO Customers (customer_id, first_name, last_name, email, phone_number, signup_date, country, city, loyalty_points) VALUES (167, 'Christopher', 'Figueroa', 'robertrogers@example.org', '001-622-287-7794', '2023-09-27', 'Guadeloupe', 'Emmahaven', 106);
INSERT INTO Customers (customer_id, first_name, last_name, email, phone_number, signup_date, country, city, loyalty_points) VALUES (168, 'Andrew', 'Nolan', 'mary32@example.net', '(742)918-3898', '2023-12-17', 'French Polynesia', 'Michaelville', 52);
INSERT INTO Customers (customer_id, first_name, last_name, email, phone_number, signup_date, country, city, loyalty_points) VALUES (169, 'William', 'Wagner', 'xhunter@example.org', '001-569-612-7939', '2024-08-29', 'Chile', 'Jenkinsland', 124);
INSERT INTO Customers (customer_id, first_name, last_name, email, phone_number, signup_date, country, city, loyalty_points) VALUES (170, 'Matthew', 'Hess', 'brandon70@example.com', '001-836-597-6264', '2024-07-04', 'Iceland', 'Lake Stephanie', 56);
INSERT INTO Customers (customer_id, first_name, last_name, email, phone_number, signup_date, country, city, loyalty_points) VALUES (171, 'Robert', 'Jones', 'carmen09@example.org', '548-487-3305', '2025-03-02', 'French Polynesia', 'Mitchellville', 92);
INSERT INTO Customers (customer_id, first_name, last_name, email, phone_number, signup_date, country, city, loyalty_points) VALUES (172, 'Rachel', 'Gould', 'alexandra92@example.com', '+1-806-444-8533', '2023-11-12', 'Chile', 'North Henry', 49);
INSERT INTO Customers (customer_id, first_name, last_name, email, phone_number, signup_date, country, city, loyalty_points) VALUES (173, 'Jason', 'Welch', 'javierjenkins@example.net', '(577)695-4309', '2023-12-28', 'Timor-Leste', 'Jasonside', 190);
INSERT INTO Customers (customer_id, first_name, last_name, email, phone_number, signup_date, country, city, loyalty_points) VALUES (174, 'Susan', 'Ferguson', 'laurahenderson@example.org', '001-630-357-4145', '2024-05-25', 'Wallis and Futuna', 'Lake Tammy', 186);
INSERT INTO Customers (customer_id, first_name, last_name, email, phone_number, signup_date, country, city, loyalty_points) VALUES (175, 'Nicole', 'Day', 'vlewis@example.com', '(995)848-2332', '2025-02-01', 'Bermuda', 'South Heather', 181);
INSERT INTO Customers (customer_id, first_name, last_name, email, phone_number, signup_date, country, city, loyalty_points) VALUES (176, 'Denise', 'Haley', 'mirandaadams@example.com', '575-782-3646', '2023-12-08', 'Fiji', 'Keithside', 105);
INSERT INTO Customers (customer_id, first_name, last_name, email, phone_number, signup_date, country, city, loyalty_points) VALUES (177, 'Nancy', 'Brock', 'operez@example.com', '576-293-2215', '2023-12-26', 'Dominican Republic', 'Brooksville', 166);
INSERT INTO Customers (customer_id, first_name, last_name, email, phone_number, signup_date, country, city, loyalty_points) VALUES (178, 'Leon', 'Sheppard', 'donaldsanchez@example.org', '674.840.2484', '2024-12-17', 'Dominica', 'Port Timothy', 195);
INSERT INTO Customers (customer_id, first_name, last_name, email, phone_number, signup_date, country, city, loyalty_points) VALUES (179, 'David', 'Reyes', 'jonesgrant@example.net', '(453)909-7815', '2023-11-24', 'Nepal', 'Snyderport', 118);
INSERT INTO Customers (customer_id, first_name, last_name, email, phone_number, signup_date, country, city, loyalty_points) VALUES (180, 'Brittany', 'Noble', 'jcastro@example.com', '540.217.4986x638', '2023-12-05', 'Saint Barthelemy', 'North Kevin', 179);
INSERT INTO Customers (customer_id, first_name, last_name, email, phone_number, signup_date, country, city, loyalty_points) VALUES (181, 'Jennifer', 'Hatfield', 'alex52@example.net', '9714458344', '2024-10-17', 'Latvia', 'Lake Jasminemouth', 93);
INSERT INTO Customers (customer_id, first_name, last_name, email, phone_number, signup_date, country, city, loyalty_points) VALUES (182, 'Matthew', 'Carr', 'bowenadam@example.com', '001-334-505-2311', '2023-11-30', 'Canada', 'North Johnburgh', 8);
INSERT INTO Customers (customer_id, first_name, last_name, email, phone_number, signup_date, country, city, loyalty_points) VALUES (183, 'Thomas', 'Parsons', 'belindafisher@example.net', '(383)704-3896', '2024-10-04', 'Hong Kong', 'Ginaborough', 160);
INSERT INTO Customers (customer_id, first_name, last_name, email, phone_number, signup_date, country, city, loyalty_points) VALUES (184, 'James', 'Little', 'raymondberry@example.org', '284.247.3995', '2025-03-14', 'Tanzania', 'Frankton', 120);
INSERT INTO Customers (customer_id, first_name, last_name, email, phone_number, signup_date, country, city, loyalty_points) VALUES (185, 'Ian', 'Carey', 'aimeenichols@example.net', '+1-557-220-3078', '2024-10-09', 'Lithuania', 'Jacobstown', 22);
INSERT INTO Customers (customer_id, first_name, last_name, email, phone_number, signup_date, country, city, loyalty_points) VALUES (186, 'Ricky', 'Scott', 'harrisbrooke@example.net', '407-467-1732', '2024-03-22', 'Nicaragua', 'Port Peterville', 175);
INSERT INTO Customers (customer_id, first_name, last_name, email, phone_number, signup_date, country, city, loyalty_points) VALUES (187, 'Christopher', 'Fernandez', 'hannah61@example.net', '745-918-4781', '2024-09-08', 'Kenya', 'Jeffreyfurt', 36);
INSERT INTO Customers (customer_id, first_name, last_name, email, phone_number, signup_date, country, city, loyalty_points) VALUES (188, 'Stephen', 'Davis', 'jacobskelly@example.net', '+1-480-460-4592', '2024-09-02', 'Zambia', 'New Nicholas', 190);
INSERT INTO Customers (customer_id, first_name, last_name, email, phone_number, signup_date, country, city, loyalty_points) VALUES (189, 'Daniel', 'Ferguson', 'tiffany22@example.net', '558-821-33070', '2024-07-20', 'South Georgia and the South Sandwich Islands', 'Kyleside', 195);
INSERT INTO Customers (customer_id, first_name, last_name, email, phone_number, signup_date, country, city, loyalty_points) VALUES (190, 'Martin', 'Ibarra', 'smallashley@example.com', '845.630.9455', '2025-07-25', 'Cuba', 'Bradland', 16);
INSERT INTO Customers (customer_id, first_name, last_name, email, phone_number, signup_date, country, city, loyalty_points) VALUES (191, 'Andrew', 'Russell', 'kevinwilson@example.com', '533.880.3447', '2024-01-02', 'Angola', 'South Noah', 100);
INSERT INTO Customers (customer_id, first_name, last_name, email, phone_number, signup_date, country, city, loyalty_points) VALUES (192, 'John', 'Torres', 'terrydeborah@example.org', '+1-383-551-3000', '2023-09-19', 'Ukraine', 'East Angela', 109);
INSERT INTO Customers (customer_id, first_name, last_name, email, phone_number, signup_date, country, city, loyalty_points) VALUES (193, 'Rodney', 'West', 'allisonvega@example.org', '(481)304-0497', '2024-05-09', 'United Arab Emirates', 'Bakershire', 88);
INSERT INTO Customers (customer_id, first_name, last_name, email, phone_number, signup_date, country, city, loyalty_points) VALUES (194, 'Charles', 'Sherman', 'barbersergio@example.net', '+1-494-341-7603', '2024-03-11', 'Cameroon', 'Taylorchester', 165);
INSERT INTO Customers (customer_id, first_name, last_name, email, phone_number, signup_date, country, city, loyalty_points) VALUES (195, 'Bianca', 'Smith', 'ljackson@example.com', '001-606-927-5368', '2024-01-14', 'Ethiopia', 'West Heather', 90);
INSERT INTO Customers (customer_id, first_name, last_name, email, phone_number, signup_date, country, city, loyalty_points) VALUES (196, 'Michael', 'Olsen', 'lisaburke@example.org', '869.344.5727', '2025-01-09', 'Chile', 'Morrisonside', 35);
INSERT INTO Customers (customer_id, first_name, last_name, email, phone_number, signup_date, country, city, loyalty_points) VALUES (197, 'Crystal', 'Reilly', 'yvonne69@example.com', '303-830-0661', '2024-10-20', 'Mali', 'South Kimberly', 75);
INSERT INTO Customers (customer_id, first_name, last_name, email, phone_number, signup_date, country, city, loyalty_points) VALUES (198, 'Martha', 'Foster', 'derrickjenkins@example.net', '+1-817-677-3331', '2024-09-21', 'Bulgaria', 'Jeremiahmouth', 65);
INSERT INTO Customers (customer_id, first_name, last_name, email, phone_number, signup_date, country, city, loyalty_points) VALUES (199, 'Phyllis', 'Hamilton', 'jcastillo@example.org', '(539)867-4167', '2024-05-17', 'Belarus', 'South Daniel', 186);
INSERT INTO Customers (customer_id, first_name, last_name, email, phone_number, signup_date, country, city, loyalty_points) VALUES (200, 'Amanda', 'Sutton', 'chavezjames@example.net', '001-797-512-3684', '2024-12-14', 'Mayotte', 'West Joshuamouth', 126);
INSERT INTO Categories (category_id, category_name, parent_category_id) VALUES (1, 'Category1', NULL);
INSERT INTO Categories (category_id, category_name, parent_category_id) VALUES (2, 'Category2', NULL);
INSERT INTO Categories (category_id, category_name, parent_category_id) VALUES (3, 'Category3', NULL);
INSERT INTO Categories (category_id, category_name, parent_category_id) VALUES (4, 'Category4', NULL);
INSERT INTO Categories (category_id, category_name, parent_category_id) VALUES (5, 'Category5', NULL);
INSERT INTO Categories (category_id, category_name, parent_category_id) VALUES (6, 'Category6', NULL);
INSERT INTO Categories (category_id, category_name, parent_category_id) VALUES (7, 'Category7', NULL);
INSERT INTO Categories (category_id, category_name, parent_category_id) VALUES (8, 'Category8', NULL);
INSERT INTO Categories (category_id, category_name, parent_category_id) VALUES (9, 'Category9', NULL);
INSERT INTO Categories (category_id, category_name, parent_category_id) VALUES (10, 'Category10', NULL);
INSERT INTO Categories (category_id, category_name, parent_category_id) VALUES (11, 'SubCategory11', 3);
INSERT INTO Categories (category_id, category_name, parent_category_id) VALUES (12, 'SubCategory12', 3);
INSERT INTO Categories (category_id, category_name, parent_category_id) VALUES (13, 'SubCategory13', 7);
INSERT INTO Categories (category_id, category_name, parent_category_id) VALUES (14, 'SubCategory14', 3);
INSERT INTO Categories (category_id, category_name, parent_category_id) VALUES (15, 'SubCategory15', 5);
INSERT INTO Categories (category_id, category_name, parent_category_id) VALUES (16, 'SubCategory16', 3);
INSERT INTO Categories (category_id, category_name, parent_category_id) VALUES (17, 'SubCategory17', 9);
INSERT INTO Categories (category_id, category_name, parent_category_id) VALUES (18, 'SubCategory18', 5);
INSERT INTO Categories (category_id, category_name, parent_category_id) VALUES (19, 'SubCategory19', 4);
INSERT INTO Categories (category_id, category_name, parent_category_id) VALUES (20, 'SubCategory20', 4);
INSERT INTO Products (product_id, product_name, category_id, brand, price, stock_quantity, created_at) VALUES (1, 'Product1', 6, 'Brand9', 378.16, 258, '2024-04-16');
INSERT INTO Products (product_id, product_name, category_id, brand, price, stock_quantity, created_at) VALUES (2, 'Product2', 7, 'Brand5', 994.42, 220, '2024-08-28');
INSERT INTO Products (product_id, product_name, category_id, brand, price, stock_quantity, created_at) VALUES (3, 'Product3', 17, 'Brand10', 766.82, 42, '2024-01-20');
INSERT INTO Products (product_id, product_name, category_id, brand, price, stock_quantity, created_at) VALUES (4, 'Product4', 4, 'Brand4', 178.0, 274, '2024-05-18');
INSERT INTO Products (product_id, product_name, category_id, brand, price, stock_quantity, created_at) VALUES (5, 'Product5', 12, 'Brand3', 998.8, 318, '2024-12-09');
INSERT INTO Products (product_id, product_name, category_id, brand, price, stock_quantity, created_at) VALUES (6, 'Product6', 7, 'Brand6', 172.34, 438, '2024-04-08');
INSERT INTO Products (product_id, product_name, category_id, brand, price, stock_quantity, created_at) VALUES (7, 'Product7', 16, 'Brand7', 938.78, 246, '2024-11-26');
INSERT INTO Products (product_id, product_name, category_id, brand, price, stock_quantity, created_at) VALUES (8, 'Product8', 3, 'Brand5', 89.87, 45, '2025-03-15');
INSERT INTO Products (product_id, product_name, category_id, brand, price, stock_quantity, created_at) VALUES (9, 'Product9', 9, 'Brand5', 189.37, 150, '2025-01-05');
INSERT INTO Products (product_id, product_name, category_id, brand, price, stock_quantity, created_at) VALUES (10, 'Product10', 11, 'Brand2', 387.44, 454, '2024-12-18');
INSERT INTO Products (product_id, product_name, category_id, brand, price, stock_quantity, created_at) VALUES (11, 'Product11', 8, 'Brand6', 91.24, 328, '2024-04-25');
INSERT INTO Products (product_id, product_name, category_id, brand, price, stock_quantity, created_at) VALUES (12, 'Product12', 16, 'Brand1', 876.21, 414, '2024-03-31');
INSERT INTO Products (product_id, product_name, category_id, brand, price, stock_quantity, created_at) VALUES (13, 'Product13', 4, 'Brand4', 948.41, 215, '2025-06-11');
INSERT INTO Products (product_id, product_name, category_id, brand, price, stock_quantity, created_at) VALUES (14, 'Product14', 8, 'Brand4', 281.28, 284, '2025-04-11');
INSERT INTO Products (product_id, product_name, category_id, brand, price, stock_quantity, created_at) VALUES (15, 'Product15', 2, 'Brand5', 502.56, 243, '2024-12-02');
INSERT INTO Products (product_id, product_name, category_id, brand, price, stock_quantity, created_at) VALUES (16, 'Product16', 7, 'Brand1', 821.61, 226, '2024-11-13');
INSERT INTO Products (product_id, product_name, category_id, brand, price, stock_quantity, created_at) VALUES (17, 'Product17', 15, 'Brand7', 373.41, 466, '2023-09-12');
INSERT INTO Products (product_id, product_name, category_id, brand, price, stock_quantity, created_at) VALUES (18, 'Product18', 11, 'Brand8', 616.56, 150, '2025-07-19');
INSERT INTO Products (product_id, product_name, category_id, brand, price, stock_quantity, created_at) VALUES (19, 'Product19', 12, 'Brand7', 812.32, 424, '2025-05-03');
INSERT INTO Products (product_id, product_name, category_id, brand, price, stock_quantity, created_at) VALUES (20, 'Product20', 6, 'Brand5', 575.89, 44, '2024-05-16');
INSERT INTO Products (product_id, product_name, category_id, brand, price, stock_quantity, created_at) VALUES (21, 'Product21', 2, 'Brand7', 763.24, 203, '2023-09-03');
INSERT INTO Products (product_id, product_name, category_id, brand, price, stock_quantity, created_at) VALUES (22, 'Product22', 11, 'Brand5', 971.19, 28, '2025-01-12');
INSERT INTO Products (product_id, product_name, category_id, brand, price, stock_quantity, created_at) VALUES (23, 'Product23', 17, 'Brand6', 162.45, 390, '2024-06-24');
INSERT INTO Products (product_id, product_name, category_id, brand, price, stock_quantity, created_at) VALUES (24, 'Product24', 12, 'Brand1', 17.31, 429, '2024-04-07');
INSERT INTO Products (product_id, product_name, category_id, brand, price, stock_quantity, created_at) VALUES (25, 'Product25', 12, 'Brand10', 765.37, 254, '2023-10-14');
INSERT INTO Products (product_id, product_name, category_id, brand, price, stock_quantity, created_at) VALUES (26, 'Product26', 19, 'Brand4', 720.75, 12, '2024-02-20');
INSERT INTO Products (product_id, product_name, category_id, brand, price, stock_quantity, created_at) VALUES (27, 'Product27', 9, 'Brand5', 936.84, 190, '2023-09-19');
INSERT INTO Products (product_id, product_name, category_id, brand, price, stock_quantity, created_at) VALUES (28, 'Product28', 2, 'Brand10', 465.74, 179, '2024-11-26');
INSERT INTO Products (product_id, product_name, category_id, brand, price, stock_quantity, created_at) VALUES (29, 'Product29', 17, 'Brand8', 70.25, 316, '2024-09-20');
INSERT INTO Products (product_id, product_name, category_id, brand, price, stock_quantity, created_at) VALUES (30, 'Product30', 1, 'Brand3', 121.85, 75, '2025-04-10');
INSERT INTO Products (product_id, product_name, category_id, brand, price, stock_quantity, created_at) VALUES (31, 'Product31', 19, 'Brand1', 924.76, 123, '2025-06-25');
INSERT INTO Products (product_id, product_name, category_id, brand, price, stock_quantity, created_at) VALUES (32, 'Product32', 9, 'Brand7', 719.68, 490, '2023-12-22');
INSERT INTO Products (product_id, product_name, category_id, brand, price, stock_quantity, created_at) VALUES (33, 'Product33', 4, 'Brand10', 300.56, 446, '2023-12-29');
INSERT INTO Products (product_id, product_name, category_id, brand, price, stock_quantity, created_at) VALUES (34, 'Product34', 1, 'Brand1', 439.24, 11, '2024-03-27');
INSERT INTO Products (product_id, product_name, category_id, brand, price, stock_quantity, created_at) VALUES (35, 'Product35', 13, 'Brand3', 786.48, 218, '2023-10-04');
INSERT INTO Products (product_id, product_name, category_id, brand, price, stock_quantity, created_at) VALUES (36, 'Product36', 9, 'Brand8', 25.55, 60, '2024-06-29');
INSERT INTO Products (product_id, product_name, category_id, brand, price, stock_quantity, created_at) VALUES (37, 'Product37', 6, 'Brand7', 436.04, 192, '2024-10-26');
INSERT INTO Products (product_id, product_name, category_id, brand, price, stock_quantity, created_at) VALUES (38, 'Product38', 17, 'Brand1', 372.92, 474, '2024-06-09');
INSERT INTO Products (product_id, product_name, category_id, brand, price, stock_quantity, created_at) VALUES (39, 'Product39', 9, 'Brand9', 229.96, 121, '2025-01-31');
INSERT INTO Products (product_id, product_name, category_id, brand, price, stock_quantity, created_at) VALUES (40, 'Product40', 18, 'Brand9', 236.92, 19, '2024-06-03');
INSERT INTO Products (product_id, product_name, category_id, brand, price, stock_quantity, created_at) VALUES (41, 'Product41', 1, 'Brand3', 588.66, 408, '2024-02-04');
INSERT INTO Products (product_id, product_name, category_id, brand, price, stock_quantity, created_at) VALUES (42, 'Product42', 14, 'Brand6', 101.03, 134, '2024-12-21');
INSERT INTO Products (product_id, product_name, category_id, brand, price, stock_quantity, created_at) VALUES (43, 'Product43', 9, 'Brand9', 869.93, 393, '2024-02-25');
INSERT INTO Products (product_id, product_name, category_id, brand, price, stock_quantity, created_at) VALUES (44, 'Product44', 9, 'Brand7', 455.62, 333, '2024-11-13');
INSERT INTO Products (product_id, product_name, category_id, brand, price, stock_quantity, created_at) VALUES (45, 'Product45', 18, 'Brand4', 632.88, 369, '2023-09-06');
INSERT INTO Products (product_id, product_name, category_id, brand, price, stock_quantity, created_at) VALUES (46, 'Product46', 14, 'Brand6', 927.97, 471, '2024-04-27');
INSERT INTO Products (product_id, product_name, category_id, brand, price, stock_quantity, created_at) VALUES (47, 'Product47', 14, 'Brand1', 802.45, 202, '2025-04-26');
INSERT INTO Products (product_id, product_name, category_id, brand, price, stock_quantity, created_at) VALUES (48, 'Product48', 1, 'Brand10', 470.55, 449, '2024-11-24');
INSERT INTO Products (product_id, product_name, category_id, brand, price, stock_quantity, created_at) VALUES (49, 'Product49', 4, 'Brand3', 244.62, 17, '2025-02-06');
INSERT INTO Products (product_id, product_name, category_id, brand, price, stock_quantity, created_at) VALUES (50, 'Product50', 13, 'Brand7', 926.25, 490, '2025-05-03');
INSERT INTO Orders (order_id, customer_id, order_date, status, shipping_address, total_amount) VALUES (1, 33, '2025-08-02 06:13:52.678561', 'Shipped', '34129 Mckenzie Knolls Apt. 403 Zacharyside, NJ 34210', 420.52);
INSERT INTO Order_Items (order_item_id, order_id, product_id, quantity, unit_price, discount) VALUES (NULL, 1, 27, 2, 266.7, 0);
INSERT INTO Order_Items (order_item_id, order_id, product_id, quantity, unit_price, discount) VALUES (NULL, 1, 24, 3, 338.56, 5);
INSERT INTO Order_Items (order_item_id, order_id, product_id, quantity, unit_price, discount) VALUES (NULL, 1, 43, 1, 265.76, 15);
INSERT INTO Order_Items (order_item_id, order_id, product_id, quantity, unit_price, discount) VALUES (NULL, 1, 48, 3, 481.33, 10);
INSERT INTO Order_Items (order_item_id, order_id, product_id, quantity, unit_price, discount) VALUES (NULL, 1, 46, 3, 441.49, 0);
INSERT INTO Payments (payment_id, order_id, payment_date, payment_method, amount, currency) VALUES (NULL, 1, '2025-01-06 02:50:55.381379', 'Credit Card', 420.52, 'USD');
INSERT INTO Shipping (shipping_id, order_id, carrier, tracking_number, ship_date, delivery_date, status) VALUES (NULL, 1, 'FedEx', 'TRK000001', '2025-02-23', '2025-02-27', 'Delivered');
INSERT INTO Orders (order_id, customer_id, order_date, status, shipping_address, total_amount) VALUES (2, 50, '2025-08-14 02:27:48.002635', 'Shipped', '21848 Claire Parkway North Nina, SD 77467', 719.12);
INSERT INTO Order_Items (order_item_id, order_id, product_id, quantity, unit_price, discount) VALUES (NULL, 2, 48, 1, 36.94, 5);
INSERT INTO Order_Items (order_item_id, order_id, product_id, quantity, unit_price, discount) VALUES (NULL, 2, 11, 1, 430.4, 10);
INSERT INTO Order_Items (order_item_id, order_id, product_id, quantity, unit_price, discount) VALUES (NULL, 2, 5, 3, 295.99, 5);
INSERT INTO Payments (payment_id, order_id, payment_date, payment_method, amount, currency) VALUES (NULL, 2, '2025-05-02 23:28:57.734561', 'Credit Card', 719.12, 'USD');
INSERT INTO Shipping (shipping_id, order_id, carrier, tracking_number, ship_date, delivery_date, status) VALUES (NULL, 2, 'UPS', 'TRK000002', '2025-04-09', '2025-01-01', 'Delivered');
INSERT INTO Orders (order_id, customer_id, order_date, status, shipping_address, total_amount) VALUES (3, 3, '2025-07-29 11:03:08.660315', 'Shipped', '813 David Underpass New Mackenzie, IA 71540', 2327.64);
INSERT INTO Order_Items (order_item_id, order_id, product_id, quantity, unit_price, discount) VALUES (NULL, 3, 27, 1, 143.27, 10);
INSERT INTO Order_Items (order_item_id, order_id, product_id, quantity, unit_price, discount) VALUES (NULL, 3, 36, 2, 246.48, 0);
INSERT INTO Order_Items (order_item_id, order_id, product_id, quantity, unit_price, discount) VALUES (NULL, 3, 27, 1, 11.7, 5);
INSERT INTO Payments (payment_id, order_id, payment_date, payment_method, amount, currency) VALUES (NULL, 3, '2025-08-23 05:08:19.733913', 'Debit Card', 2327.64, 'USD');
INSERT INTO Shipping (shipping_id, order_id, carrier, tracking_number, ship_date, delivery_date, status) VALUES (NULL, 3, 'FedEx', 'TRK000003', '2025-05-03', '2025-05-30', 'Delivered');
INSERT INTO Orders (order_id, customer_id, order_date, status, shipping_address, total_amount) VALUES (4, 153, '2025-06-12 01:57:54.652800', 'Shipped', 'PSC 8809, Box 6353 APO AE 39984', 2201.98);
INSERT INTO Order_Items (order_item_id, order_id, product_id, quantity, unit_price, discount) VALUES (NULL, 4, 27, 1, 327.08, 5);
INSERT INTO Payments (payment_id, order_id, payment_date, payment_method, amount, currency) VALUES (NULL, 4, '2025-06-04 21:12:08.363923', 'PayPal', 2201.98, 'USD');
INSERT INTO Shipping (shipping_id, order_id, carrier, tracking_number, ship_date, delivery_date, status) VALUES (NULL, 4, 'UPS', 'TRK000004', '2025-07-06', '2025-08-21', 'Delivered');
INSERT INTO Orders (order_id, customer_id, order_date, status, shipping_address, total_amount) VALUES (5, 30, '2025-07-27 01:01:08.087129', 'Shipped', '7998 Collins Extension West Christopher, WI 55331', 1694.19);
INSERT INTO Order_Items (order_item_id, order_id, product_id, quantity, unit_price, discount) VALUES (NULL, 5, 6, 2, 252.29, 0);
INSERT INTO Order_Items (order_item_id, order_id, product_id, quantity, unit_price, discount) VALUES (NULL, 5, 38, 3, 364.66, 0);
INSERT INTO Order_Items (order_item_id, order_id, product_id, quantity, unit_price, discount) VALUES (NULL, 5, 42, 1, 309.44, 5);
INSERT INTO Order_Items (order_item_id, order_id, product_id, quantity, unit_price, discount) VALUES (NULL, 5, 37, 1, 336.15, 0);
INSERT INTO Payments (payment_id, order_id, payment_date, payment_method, amount, currency) VALUES (NULL, 5, '2025-01-25 17:19:43.697437', 'Credit Card', 1694.19, 'USD');
INSERT INTO Shipping (shipping_id, order_id, carrier, tracking_number, ship_date, delivery_date, status) VALUES (NULL, 5, 'DHL', 'TRK000005', '2025-08-09', '2025-02-19', 'Delivered');
INSERT INTO Orders (order_id, customer_id, order_date, status, shipping_address, total_amount) VALUES (6, 57, '2025-06-26 04:41:21.802193', 'Shipped', '46076 Kristin Ports Apt. 918 Carrollmouth, WI 49429', 2240.99);
INSERT INTO Order_Items (order_item_id, order_id, product_id, quantity, unit_price, discount) VALUES (NULL, 6, 18, 2, 80.74, 5);
INSERT INTO Payments (payment_id, order_id, payment_date, payment_method, amount, currency) VALUES (NULL, 6, '2025-06-18 20:34:09.445889', 'Debit Card', 2240.99, 'USD');
INSERT INTO Shipping (shipping_id, order_id, carrier, tracking_number, ship_date, delivery_date, status) VALUES (NULL, 6, 'DHL', 'TRK000006', '2025-04-05', '2025-01-31', 'Delivered');
INSERT INTO Orders (order_id, customer_id, order_date, status, shipping_address, total_amount) VALUES (7, 131, '2025-07-22 23:09:25.415826', 'Shipped', '178 Lisa Stream Apt. 101 Kyleborough, TX 68834', 1251.44);
INSERT INTO Order_Items (order_item_id, order_id, product_id, quantity, unit_price, discount) VALUES (NULL, 7, 6, 1, 388.4, 0);
INSERT INTO Payments (payment_id, order_id, payment_date, payment_method, amount, currency) VALUES (NULL, 7, '2025-08-02 02:06:48.695734', 'PayPal', 1251.44, 'USD');
INSERT INTO Shipping (shipping_id, order_id, carrier, tracking_number, ship_date, delivery_date, status) VALUES (NULL, 7, 'DHL', 'TRK000007', '2025-05-21', '2025-07-22', 'Delivered');
INSERT INTO Orders (order_id, customer_id, order_date, status, shipping_address, total_amount) VALUES (8, 25, '2025-01-17 23:52:07.665036', 'Shipped', '39413 Wells Station Suite 694 Thompsonville, GA 05284', 2729.38);
INSERT INTO Order_Items (order_item_id, order_id, product_id, quantity, unit_price, discount) VALUES (NULL, 8, 34, 3, 87.53, 0);
INSERT INTO Order_Items (order_item_id, order_id, product_id, quantity, unit_price, discount) VALUES (NULL, 8, 41, 2, 204.97, 5);
INSERT INTO Order_Items (order_item_id, order_id, product_id, quantity, unit_price, discount) VALUES (NULL, 8, 8, 2, 415.81, 10);
INSERT INTO Order_Items (order_item_id, order_id, product_id, quantity, unit_price, discount) VALUES (NULL, 8, 4, 3, 108.94, 0);
INSERT INTO Order_Items (order_item_id, order_id, product_id, quantity, unit_price, discount) VALUES (NULL, 8, 28, 3, 416.3, 0);
INSERT INTO Payments (payment_id, order_id, payment_date, payment_method, amount, currency) VALUES (NULL, 8, '2025-01-24 12:03:27.607156', 'PayPal', 2729.38, 'USD');
INSERT INTO Shipping (shipping_id, order_id, carrier, tracking_number, ship_date, delivery_date, status) VALUES (NULL, 8, 'UPS', 'TRK000008', '2025-08-13', '2025-05-14', 'Delivered');
INSERT INTO Orders (order_id, customer_id, order_date, status, shipping_address, total_amount) VALUES (9, 29, '2025-03-28 18:13:44.918664', 'Shipped', '6933 Robin Plain Suite 438 Buckleychester, LA 69559', 82.59);
INSERT INTO Order_Items (order_item_id, order_id, product_id, quantity, unit_price, discount) VALUES (NULL, 9, 44, 3, 39.05, 15);
INSERT INTO Payments (payment_id, order_id, payment_date, payment_method, amount, currency) VALUES (NULL, 9, '2025-03-29 08:21:53.456027', 'Debit Card', 82.59, 'USD');
INSERT INTO Shipping (shipping_id, order_id, carrier, tracking_number, ship_date, delivery_date, status) VALUES (NULL, 9, 'DHL', 'TRK000009', '2025-04-02', '2025-03-18', 'Delivered');
INSERT INTO Orders (order_id, customer_id, order_date, status, shipping_address, total_amount) VALUES (10, 70, '2025-07-23 14:01:44.793691', 'Shipped', '0119 Chelsey Stravenue Apt. 075 New Travisside, IN 27273', 2863.56);
INSERT INTO Order_Items (order_item_id, order_id, product_id, quantity, unit_price, discount) VALUES (NULL, 10, 24, 2, 316.95, 5);
INSERT INTO Order_Items (order_item_id, order_id, product_id, quantity, unit_price, discount) VALUES (NULL, 10, 12, 3, 281.3, 10);
INSERT INTO Order_Items (order_item_id, order_id, product_id, quantity, unit_price, discount) VALUES (NULL, 10, 24, 1, 26.08, 0);
INSERT INTO Order_Items (order_item_id, order_id, product_id, quantity, unit_price, discount) VALUES (NULL, 10, 46, 2, 444.32, 5);
INSERT INTO Order_Items (order_item_id, order_id, product_id, quantity, unit_price, discount) VALUES (NULL, 10, 3, 2, 351.61, 0);
INSERT INTO Payments (payment_id, order_id, payment_date, payment_method, amount, currency) VALUES (NULL, 10, '2025-03-30 16:07:57.876081', 'Credit Card', 2863.56, 'USD');
INSERT INTO Shipping (shipping_id, order_id, carrier, tracking_number, ship_date, delivery_date, status) VALUES (NULL, 10, 'UPS', 'TRK000010', '2025-06-20', '2025-08-13', 'Delivered');
INSERT INTO Orders (order_id, customer_id, order_date, status, shipping_address, total_amount) VALUES (11, 28, '2025-01-22 13:33:26.441456', 'Shipped', '47603 Timothy Mount West Arthurchester, MD 74283', 435.86);
INSERT INTO Order_Items (order_item_id, order_id, product_id, quantity, unit_price, discount) VALUES (NULL, 11, 4, 1, 433.23, 15);
INSERT INTO Payments (payment_id, order_id, payment_date, payment_method, amount, currency) VALUES (NULL, 11, '2025-02-14 17:15:49.461670', 'Credit Card', 435.86, 'USD');
INSERT INTO Shipping (shipping_id, order_id, carrier, tracking_number, ship_date, delivery_date, status) VALUES (NULL, 11, 'UPS', 'TRK000011', '2025-04-28', '2025-04-02', 'Delivered');
INSERT INTO Orders (order_id, customer_id, order_date, status, shipping_address, total_amount) VALUES (12, 103, '2025-05-01 00:45:28.350633', 'Shipped', '702 Mcdonald Road Apt. 214 West Susanton, NV 90551', 490.69);
INSERT INTO Order_Items (order_item_id, order_id, product_id, quantity, unit_price, discount) VALUES (NULL, 12, 41, 2, 226.26, 15);
INSERT INTO Order_Items (order_item_id, order_id, product_id, quantity, unit_price, discount) VALUES (NULL, 12, 27, 2, 337.21, 0);
INSERT INTO Order_Items (order_item_id, order_id, product_id, quantity, unit_price, discount) VALUES (NULL, 12, 41, 1, 312.15, 15);
INSERT INTO Order_Items (order_item_id, order_id, product_id, quantity, unit_price, discount) VALUES (NULL, 12, 40, 1, 77.62, 5);
INSERT INTO Payments (payment_id, order_id, payment_date, payment_method, amount, currency) VALUES (NULL, 12, '2025-01-21 00:24:07.427991', 'Debit Card', 490.69, 'USD');
INSERT INTO Shipping (shipping_id, order_id, carrier, tracking_number, ship_date, delivery_date, status) VALUES (NULL, 12, 'DHL', 'TRK000012', '2025-05-29', '2025-01-08', 'Delivered');
INSERT INTO Orders (order_id, customer_id, order_date, status, shipping_address, total_amount) VALUES (13, 92, '2025-07-12 22:43:19.545200', 'Shipped', '774 Mills Flats Apt. 221 Richardsonport, SC 99294', 1012.75);
INSERT INTO Order_Items (order_item_id, order_id, product_id, quantity, unit_price, discount) VALUES (NULL, 13, 47, 3, 387.87, 15);
INSERT INTO Order_Items (order_item_id, order_id, product_id, quantity, unit_price, discount) VALUES (NULL, 13, 50, 1, 23.6, 15);
INSERT INTO Order_Items (order_item_id, order_id, product_id, quantity, unit_price, discount) VALUES (NULL, 13, 26, 3, 258.78, 0);
INSERT INTO Order_Items (order_item_id, order_id, product_id, quantity, unit_price, discount) VALUES (NULL, 13, 9, 2, 419.7, 10);
INSERT INTO Order_Items (order_item_id, order_id, product_id, quantity, unit_price, discount) VALUES (NULL, 13, 45, 1, 13.5, 10);
INSERT INTO Payments (payment_id, order_id, payment_date, payment_method, amount, currency) VALUES (NULL, 13, '2025-07-12 08:35:50.897152', 'PayPal', 1012.75, 'USD');
INSERT INTO Shipping (shipping_id, order_id, carrier, tracking_number, ship_date, delivery_date, status) VALUES (NULL, 13, 'DHL', 'TRK000013', '2025-02-18', '2025-08-31', 'Delivered');
INSERT INTO Orders (order_id, customer_id, order_date, status, shipping_address, total_amount) VALUES (14, 111, '2025-02-06 02:36:35.721597', 'Shipped', '00462 Ray Dam West Rachel, IL 28352', 702.98);
INSERT INTO Order_Items (order_item_id, order_id, product_id, quantity, unit_price, discount) VALUES (NULL, 14, 26, 2, 157.08, 15);
INSERT INTO Order_Items (order_item_id, order_id, product_id, quantity, unit_price, discount) VALUES (NULL, 14, 1, 1, 143.88, 10);
INSERT INTO Order_Items (order_item_id, order_id, product_id, quantity, unit_price, discount) VALUES (NULL, 14, 50, 3, 291.57, 15);
INSERT INTO Payments (payment_id, order_id, payment_date, payment_method, amount, currency) VALUES (NULL, 14, '2025-03-29 18:35:19.201145', 'Credit Card', 702.98, 'USD');
INSERT INTO Shipping (shipping_id, order_id, carrier, tracking_number, ship_date, delivery_date, status) VALUES (NULL, 14, 'UPS', 'TRK000014', '2025-03-23', '2025-05-31', 'Delivered');
INSERT INTO Orders (order_id, customer_id, order_date, status, shipping_address, total_amount) VALUES (15, 145, '2025-06-29 02:27:55.886792', 'Shipped', '402 David Mills Apt. 140 East Samuelville, ND 86762', 831.73);
INSERT INTO Order_Items (order_item_id, order_id, product_id, quantity, unit_price, discount) VALUES (NULL, 15, 35, 1, 195.96, 15);
INSERT INTO Order_Items (order_item_id, order_id, product_id, quantity, unit_price, discount) VALUES (NULL, 15, 29, 1, 187.12, 10);
INSERT INTO Order_Items (order_item_id, order_id, product_id, quantity, unit_price, discount) VALUES (NULL, 15, 37, 2, 391.77, 5);
INSERT INTO Order_Items (order_item_id, order_id, product_id, quantity, unit_price, discount) VALUES (NULL, 15, 21, 3, 391.12, 5);
INSERT INTO Payments (payment_id, order_id, payment_date, payment_method, amount, currency) VALUES (NULL, 15, '2025-05-28 00:21:08.814019', 'Debit Card', 831.73, 'USD');
INSERT INTO Shipping (shipping_id, order_id, carrier, tracking_number, ship_date, delivery_date, status) VALUES (NULL, 15, 'DHL', 'TRK000015', '2025-04-29', '2025-07-22', 'Delivered');
INSERT INTO Orders (order_id, customer_id, order_date, status, shipping_address, total_amount) VALUES (16, 96, '2025-08-23 03:01:12.792851', 'Shipped', '5637 Burnett Terrace Coopermouth, CA 91906', 281.22);
INSERT INTO Order_Items (order_item_id, order_id, product_id, quantity, unit_price, discount) VALUES (NULL, 16, 11, 2, 196.8, 15);
INSERT INTO Order_Items (order_item_id, order_id, product_id, quantity, unit_price, discount) VALUES (NULL, 16, 5, 1, 80.95, 0);
INSERT INTO Payments (payment_id, order_id, payment_date, payment_method, amount, currency) VALUES (NULL, 16, '2025-01-07 05:25:23.243785', 'PayPal', 281.22, 'USD');
INSERT INTO Shipping (shipping_id, order_id, carrier, tracking_number, ship_date, delivery_date, status) VALUES (NULL, 16, 'DHL', 'TRK000016', '2025-07-13', '2025-02-17', 'Delivered');
INSERT INTO Orders (order_id, customer_id, order_date, status, shipping_address, total_amount) VALUES (17, 126, '2025-07-31 12:00:41.286846', 'Shipped', '9761 Taylor Mountains Apt. 516 Port Tracey, NJ 04097', 1199.48);
INSERT INTO Order_Items (order_item_id, order_id, product_id, quantity, unit_price, discount) VALUES (NULL, 17, 3, 3, 111.2, 10);
INSERT INTO Order_Items (order_item_id, order_id, product_id, quantity, unit_price, discount) VALUES (NULL, 17, 33, 1, 158.92, 10);
INSERT INTO Order_Items (order_item_id, order_id, product_id, quantity, unit_price, discount) VALUES (NULL, 17, 32, 1, 119.74, 5);
INSERT INTO Order_Items (order_item_id, order_id, product_id, quantity, unit_price, discount) VALUES (NULL, 17, 35, 2, 209.76, 10);
INSERT INTO Payments (payment_id, order_id, payment_date, payment_method, amount, currency) VALUES (NULL, 17, '2025-01-14 15:38:15.747118', 'Credit Card', 1199.48, 'USD');
INSERT INTO Shipping (shipping_id, order_id, carrier, tracking_number, ship_date, delivery_date, status) VALUES (NULL, 17, 'UPS', 'TRK000017', '2025-03-06', '2025-05-24', 'Delivered');
INSERT INTO Orders (order_id, customer_id, order_date, status, shipping_address, total_amount) VALUES (18, 78, '2025-01-24 02:12:34.802120', 'Shipped', '320 Morales Mountain Suite 929 Port Emily, MH 18299', 1883.42);
INSERT INTO Order_Items (order_item_id, order_id, product_id, quantity, unit_price, discount) VALUES (NULL, 18, 22, 2, 319.49, 15);
INSERT INTO Order_Items (order_item_id, order_id, product_id, quantity, unit_price, discount) VALUES (NULL, 18, 46, 2, 385.84, 0);
INSERT INTO Order_Items (order_item_id, order_id, product_id, quantity, unit_price, discount) VALUES (NULL, 18, 13, 3, 62.28, 5);
INSERT INTO Order_Items (order_item_id, order_id, product_id, quantity, unit_price, discount) VALUES (NULL, 18, 32, 1, 320.84, 10);
INSERT INTO Payments (payment_id, order_id, payment_date, payment_method, amount, currency) VALUES (NULL, 18, '2025-05-12 18:06:33.589817', 'Debit Card', 1883.42, 'USD');
INSERT INTO Shipping (shipping_id, order_id, carrier, tracking_number, ship_date, delivery_date, status) VALUES (NULL, 18, 'DHL', 'TRK000018', '2025-03-06', '2025-03-09', 'Delivered');
INSERT INTO Orders (order_id, customer_id, order_date, status, shipping_address, total_amount) VALUES (19, 151, '2025-01-11 09:56:24.913004', 'Shipped', '0508 Joy Rapids New Theresa, OK 29519', 2425.76);
INSERT INTO Order_Items (order_item_id, order_id, product_id, quantity, unit_price, discount) VALUES (NULL, 19, 47, 1, 373.13, 10);
INSERT INTO Order_Items (order_item_id, order_id, product_id, quantity, unit_price, discount) VALUES (NULL, 19, 34, 1, 153.47, 10);
INSERT INTO Order_Items (order_item_id, order_id, product_id, quantity, unit_price, discount) VALUES (NULL, 19, 20, 1, 227.61, 10);
INSERT INTO Order_Items (order_item_id, order_id, product_id, quantity, unit_price, discount) VALUES (NULL, 19, 22, 1, 11.34, 15);
INSERT INTO Payments (payment_id, order_id, payment_date, payment_method, amount, currency) VALUES (NULL, 19, '2025-05-18 06:43:51.462767', 'PayPal', 2425.76, 'USD');
INSERT INTO Shipping (shipping_id, order_id, carrier, tracking_number, ship_date, delivery_date, status) VALUES (NULL, 19, 'DHL', 'TRK000019', '2025-05-14', '2025-06-12', 'Delivered');
INSERT INTO Orders (order_id, customer_id, order_date, status, shipping_address, total_amount) VALUES (20, 52, '2025-06-18 05:37:16.232879', 'Shipped', '4311 Rebecca Station Apt. 482 North Mikeport, NC 02257', 1349.7);
INSERT INTO Order_Items (order_item_id, order_id, product_id, quantity, unit_price, discount) VALUES (NULL, 20, 14, 2, 377.62, 10);
INSERT INTO Payments (payment_id, order_id, payment_date, payment_method, amount, currency) VALUES (NULL, 20, '2025-08-13 04:54:07.091175', 'Credit Card', 1349.7, 'USD');
INSERT INTO Shipping (shipping_id, order_id, carrier, tracking_number, ship_date, delivery_date, status) VALUES (NULL, 20, 'UPS', 'TRK000020', '2025-05-24', '2025-07-22', 'Delivered');
INSERT INTO Orders (order_id, customer_id, order_date, status, shipping_address, total_amount) VALUES (21, 11, '2025-08-12 13:03:07.489064', 'Shipped', '85909 Crane Heights Lake Emily, DE 28158', 1464.82);
INSERT INTO Order_Items (order_item_id, order_id, product_id, quantity, unit_price, discount) VALUES (NULL, 21, 36, 3, 159.05, 10);
INSERT INTO Order_Items (order_item_id, order_id, product_id, quantity, unit_price, discount) VALUES (NULL, 21, 6, 2, 110.56, 0);
INSERT INTO Payments (payment_id, order_id, payment_date, payment_method, amount, currency) VALUES (NULL, 21, '2025-08-18 02:54:00.087986', 'PayPal', 1464.82, 'USD');
INSERT INTO Shipping (shipping_id, order_id, carrier, tracking_number, ship_date, delivery_date, status) VALUES (NULL, 21, 'UPS', 'TRK000021', '2025-04-12', '2025-01-02', 'Delivered');
INSERT INTO Orders (order_id, customer_id, order_date, status, shipping_address, total_amount) VALUES (22, 110, '2025-06-17 16:28:56.343778', 'Shipped', '1931 Anderson Causeway Harperside, VA 73522', 1287.28);
INSERT INTO Order_Items (order_item_id, order_id, product_id, quantity, unit_price, discount) VALUES (NULL, 22, 13, 1, 181.06, 15);
INSERT INTO Order_Items (order_item_id, order_id, product_id, quantity, unit_price, discount) VALUES (NULL, 22, 33, 2, 499.68, 0);
INSERT INTO Payments (payment_id, order_id, payment_date, payment_method, amount, currency) VALUES (NULL, 22, '2025-06-07 16:50:33.509897', 'Credit Card', 1287.28, 'USD');
INSERT INTO Shipping (shipping_id, order_id, carrier, tracking_number, ship_date, delivery_date, status) VALUES (NULL, 22, 'UPS', 'TRK000022', '2025-05-12', '2025-04-08', 'Delivered');
INSERT INTO Orders (order_id, customer_id, order_date, status, shipping_address, total_amount) VALUES (23, 143, '2025-06-05 04:41:38.051761', 'Shipped', '0309 Connie Garden New Shannonville, AS 40034', 881.06);
INSERT INTO Order_Items (order_item_id, order_id, product_id, quantity, unit_price, discount) VALUES (NULL, 23, 30, 3, 291.23, 10);
INSERT INTO Order_Items (order_item_id, order_id, product_id, quantity, unit_price, discount) VALUES (NULL, 23, 41, 1, 335.63, 10);
INSERT INTO Payments (payment_id, order_id, payment_date, payment_method, amount, currency) VALUES (NULL, 23, '2025-04-21 09:57:58.524456', 'Credit Card', 881.06, 'USD');
INSERT INTO Shipping (shipping_id, order_id, carrier, tracking_number, ship_date, delivery_date, status) VALUES (NULL, 23, 'DHL', 'TRK000023', '2025-08-15', '2025-05-13', 'Delivered');
INSERT INTO Orders (order_id, customer_id, order_date, status, shipping_address, total_amount) VALUES (24, 197, '2025-02-23 20:25:54.571352', 'Shipped', '9872 Roberts Causeway Apt. 838 Torresstad, MH 17644', 1208.98);
INSERT INTO Order_Items (order_item_id, order_id, product_id, quantity, unit_price, discount) VALUES (NULL, 24, 40, 3, 241.56, 5);
INSERT INTO Order_Items (order_item_id, order_id, product_id, quantity, unit_price, discount) VALUES (NULL, 24, 26, 2, 191.75, 5);
INSERT INTO Order_Items (order_item_id, order_id, product_id, quantity, unit_price, discount) VALUES (NULL, 24, 30, 1, 43.23, 15);
INSERT INTO Order_Items (order_item_id, order_id, product_id, quantity, unit_price, discount) VALUES (NULL, 24, 25, 2, 478.48, 5);
INSERT INTO Order_Items (order_item_id, order_id, product_id, quantity, unit_price, discount) VALUES (NULL, 24, 1, 1, 492.5, 15);
INSERT INTO Payments (payment_id, order_id, payment_date, payment_method, amount, currency) VALUES (NULL, 24, '2025-02-27 10:26:46.204845', 'Credit Card', 1208.98, 'USD');
INSERT INTO Shipping (shipping_id, order_id, carrier, tracking_number, ship_date, delivery_date, status) VALUES (NULL, 24, 'UPS', 'TRK000024', '2025-05-20', '2025-08-30', 'Delivered');
INSERT INTO Orders (order_id, customer_id, order_date, status, shipping_address, total_amount) VALUES (25, 66, '2025-07-20 07:32:02.701412', 'Shipped', '960 William Ferry Port Jessica, IN 80766', 1266.81);
INSERT INTO Order_Items (order_item_id, order_id, product_id, quantity, unit_price, discount) VALUES (NULL, 25, 47, 1, 152.29, 15);
INSERT INTO Payments (payment_id, order_id, payment_date, payment_method, amount, currency) VALUES (NULL, 25, '2025-04-04 06:06:36.623920', 'Debit Card', 1266.81, 'USD');
INSERT INTO Shipping (shipping_id, order_id, carrier, tracking_number, ship_date, delivery_date, status) VALUES (NULL, 25, 'FedEx', 'TRK000025', '2025-01-25', '2025-04-06', 'Delivered');
INSERT INTO Orders (order_id, customer_id, order_date, status, shipping_address, total_amount) VALUES (26, 68, '2025-06-20 18:22:25.944536', 'Shipped', 'USS Tate FPO AE 70803', 1928.91);
INSERT INTO Order_Items (order_item_id, order_id, product_id, quantity, unit_price, discount) VALUES (NULL, 26, 26, 3, 19.23, 0);
INSERT INTO Order_Items (order_item_id, order_id, product_id, quantity, unit_price, discount) VALUES (NULL, 26, 21, 3, 223.59, 15);
INSERT INTO Order_Items (order_item_id, order_id, product_id, quantity, unit_price, discount) VALUES (NULL, 26, 45, 1, 128.72, 5);
INSERT INTO Order_Items (order_item_id, order_id, product_id, quantity, unit_price, discount) VALUES (NULL, 26, 28, 1, 438.59, 10);
INSERT INTO Order_Items (order_item_id, order_id, product_id, quantity, unit_price, discount) VALUES (NULL, 26, 36, 3, 495.74, 5);
INSERT INTO Payments (payment_id, order_id, payment_date, payment_method, amount, currency) VALUES (NULL, 26, '2025-02-03 07:52:42.459409', 'Debit Card', 1928.91, 'USD');
INSERT INTO Shipping (shipping_id, order_id, carrier, tracking_number, ship_date, delivery_date, status) VALUES (NULL, 26, 'DHL', 'TRK000026', '2025-04-27', '2025-03-31', 'Delivered');
INSERT INTO Orders (order_id, customer_id, order_date, status, shipping_address, total_amount) VALUES (27, 175, '2025-07-09 00:03:01.686368', 'Shipped', 'Unit 4683 Box 9093 DPO AP 28331', 826.74);
INSERT INTO Order_Items (order_item_id, order_id, product_id, quantity, unit_price, discount) VALUES (NULL, 27, 21, 2, 261.29, 10);
INSERT INTO Order_Items (order_item_id, order_id, product_id, quantity, unit_price, discount) VALUES (NULL, 27, 36, 1, 177.53, 10);
INSERT INTO Order_Items (order_item_id, order_id, product_id, quantity, unit_price, discount) VALUES (NULL, 27, 19, 3, 87.06, 10);
INSERT INTO Order_Items (order_item_id, order_id, product_id, quantity, unit_price, discount) VALUES (NULL, 27, 27, 1, 347.34, 15);
INSERT INTO Payments (payment_id, order_id, payment_date, payment_method, amount, currency) VALUES (NULL, 27, '2025-01-07 11:25:03.066754', 'Credit Card', 826.74, 'USD');
INSERT INTO Shipping (shipping_id, order_id, carrier, tracking_number, ship_date, delivery_date, status) VALUES (NULL, 27, 'FedEx', 'TRK000027', '2025-02-22', '2025-01-18', 'Delivered');
INSERT INTO Orders (order_id, customer_id, order_date, status, shipping_address, total_amount) VALUES (28, 74, '2025-05-19 16:33:33.815923', 'Shipped', '0075 Brewer Corner Apt. 084 West Kelseybury, TX 58135', 1653.16);
INSERT INTO Order_Items (order_item_id, order_id, product_id, quantity, unit_price, discount) VALUES (NULL, 28, 34, 2, 145.22, 0);
INSERT INTO Order_Items (order_item_id, order_id, product_id, quantity, unit_price, discount) VALUES (NULL, 28, 15, 3, 69.91, 10);
INSERT INTO Order_Items (order_item_id, order_id, product_id, quantity, unit_price, discount) VALUES (NULL, 28, 32, 1, 48.53, 15);
INSERT INTO Order_Items (order_item_id, order_id, product_id, quantity, unit_price, discount) VALUES (NULL, 28, 28, 2, 463.42, 0);
INSERT INTO Order_Items (order_item_id, order_id, product_id, quantity, unit_price, discount) VALUES (NULL, 28, 35, 3, 312.79, 15);
INSERT INTO Payments (payment_id, order_id, payment_date, payment_method, amount, currency) VALUES (NULL, 28, '2025-03-27 11:20:47.288328', 'Credit Card', 1653.16, 'USD');
INSERT INTO Shipping (shipping_id, order_id, carrier, tracking_number, ship_date, delivery_date, status) VALUES (NULL, 28, 'UPS', 'TRK000028', '2025-08-05', '2025-04-01', 'Delivered');
INSERT INTO Orders (order_id, customer_id, order_date, status, shipping_address, total_amount) VALUES (29, 80, '2025-06-18 08:21:55.241456', 'Shipped', '093 Robertson Prairie Suite 550 North Richard, AL 99401', 2230.89);
INSERT INTO Order_Items (order_item_id, order_id, product_id, quantity, unit_price, discount) VALUES (NULL, 29, 7, 2, 281.22, 10);
INSERT INTO Payments (payment_id, order_id, payment_date, payment_method, amount, currency) VALUES (NULL, 29, '2025-08-04 06:51:28.443487', 'Debit Card', 2230.89, 'USD');
INSERT INTO Shipping (shipping_id, order_id, carrier, tracking_number, ship_date, delivery_date, status) VALUES (NULL, 29, 'UPS', 'TRK000029', '2025-07-13', '2025-05-15', 'Delivered');
INSERT INTO Orders (order_id, customer_id, order_date, status, shipping_address, total_amount) VALUES (30, 30, '2025-02-06 10:04:13.926713', 'Shipped', '038 Moss Road New Sarahmouth, VT 86129', 760.26);
INSERT INTO Order_Items (order_item_id, order_id, product_id, quantity, unit_price, discount) VALUES (NULL, 30, 3, 1, 233.2, 0);
INSERT INTO Order_Items (order_item_id, order_id, product_id, quantity, unit_price, discount) VALUES (NULL, 30, 42, 1, 373.44, 10);
INSERT INTO Order_Items (order_item_id, order_id, product_id, quantity, unit_price, discount) VALUES (NULL, 30, 23, 3, 65.63, 0);
INSERT INTO Order_Items (order_item_id, order_id, product_id, quantity, unit_price, discount) VALUES (NULL, 30, 43, 2, 107.45, 15);
INSERT INTO Order_Items (order_item_id, order_id, product_id, quantity, unit_price, discount) VALUES (NULL, 30, 49, 2, 451.87, 0);
INSERT INTO Payments (payment_id, order_id, payment_date, payment_method, amount, currency) VALUES (NULL, 30, '2025-08-20 09:16:50.919462', 'Debit Card', 760.26, 'USD');
INSERT INTO Shipping (shipping_id, order_id, carrier, tracking_number, ship_date, delivery_date, status) VALUES (NULL, 30, 'FedEx', 'TRK000030', '2025-03-15', '2025-04-02', 'Delivered');
INSERT INTO Orders (order_id, customer_id, order_date, status, shipping_address, total_amount) VALUES (31, 110, '2025-06-29 21:16:53.781088', 'Shipped', '097 Alisha Port Suite 438 Campbellmouth, AZ 77033', 615.6);
INSERT INTO Order_Items (order_item_id, order_id, product_id, quantity, unit_price, discount) VALUES (NULL, 31, 20, 3, 411.63, 5);
INSERT INTO Order_Items (order_item_id, order_id, product_id, quantity, unit_price, discount) VALUES (NULL, 31, 25, 2, 226.76, 0);
INSERT INTO Payments (payment_id, order_id, payment_date, payment_method, amount, currency) VALUES (NULL, 31, '2025-04-02 19:15:42.489604', 'Debit Card', 615.6, 'USD');
INSERT INTO Shipping (shipping_id, order_id, carrier, tracking_number, ship_date, delivery_date, status) VALUES (NULL, 31, 'FedEx', 'TRK000031', '2025-02-21', '2025-01-09', 'Delivered');
INSERT INTO Orders (order_id, customer_id, order_date, status, shipping_address, total_amount) VALUES (32, 84, '2025-01-06 18:58:55.540427', 'Shipped', '30996 Timothy Squares Suite 476 Walkerberg, MA 14356', 2189.93);
INSERT INTO Order_Items (order_item_id, order_id, product_id, quantity, unit_price, discount) VALUES (NULL, 32, 28, 1, 221.59, 0);
INSERT INTO Order_Items (order_item_id, order_id, product_id, quantity, unit_price, discount) VALUES (NULL, 32, 25, 3, 260.24, 0);
INSERT INTO Order_Items (order_item_id, order_id, product_id, quantity, unit_price, discount) VALUES (NULL, 32, 19, 1, 103.24, 5);
INSERT INTO Payments (payment_id, order_id, payment_date, payment_method, amount, currency) VALUES (NULL, 32, '2025-07-18 02:33:32.631872', 'Debit Card', 2189.93, 'USD');
INSERT INTO Shipping (shipping_id, order_id, carrier, tracking_number, ship_date, delivery_date, status) VALUES (NULL, 32, 'DHL', 'TRK000032', '2025-04-29', '2025-05-31', 'Delivered');
INSERT INTO Orders (order_id, customer_id, order_date, status, shipping_address, total_amount) VALUES (33, 169, '2025-04-07 19:59:31.885024', 'Shipped', '855 White Mountains Suite 381 West Johnathanburgh, WV 36399', 1312.16);
INSERT INTO Order_Items (order_item_id, order_id, product_id, quantity, unit_price, discount) VALUES (NULL, 33, 14, 1, 11.18, 0);
INSERT INTO Order_Items (order_item_id, order_id, product_id, quantity, unit_price, discount) VALUES (NULL, 33, 29, 3, 448.61, 10);
INSERT INTO Order_Items (order_item_id, order_id, product_id, quantity, unit_price, discount) VALUES (NULL, 33, 9, 2, 189.39, 5);
INSERT INTO Payments (payment_id, order_id, payment_date, payment_method, amount, currency) VALUES (NULL, 33, '2025-06-17 02:36:35.977564', 'Debit Card', 1312.16, 'USD');
INSERT INTO Shipping (shipping_id, order_id, carrier, tracking_number, ship_date, delivery_date, status) VALUES (NULL, 33, 'DHL', 'TRK000033', '2025-02-11', '2025-06-20', 'Delivered');
INSERT INTO Orders (order_id, customer_id, order_date, status, shipping_address, total_amount) VALUES (34, 179, '2025-07-18 20:02:58.729146', 'Shipped', '9345 Ariana Centers South Kristi, MT 62401', 1851.0);
INSERT INTO Order_Items (order_item_id, order_id, product_id, quantity, unit_price, discount) VALUES (NULL, 34, 10, 1, 415.3, 15);
INSERT INTO Order_Items (order_item_id, order_id, product_id, quantity, unit_price, discount) VALUES (NULL, 34, 28, 3, 363.23, 0);
INSERT INTO Order_Items (order_item_id, order_id, product_id, quantity, unit_price, discount) VALUES (NULL, 34, 31, 2, 192.78, 10);
INSERT INTO Order_Items (order_item_id, order_id, product_id, quantity, unit_price, discount) VALUES (NULL, 34, 43, 2, 10.95, 5);
INSERT INTO Payments (payment_id, order_id, payment_date, payment_method, amount, currency) VALUES (NULL, 34, '2025-06-23 00:43:37.966212', 'Credit Card', 1851.0, 'USD');
INSERT INTO Shipping (shipping_id, order_id, carrier, tracking_number, ship_date, delivery_date, status) VALUES (NULL, 34, 'UPS', 'TRK000034', '2025-08-08', '2025-01-05', 'Delivered');
INSERT INTO Orders (order_id, customer_id, order_date, status, shipping_address, total_amount) VALUES (35, 178, '2025-03-08 23:21:59.073461', 'Shipped', '236 Gabriella Trail East Patricktown, MS 61845', 2984.89);
INSERT INTO Order_Items (order_item_id, order_id, product_id, quantity, unit_price, discount) VALUES (NULL, 35, 6, 3, 105.02, 15);
INSERT INTO Order_Items (order_item_id, order_id, product_id, quantity, unit_price, discount) VALUES (NULL, 35, 23, 1, 333.42, 0);
INSERT INTO Order_Items (order_item_id, order_id, product_id, quantity, unit_price, discount) VALUES (NULL, 35, 23, 3, 15.39, 0);
INSERT INTO Payments (payment_id, order_id, payment_date, payment_method, amount, currency) VALUES (NULL, 35, '2025-01-20 19:40:52.450009', 'PayPal', 2984.89, 'USD');
INSERT INTO Shipping (shipping_id, order_id, carrier, tracking_number, ship_date, delivery_date, status) VALUES (NULL, 35, 'DHL', 'TRK000035', '2025-08-08', '2025-02-04', 'Delivered');
INSERT INTO Orders (order_id, customer_id, order_date, status, shipping_address, total_amount) VALUES (36, 19, '2025-04-13 13:05:51.678805', 'Shipped', '7971 Amber Avenue Apt. 284 Kimtown, NE 12171', 2260.36);
INSERT INTO Order_Items (order_item_id, order_id, product_id, quantity, unit_price, discount) VALUES (NULL, 36, 5, 2, 287.7, 10);
INSERT INTO Order_Items (order_item_id, order_id, product_id, quantity, unit_price, discount) VALUES (NULL, 36, 6, 2, 290.98, 5);
INSERT INTO Payments (payment_id, order_id, payment_date, payment_method, amount, currency) VALUES (NULL, 36, '2025-01-12 10:42:51.465568', 'PayPal', 2260.36, 'USD');
INSERT INTO Shipping (shipping_id, order_id, carrier, tracking_number, ship_date, delivery_date, status) VALUES (NULL, 36, 'FedEx', 'TRK000036', '2025-07-18', '2025-07-21', 'Delivered');
INSERT INTO Orders (order_id, customer_id, order_date, status, shipping_address, total_amount) VALUES (37, 153, '2025-08-29 20:53:51.844305', 'Shipped', '529 Jonathan Fall Brianside, CA 03795', 1746.32);
INSERT INTO Order_Items (order_item_id, order_id, product_id, quantity, unit_price, discount) VALUES (NULL, 37, 8, 1, 337.28, 5);
INSERT INTO Order_Items (order_item_id, order_id, product_id, quantity, unit_price, discount) VALUES (NULL, 37, 42, 1, 99.87, 15);
INSERT INTO Payments (payment_id, order_id, payment_date, payment_method, amount, currency) VALUES (NULL, 37, '2025-05-25 01:46:01.656657', 'Debit Card', 1746.32, 'USD');
INSERT INTO Shipping (shipping_id, order_id, carrier, tracking_number, ship_date, delivery_date, status) VALUES (NULL, 37, 'FedEx', 'TRK000037', '2025-02-02', '2025-05-25', 'Delivered');
INSERT INTO Orders (order_id, customer_id, order_date, status, shipping_address, total_amount) VALUES (38, 117, '2025-05-29 08:07:43.482606', 'Shipped', '438 Maynard Shoals Lake Charlottetown, FL 85879', 1662.99);
INSERT INTO Order_Items (order_item_id, order_id, product_id, quantity, unit_price, discount) VALUES (NULL, 38, 4, 3, 28.45, 10);
INSERT INTO Order_Items (order_item_id, order_id, product_id, quantity, unit_price, discount) VALUES (NULL, 38, 13, 1, 302.11, 5);
INSERT INTO Order_Items (order_item_id, order_id, product_id, quantity, unit_price, discount) VALUES (NULL, 38, 1, 2, 252.72, 10);
INSERT INTO Payments (payment_id, order_id, payment_date, payment_method, amount, currency) VALUES (NULL, 38, '2025-08-18 17:41:22.548759', 'Debit Card', 1662.99, 'USD');
INSERT INTO Shipping (shipping_id, order_id, carrier, tracking_number, ship_date, delivery_date, status) VALUES (NULL, 38, 'FedEx', 'TRK000038', '2025-02-06', '2025-06-17', 'Delivered');
INSERT INTO Orders (order_id, customer_id, order_date, status, shipping_address, total_amount) VALUES (39, 52, '2025-03-04 02:13:30.256917', 'Shipped', '87465 Jones Trace Moorechester, CA 30386', 1473.24);
INSERT INTO Order_Items (order_item_id, order_id, product_id, quantity, unit_price, discount) VALUES (NULL, 39, 26, 3, 411.24, 15);
INSERT INTO Order_Items (order_item_id, order_id, product_id, quantity, unit_price, discount) VALUES (NULL, 39, 16, 2, 177.9, 15);
INSERT INTO Payments (payment_id, order_id, payment_date, payment_method, amount, currency) VALUES (NULL, 39, '2025-01-16 09:48:14.431415', 'Credit Card', 1473.24, 'USD');
INSERT INTO Shipping (shipping_id, order_id, carrier, tracking_number, ship_date, delivery_date, status) VALUES (NULL, 39, 'UPS', 'TRK000039', '2025-05-27', '2025-07-28', 'Delivered');
INSERT INTO Orders (order_id, customer_id, order_date, status, shipping_address, total_amount) VALUES (40, 167, '2025-08-16 06:59:54.890455', 'Shipped', '490 Mitchell Motorway Jacquelinestad, MO 47418', 903.02);
INSERT INTO Order_Items (order_item_id, order_id, product_id, quantity, unit_price, discount) VALUES (NULL, 40, 8, 2, 417.73, 15);
INSERT INTO Order_Items (order_item_id, order_id, product_id, quantity, unit_price, discount) VALUES (NULL, 40, 43, 2, 435.72, 0);
INSERT INTO Order_Items (order_item_id, order_id, product_id, quantity, unit_price, discount) VALUES (NULL, 40, 16, 1, 219.67, 0);
INSERT INTO Order_Items (order_item_id, order_id, product_id, quantity, unit_price, discount) VALUES (NULL, 40, 10, 2, 223.22, 10);
INSERT INTO Order_Items (order_item_id, order_id, product_id, quantity, unit_price, discount) VALUES (NULL, 40, 14, 1, 137.53, 5);
INSERT INTO Payments (payment_id, order_id, payment_date, payment_method, amount, currency) VALUES (NULL, 40, '2025-07-23 05:40:03.008431', 'Credit Card', 903.02, 'USD');
INSERT INTO Shipping (shipping_id, order_id, carrier, tracking_number, ship_date, delivery_date, status) VALUES (NULL, 40, 'DHL', 'TRK000040', '2025-04-25', '2025-01-04', 'Delivered');
INSERT INTO Orders (order_id, customer_id, order_date, status, shipping_address, total_amount) VALUES (41, 170, '2025-04-05 03:33:57.715604', 'Shipped', '8384 Jones Mount Suite 490 Harmontown, AS 86078', 21.05);
INSERT INTO Order_Items (order_item_id, order_id, product_id, quantity, unit_price, discount) VALUES (NULL, 41, 24, 2, 399.27, 10);
INSERT INTO Order_Items (order_item_id, order_id, product_id, quantity, unit_price, discount) VALUES (NULL, 41, 26, 1, 203.9, 5);
INSERT INTO Order_Items (order_item_id, order_id, product_id, quantity, unit_price, discount) VALUES (NULL, 41, 9, 3, 383.41, 5);
INSERT INTO Order_Items (order_item_id, order_id, product_id, quantity, unit_price, discount) VALUES (NULL, 41, 24, 3, 467.41, 15);
INSERT INTO Payments (payment_id, order_id, payment_date, payment_method, amount, currency) VALUES (NULL, 41, '2025-03-17 11:59:23.690679', 'Debit Card', 21.05, 'USD');
INSERT INTO Shipping (shipping_id, order_id, carrier, tracking_number, ship_date, delivery_date, status) VALUES (NULL, 41, 'DHL', 'TRK000041', '2025-02-26', '2025-02-14', 'Delivered');
INSERT INTO Orders (order_id, customer_id, order_date, status, shipping_address, total_amount) VALUES (42, 125, '2025-07-16 09:20:31.986825', 'Shipped', '06536 Keith Estates Suite 453 South Paula, PW 08813', 430.1);
INSERT INTO Order_Items (order_item_id, order_id, product_id, quantity, unit_price, discount) VALUES (NULL, 42, 36, 1, 157.1, 0);
INSERT INTO Order_Items (order_item_id, order_id, product_id, quantity, unit_price, discount) VALUES (NULL, 42, 7, 1, 464.28, 15);
INSERT INTO Order_Items (order_item_id, order_id, product_id, quantity, unit_price, discount) VALUES (NULL, 42, 36, 1, 212.44, 10);
INSERT INTO Order_Items (order_item_id, order_id, product_id, quantity, unit_price, discount) VALUES (NULL, 42, 6, 3, 201.94, 15);
INSERT INTO Order_Items (order_item_id, order_id, product_id, quantity, unit_price, discount) VALUES (NULL, 42, 39, 2, 297.81, 0);
INSERT INTO Payments (payment_id, order_id, payment_date, payment_method, amount, currency) VALUES (NULL, 42, '2025-02-27 19:28:56.784246', 'Credit Card', 430.1, 'USD');
INSERT INTO Shipping (shipping_id, order_id, carrier, tracking_number, ship_date, delivery_date, status) VALUES (NULL, 42, 'FedEx', 'TRK000042', '2025-02-16', '2025-04-22', 'Delivered');
INSERT INTO Orders (order_id, customer_id, order_date, status, shipping_address, total_amount) VALUES (43, 51, '2025-08-14 21:31:53.194150', 'Shipped', '896 Mahoney Crescent West Michaelbury, KY 64879', 1593.7);
INSERT INTO Order_Items (order_item_id, order_id, product_id, quantity, unit_price, discount) VALUES (NULL, 43, 11, 2, 145.14, 5);
INSERT INTO Order_Items (order_item_id, order_id, product_id, quantity, unit_price, discount) VALUES (NULL, 43, 18, 2, 296.67, 10);
INSERT INTO Order_Items (order_item_id, order_id, product_id, quantity, unit_price, discount) VALUES (NULL, 43, 38, 3, 61.27, 15);
INSERT INTO Order_Items (order_item_id, order_id, product_id, quantity, unit_price, discount) VALUES (NULL, 43, 25, 1, 242.96, 5);
INSERT INTO Payments (payment_id, order_id, payment_date, payment_method, amount, currency) VALUES (NULL, 43, '2025-04-07 03:48:42.471167', 'Debit Card', 1593.7, 'USD');
INSERT INTO Shipping (shipping_id, order_id, carrier, tracking_number, ship_date, delivery_date, status) VALUES (NULL, 43, 'DHL', 'TRK000043', '2025-03-24', '2025-01-18', 'Delivered');
INSERT INTO Orders (order_id, customer_id, order_date, status, shipping_address, total_amount) VALUES (44, 124, '2025-05-29 09:33:29.578977', 'Shipped', 'PSC 0993, Box 7964 APO AE 60213', 2453.9);
INSERT INTO Order_Items (order_item_id, order_id, product_id, quantity, unit_price, discount) VALUES (NULL, 44, 41, 1, 126.16, 10);
INSERT INTO Order_Items (order_item_id, order_id, product_id, quantity, unit_price, discount) VALUES (NULL, 44, 14, 2, 333.98, 0);
INSERT INTO Order_Items (order_item_id, order_id, product_id, quantity, unit_price, discount) VALUES (NULL, 44, 33, 2, 379.52, 10);
INSERT INTO Order_Items (order_item_id, order_id, product_id, quantity, unit_price, discount) VALUES (NULL, 44, 20, 2, 253.05, 0);
INSERT INTO Payments (payment_id, order_id, payment_date, payment_method, amount, currency) VALUES (NULL, 44, '2025-05-11 01:00:41.313647', 'Credit Card', 2453.9, 'USD');
INSERT INTO Shipping (shipping_id, order_id, carrier, tracking_number, ship_date, delivery_date, status) VALUES (NULL, 44, 'DHL', 'TRK000044', '2025-01-07', '2025-07-22', 'Delivered');
INSERT INTO Orders (order_id, customer_id, order_date, status, shipping_address, total_amount) VALUES (45, 58, '2025-02-06 01:10:58.147489', 'Shipped', 'USCGC Anderson FPO AA 01181', 2952.23);
INSERT INTO Order_Items (order_item_id, order_id, product_id, quantity, unit_price, discount) VALUES (NULL, 45, 2, 3, 79.97, 5);
INSERT INTO Order_Items (order_item_id, order_id, product_id, quantity, unit_price, discount) VALUES (NULL, 45, 9, 3, 273.43, 5);
INSERT INTO Order_Items (order_item_id, order_id, product_id, quantity, unit_price, discount) VALUES (NULL, 45, 43, 2, 276.54, 10);
INSERT INTO Payments (payment_id, order_id, payment_date, payment_method, amount, currency) VALUES (NULL, 45, '2025-07-26 19:03:10.547580', 'Credit Card', 2952.23, 'USD');
INSERT INTO Shipping (shipping_id, order_id, carrier, tracking_number, ship_date, delivery_date, status) VALUES (NULL, 45, 'FedEx', 'TRK000045', '2025-03-18', '2025-03-31', 'Delivered');
INSERT INTO Orders (order_id, customer_id, order_date, status, shipping_address, total_amount) VALUES (46, 156, '2025-05-12 08:56:28.682557', 'Shipped', '813 Swanson Mall North Kellyberg, ID 08588', 1475.69);
INSERT INTO Order_Items (order_item_id, order_id, product_id, quantity, unit_price, discount) VALUES (NULL, 46, 35, 1, 20.17, 5);
INSERT INTO Payments (payment_id, order_id, payment_date, payment_method, amount, currency) VALUES (NULL, 46, '2025-01-16 04:28:22.316498', 'Credit Card', 1475.69, 'USD');
INSERT INTO Shipping (shipping_id, order_id, carrier, tracking_number, ship_date, delivery_date, status) VALUES (NULL, 46, 'FedEx', 'TRK000046', '2025-08-21', '2025-05-04', 'Delivered');
INSERT INTO Orders (order_id, customer_id, order_date, status, shipping_address, total_amount) VALUES (47, 23, '2025-06-24 05:45:28.883384', 'Shipped', '718 Richard Manors Apt. 028 West Mary, LA 53279', 2866.87);
INSERT INTO Order_Items (order_item_id, order_id, product_id, quantity, unit_price, discount) VALUES (NULL, 47, 23, 2, 474.36, 15);
INSERT INTO Order_Items (order_item_id, order_id, product_id, quantity, unit_price, discount) VALUES (NULL, 47, 48, 1, 76.94, 5);
INSERT INTO Payments (payment_id, order_id, payment_date, payment_method, amount, currency) VALUES (NULL, 47, '2025-08-08 13:04:32.718786', 'PayPal', 2866.87, 'USD');
INSERT INTO Shipping (shipping_id, order_id, carrier, tracking_number, ship_date, delivery_date, status) VALUES (NULL, 47, 'DHL', 'TRK000047', '2025-06-13', '2025-04-28', 'Delivered');
INSERT INTO Orders (order_id, customer_id, order_date, status, shipping_address, total_amount) VALUES (48, 133, '2025-02-08 16:55:43.944192', 'Shipped', 'PSC 8217, Box 9999 APO AE 60070', 2948.51);
INSERT INTO Order_Items (order_item_id, order_id, product_id, quantity, unit_price, discount) VALUES (NULL, 48, 42, 2, 483.44, 5);
INSERT INTO Order_Items (order_item_id, order_id, product_id, quantity, unit_price, discount) VALUES (NULL, 48, 28, 1, 282.3, 0);
INSERT INTO Order_Items (order_item_id, order_id, product_id, quantity, unit_price, discount) VALUES (NULL, 48, 2, 1, 32.93, 0);
INSERT INTO Order_Items (order_item_id, order_id, product_id, quantity, unit_price, discount) VALUES (NULL, 48, 27, 3, 265.77, 0);
INSERT INTO Payments (payment_id, order_id, payment_date, payment_method, amount, currency) VALUES (NULL, 48, '2025-03-09 06:16:06.319547', 'PayPal', 2948.51, 'USD');
INSERT INTO Shipping (shipping_id, order_id, carrier, tracking_number, ship_date, delivery_date, status) VALUES (NULL, 48, 'FedEx', 'TRK000048', '2025-06-25', '2025-01-20', 'Delivered');
INSERT INTO Orders (order_id, customer_id, order_date, status, shipping_address, total_amount) VALUES (49, 111, '2025-08-14 14:35:02.754037', 'Shipped', '433 Jackson Divide Apt. 431 New Wayne, ME 43338', 1235.26);
INSERT INTO Order_Items (order_item_id, order_id, product_id, quantity, unit_price, discount) VALUES (NULL, 49, 42, 3, 101.7, 15);
INSERT INTO Order_Items (order_item_id, order_id, product_id, quantity, unit_price, discount) VALUES (NULL, 49, 17, 2, 266.43, 10);
INSERT INTO Order_Items (order_item_id, order_id, product_id, quantity, unit_price, discount) VALUES (NULL, 49, 42, 1, 206.27, 5);
INSERT INTO Payments (payment_id, order_id, payment_date, payment_method, amount, currency) VALUES (NULL, 49, '2025-02-24 18:58:42.725738', 'PayPal', 1235.26, 'USD');
INSERT INTO Shipping (shipping_id, order_id, carrier, tracking_number, ship_date, delivery_date, status) VALUES (NULL, 49, 'FedEx', 'TRK000049', '2025-01-06', '2025-06-30', 'Delivered');
INSERT INTO Orders (order_id, customer_id, order_date, status, shipping_address, total_amount) VALUES (50, 173, '2025-08-06 11:55:00.949862', 'Shipped', '509 Kyle Islands Brittanyborough, WA 59007', 2410.47);
INSERT INTO Order_Items (order_item_id, order_id, product_id, quantity, unit_price, discount) VALUES (NULL, 50, 11, 3, 408.72, 0);
INSERT INTO Payments (payment_id, order_id, payment_date, payment_method, amount, currency) VALUES (NULL, 50, '2025-02-06 10:25:05.944464', 'Debit Card', 2410.47, 'USD');
INSERT INTO Shipping (shipping_id, order_id, carrier, tracking_number, ship_date, delivery_date, status) VALUES (NULL, 50, 'DHL', 'TRK000050', '2025-01-01', '2025-04-02', 'Delivered');
INSERT INTO Orders (order_id, customer_id, order_date, status, shipping_address, total_amount) VALUES (51, 196, '2025-02-05 13:33:59.223342', 'Shipped', '48257 Martin Track Tamichester, IN 99836', 1544.61);
INSERT INTO Order_Items (order_item_id, order_id, product_id, quantity, unit_price, discount) VALUES (NULL, 51, 25, 3, 397.72, 15);
INSERT INTO Order_Items (order_item_id, order_id, product_id, quantity, unit_price, discount) VALUES (NULL, 51, 35, 2, 372.91, 0);
INSERT INTO Payments (payment_id, order_id, payment_date, payment_method, amount, currency) VALUES (NULL, 51, '2025-01-07 21:46:39.465279', 'Debit Card', 1544.61, 'USD');
INSERT INTO Shipping (shipping_id, order_id, carrier, tracking_number, ship_date, delivery_date, status) VALUES (NULL, 51, 'DHL', 'TRK000051', '2025-08-29', '2025-01-15', 'Delivered');
INSERT INTO Orders (order_id, customer_id, order_date, status, shipping_address, total_amount) VALUES (52, 25, '2025-05-22 02:47:09.942101', 'Shipped', '1795 Julie Avenue Huntermouth, HI 01221', 31.48);
INSERT INTO Order_Items (order_item_id, order_id, product_id, quantity, unit_price, discount) VALUES (NULL, 52, 16, 2, 432.74, 5);
INSERT INTO Order_Items (order_item_id, order_id, product_id, quantity, unit_price, discount) VALUES (NULL, 52, 46, 1, 221.78, 10);
INSERT INTO Order_Items (order_item_id, order_id, product_id, quantity, unit_price, discount) VALUES (NULL, 52, 34, 1, 181.11, 0);
INSERT INTO Order_Items (order_item_id, order_id, product_id, quantity, unit_price, discount) VALUES (NULL, 52, 42, 3, 308.07, 0);
INSERT INTO Payments (payment_id, order_id, payment_date, payment_method, amount, currency) VALUES (NULL, 52, '2025-05-01 23:19:32.494990', 'Credit Card', 31.48, 'USD');
INSERT INTO Shipping (shipping_id, order_id, carrier, tracking_number, ship_date, delivery_date, status) VALUES (NULL, 52, 'UPS', 'TRK000052', '2025-01-17', '2025-01-02', 'Delivered');
INSERT INTO Orders (order_id, customer_id, order_date, status, shipping_address, total_amount) VALUES (53, 112, '2025-09-02 21:08:15.289225', 'Shipped', 'USNS Young FPO AE 74918', 1306.95);
INSERT INTO Order_Items (order_item_id, order_id, product_id, quantity, unit_price, discount) VALUES (NULL, 53, 40, 3, 498.18, 15);
INSERT INTO Order_Items (order_item_id, order_id, product_id, quantity, unit_price, discount) VALUES (NULL, 53, 5, 3, 50.44, 5);
INSERT INTO Order_Items (order_item_id, order_id, product_id, quantity, unit_price, discount) VALUES (NULL, 53, 44, 1, 92.76, 0);
INSERT INTO Payments (payment_id, order_id, payment_date, payment_method, amount, currency) VALUES (NULL, 53, '2025-02-01 05:34:48.287243', 'PayPal', 1306.95, 'USD');
INSERT INTO Shipping (shipping_id, order_id, carrier, tracking_number, ship_date, delivery_date, status) VALUES (NULL, 53, 'DHL', 'TRK000053', '2025-07-30', '2025-07-11', 'Delivered');
INSERT INTO Orders (order_id, customer_id, order_date, status, shipping_address, total_amount) VALUES (54, 32, '2025-05-11 08:32:13.527970', 'Shipped', '8046 Michael Divide Suite 328 Port Craigville, NH 01373', 993.13);
INSERT INTO Order_Items (order_item_id, order_id, product_id, quantity, unit_price, discount) VALUES (NULL, 54, 47, 2, 481.64, 15);
INSERT INTO Order_Items (order_item_id, order_id, product_id, quantity, unit_price, discount) VALUES (NULL, 54, 20, 3, 225.68, 5);
INSERT INTO Order_Items (order_item_id, order_id, product_id, quantity, unit_price, discount) VALUES (NULL, 54, 17, 3, 173.28, 5);
INSERT INTO Order_Items (order_item_id, order_id, product_id, quantity, unit_price, discount) VALUES (NULL, 54, 12, 1, 126.86, 15);
INSERT INTO Order_Items (order_item_id, order_id, product_id, quantity, unit_price, discount) VALUES (NULL, 54, 22, 1, 43.49, 10);
INSERT INTO Payments (payment_id, order_id, payment_date, payment_method, amount, currency) VALUES (NULL, 54, '2025-06-23 22:12:10.586616', 'Credit Card', 993.13, 'USD');
INSERT INTO Shipping (shipping_id, order_id, carrier, tracking_number, ship_date, delivery_date, status) VALUES (NULL, 54, 'FedEx', 'TRK000054', '2025-08-22', '2025-01-24', 'Delivered');
INSERT INTO Orders (order_id, customer_id, order_date, status, shipping_address, total_amount) VALUES (55, 76, '2025-01-06 04:06:50.199355', 'Shipped', '88189 Frye Camp Apt. 500 Vasquezport, NM 66274', 1510.82);
INSERT INTO Order_Items (order_item_id, order_id, product_id, quantity, unit_price, discount) VALUES (NULL, 55, 18, 2, 373.47, 15);
INSERT INTO Order_Items (order_item_id, order_id, product_id, quantity, unit_price, discount) VALUES (NULL, 55, 7, 2, 399.65, 5);
INSERT INTO Payments (payment_id, order_id, payment_date, payment_method, amount, currency) VALUES (NULL, 55, '2025-03-09 03:31:46.624958', 'Debit Card', 1510.82, 'USD');
INSERT INTO Shipping (shipping_id, order_id, carrier, tracking_number, ship_date, delivery_date, status) VALUES (NULL, 55, 'DHL', 'TRK000055', '2025-07-19', '2025-07-22', 'Delivered');
INSERT INTO Orders (order_id, customer_id, order_date, status, shipping_address, total_amount) VALUES (56, 45, '2025-06-10 19:29:41.219475', 'Shipped', '584 Lambert Fords West Evanland, MA 40692', 80.86);
INSERT INTO Order_Items (order_item_id, order_id, product_id, quantity, unit_price, discount) VALUES (NULL, 56, 12, 1, 171.65, 5);
INSERT INTO Order_Items (order_item_id, order_id, product_id, quantity, unit_price, discount) VALUES (NULL, 56, 34, 2, 219.51, 10);
INSERT INTO Order_Items (order_item_id, order_id, product_id, quantity, unit_price, discount) VALUES (NULL, 56, 5, 3, 114.83, 10);
INSERT INTO Order_Items (order_item_id, order_id, product_id, quantity, unit_price, discount) VALUES (NULL, 56, 11, 3, 33.79, 15);
INSERT INTO Payments (payment_id, order_id, payment_date, payment_method, amount, currency) VALUES (NULL, 56, '2025-06-22 23:51:22.748957', 'Credit Card', 80.86, 'USD');
INSERT INTO Shipping (shipping_id, order_id, carrier, tracking_number, ship_date, delivery_date, status) VALUES (NULL, 56, 'FedEx', 'TRK000056', '2025-06-05', '2025-06-15', 'Delivered');
INSERT INTO Orders (order_id, customer_id, order_date, status, shipping_address, total_amount) VALUES (57, 141, '2025-08-15 02:50:58.124895', 'Shipped', '0245 Hall Corners Apt. 482 Joyceburgh, WI 02367', 2877.76);
INSERT INTO Order_Items (order_item_id, order_id, product_id, quantity, unit_price, discount) VALUES (NULL, 57, 12, 1, 159.97, 0);
INSERT INTO Payments (payment_id, order_id, payment_date, payment_method, amount, currency) VALUES (NULL, 57, '2025-08-11 20:29:36.436361', 'Debit Card', 2877.76, 'USD');
INSERT INTO Shipping (shipping_id, order_id, carrier, tracking_number, ship_date, delivery_date, status) VALUES (NULL, 57, 'FedEx', 'TRK000057', '2025-02-14', '2025-07-18', 'Delivered');
INSERT INTO Orders (order_id, customer_id, order_date, status, shipping_address, total_amount) VALUES (58, 143, '2025-01-17 07:56:02.939276', 'Shipped', '03761 Paul Way West Lorraineton, MH 93409', 2096.35);
INSERT INTO Order_Items (order_item_id, order_id, product_id, quantity, unit_price, discount) VALUES (NULL, 58, 22, 1, 398.84, 10);
INSERT INTO Order_Items (order_item_id, order_id, product_id, quantity, unit_price, discount) VALUES (NULL, 58, 48, 3, 230.58, 5);
INSERT INTO Order_Items (order_item_id, order_id, product_id, quantity, unit_price, discount) VALUES (NULL, 58, 22, 2, 316.64, 0);
INSERT INTO Order_Items (order_item_id, order_id, product_id, quantity, unit_price, discount) VALUES (NULL, 58, 30, 3, 46.09, 0);
INSERT INTO Order_Items (order_item_id, order_id, product_id, quantity, unit_price, discount) VALUES (NULL, 58, 29, 3, 123.67, 10);
INSERT INTO Payments (payment_id, order_id, payment_date, payment_method, amount, currency) VALUES (NULL, 58, '2025-06-29 11:16:36.175882', 'Debit Card', 2096.35, 'USD');
INSERT INTO Shipping (shipping_id, order_id, carrier, tracking_number, ship_date, delivery_date, status) VALUES (NULL, 58, 'FedEx', 'TRK000058', '2025-02-15', '2025-08-26', 'Delivered');
INSERT INTO Orders (order_id, customer_id, order_date, status, shipping_address, total_amount) VALUES (59, 170, '2025-05-09 20:45:01.062393', 'Shipped', '62189 Thomas Tunnel Apt. 322 Port Heathertown, AL 12660', 1222.37);
INSERT INTO Order_Items (order_item_id, order_id, product_id, quantity, unit_price, discount) VALUES (NULL, 59, 34, 2, 463.08, 0);
INSERT INTO Order_Items (order_item_id, order_id, product_id, quantity, unit_price, discount) VALUES (NULL, 59, 1, 1, 236.96, 0);
INSERT INTO Order_Items (order_item_id, order_id, product_id, quantity, unit_price, discount) VALUES (NULL, 59, 17, 3, 134.0, 5);
INSERT INTO Order_Items (order_item_id, order_id, product_id, quantity, unit_price, discount) VALUES (NULL, 59, 47, 1, 401.67, 5);
INSERT INTO Payments (payment_id, order_id, payment_date, payment_method, amount, currency) VALUES (NULL, 59, '2025-05-03 15:17:36.425625', 'Credit Card', 1222.37, 'USD');
INSERT INTO Shipping (shipping_id, order_id, carrier, tracking_number, ship_date, delivery_date, status) VALUES (NULL, 59, 'UPS', 'TRK000059', '2025-08-30', '2025-07-07', 'Delivered');
INSERT INTO Orders (order_id, customer_id, order_date, status, shipping_address, total_amount) VALUES (60, 196, '2025-08-27 17:56:04.780733', 'Shipped', '45363 Alexander Radial East Kennethview, MS 70429', 1919.38);
INSERT INTO Order_Items (order_item_id, order_id, product_id, quantity, unit_price, discount) VALUES (NULL, 60, 22, 1, 314.98, 0);
INSERT INTO Order_Items (order_item_id, order_id, product_id, quantity, unit_price, discount) VALUES (NULL, 60, 21, 2, 24.78, 10);
INSERT INTO Payments (payment_id, order_id, payment_date, payment_method, amount, currency) VALUES (NULL, 60, '2025-02-20 13:41:04.699739', 'PayPal', 1919.38, 'USD');
INSERT INTO Shipping (shipping_id, order_id, carrier, tracking_number, ship_date, delivery_date, status) VALUES (NULL, 60, 'DHL', 'TRK000060', '2025-01-23', '2025-04-16', 'Delivered');
INSERT INTO Orders (order_id, customer_id, order_date, status, shipping_address, total_amount) VALUES (61, 83, '2025-07-28 00:17:19.096468', 'Shipped', '68015 Darlene Manors Apt. 010 West Alicia, LA 28810', 202.77);
INSERT INTO Order_Items (order_item_id, order_id, product_id, quantity, unit_price, discount) VALUES (NULL, 61, 38, 1, 293.36, 15);
INSERT INTO Order_Items (order_item_id, order_id, product_id, quantity, unit_price, discount) VALUES (NULL, 61, 25, 3, 292.35, 5);
INSERT INTO Order_Items (order_item_id, order_id, product_id, quantity, unit_price, discount) VALUES (NULL, 61, 31, 1, 271.7, 5);
INSERT INTO Payments (payment_id, order_id, payment_date, payment_method, amount, currency) VALUES (NULL, 61, '2025-06-25 11:38:56.591534', 'Debit Card', 202.77, 'USD');
INSERT INTO Shipping (shipping_id, order_id, carrier, tracking_number, ship_date, delivery_date, status) VALUES (NULL, 61, 'UPS', 'TRK000061', '2025-05-06', '2025-08-03', 'Delivered');
INSERT INTO Orders (order_id, customer_id, order_date, status, shipping_address, total_amount) VALUES (62, 59, '2025-01-25 02:52:51.582222', 'Shipped', '4530 Bobby Ports Lake Loriborough, IN 54976', 1330.26);
INSERT INTO Order_Items (order_item_id, order_id, product_id, quantity, unit_price, discount) VALUES (NULL, 62, 6, 2, 410.6, 15);
INSERT INTO Order_Items (order_item_id, order_id, product_id, quantity, unit_price, discount) VALUES (NULL, 62, 8, 1, 484.48, 5);
INSERT INTO Order_Items (order_item_id, order_id, product_id, quantity, unit_price, discount) VALUES (NULL, 62, 35, 3, 362.9, 15);
INSERT INTO Payments (payment_id, order_id, payment_date, payment_method, amount, currency) VALUES (NULL, 62, '2025-04-26 02:18:42.933506', 'Debit Card', 1330.26, 'USD');
INSERT INTO Shipping (shipping_id, order_id, carrier, tracking_number, ship_date, delivery_date, status) VALUES (NULL, 62, 'FedEx', 'TRK000062', '2025-01-25', '2025-04-10', 'Delivered');
INSERT INTO Orders (order_id, customer_id, order_date, status, shipping_address, total_amount) VALUES (63, 123, '2025-03-31 21:41:18.521618', 'Shipped', '5248 Johnson Run Romanburgh, IN 24355', 340.67);
INSERT INTO Order_Items (order_item_id, order_id, product_id, quantity, unit_price, discount) VALUES (NULL, 63, 37, 1, 413.11, 5);
INSERT INTO Order_Items (order_item_id, order_id, product_id, quantity, unit_price, discount) VALUES (NULL, 63, 27, 1, 154.52, 5);
INSERT INTO Order_Items (order_item_id, order_id, product_id, quantity, unit_price, discount) VALUES (NULL, 63, 12, 2, 300.48, 0);
INSERT INTO Payments (payment_id, order_id, payment_date, payment_method, amount, currency) VALUES (NULL, 63, '2025-08-22 04:15:05.765748', 'PayPal', 340.67, 'USD');
INSERT INTO Shipping (shipping_id, order_id, carrier, tracking_number, ship_date, delivery_date, status) VALUES (NULL, 63, 'FedEx', 'TRK000063', '2025-05-26', '2025-05-24', 'Delivered');
INSERT INTO Orders (order_id, customer_id, order_date, status, shipping_address, total_amount) VALUES (64, 16, '2025-08-28 18:32:46.232589', 'Shipped', '642 Amy Hill New Heatherton, PR 48021', 400.33);
INSERT INTO Order_Items (order_item_id, order_id, product_id, quantity, unit_price, discount) VALUES (NULL, 64, 38, 2, 295.84, 0);
INSERT INTO Payments (payment_id, order_id, payment_date, payment_method, amount, currency) VALUES (NULL, 64, '2025-06-12 17:38:36.712516', 'PayPal', 400.33, 'USD');
INSERT INTO Shipping (shipping_id, order_id, carrier, tracking_number, ship_date, delivery_date, status) VALUES (NULL, 64, 'UPS', 'TRK000064', '2025-05-13', '2025-08-23', 'Delivered');
INSERT INTO Orders (order_id, customer_id, order_date, status, shipping_address, total_amount) VALUES (65, 15, '2025-07-18 03:53:06.265931', 'Shipped', '02559 Brown Ferry Port Matthew, NC 35149', 1892.69);
INSERT INTO Order_Items (order_item_id, order_id, product_id, quantity, unit_price, discount) VALUES (NULL, 65, 2, 2, 288.03, 5);
INSERT INTO Order_Items (order_item_id, order_id, product_id, quantity, unit_price, discount) VALUES (NULL, 65, 20, 3, 497.93, 15);
INSERT INTO Order_Items (order_item_id, order_id, product_id, quantity, unit_price, discount) VALUES (NULL, 65, 2, 2, 109.02, 5);
INSERT INTO Order_Items (order_item_id, order_id, product_id, quantity, unit_price, discount) VALUES (NULL, 65, 35, 1, 67.8, 0);
INSERT INTO Payments (payment_id, order_id, payment_date, payment_method, amount, currency) VALUES (NULL, 65, '2025-04-09 02:07:09.319113', 'PayPal', 1892.69, 'USD');
INSERT INTO Shipping (shipping_id, order_id, carrier, tracking_number, ship_date, delivery_date, status) VALUES (NULL, 65, 'FedEx', 'TRK000065', '2025-04-24', '2025-05-17', 'Delivered');
INSERT INTO Orders (order_id, customer_id, order_date, status, shipping_address, total_amount) VALUES (66, 4, '2025-07-01 10:07:14.166088', 'Shipped', '78484 Gloria Forest Apt. 199 Suarezside, MP 12463', 2559.92);
INSERT INTO Order_Items (order_item_id, order_id, product_id, quantity, unit_price, discount) VALUES (NULL, 66, 22, 2, 295.86, 0);
INSERT INTO Order_Items (order_item_id, order_id, product_id, quantity, unit_price, discount) VALUES (NULL, 66, 19, 1, 285.69, 0);
INSERT INTO Order_Items (order_item_id, order_id, product_id, quantity, unit_price, discount) VALUES (NULL, 66, 24, 3, 162.75, 0);
INSERT INTO Order_Items (order_item_id, order_id, product_id, quantity, unit_price, discount) VALUES (NULL, 66, 24, 1, 347.64, 15);
INSERT INTO Order_Items (order_item_id, order_id, product_id, quantity, unit_price, discount) VALUES (NULL, 66, 13, 3, 72.79, 5);
INSERT INTO Payments (payment_id, order_id, payment_date, payment_method, amount, currency) VALUES (NULL, 66, '2025-03-20 16:04:24.803690', 'Credit Card', 2559.92, 'USD');
INSERT INTO Shipping (shipping_id, order_id, carrier, tracking_number, ship_date, delivery_date, status) VALUES (NULL, 66, 'UPS', 'TRK000066', '2025-01-06', '2025-04-25', 'Delivered');
INSERT INTO Orders (order_id, customer_id, order_date, status, shipping_address, total_amount) VALUES (67, 46, '2025-08-19 05:44:00.492408', 'Shipped', '6264 Hubbard Hollow West Joshua, IL 27574', 602.49);
INSERT INTO Order_Items (order_item_id, order_id, product_id, quantity, unit_price, discount) VALUES (NULL, 67, 30, 3, 95.65, 5);
INSERT INTO Order_Items (order_item_id, order_id, product_id, quantity, unit_price, discount) VALUES (NULL, 67, 27, 3, 58.62, 0);
INSERT INTO Payments (payment_id, order_id, payment_date, payment_method, amount, currency) VALUES (NULL, 67, '2025-03-03 01:10:20.284757', 'Credit Card', 602.49, 'USD');
INSERT INTO Shipping (shipping_id, order_id, carrier, tracking_number, ship_date, delivery_date, status) VALUES (NULL, 67, 'UPS', 'TRK000067', '2025-06-22', '2025-02-10', 'Delivered');
INSERT INTO Orders (order_id, customer_id, order_date, status, shipping_address, total_amount) VALUES (68, 2, '2025-02-13 14:00:11.874535', 'Shipped', '707 Walker Cove Apt. 810 Ryanville, SD 32027', 1919.26);
INSERT INTO Order_Items (order_item_id, order_id, product_id, quantity, unit_price, discount) VALUES (NULL, 68, 29, 3, 288.01, 10);
INSERT INTO Order_Items (order_item_id, order_id, product_id, quantity, unit_price, discount) VALUES (NULL, 68, 42, 3, 484.77, 5);
INSERT INTO Payments (payment_id, order_id, payment_date, payment_method, amount, currency) VALUES (NULL, 68, '2025-07-31 20:20:59.181074', 'Credit Card', 1919.26, 'USD');
INSERT INTO Shipping (shipping_id, order_id, carrier, tracking_number, ship_date, delivery_date, status) VALUES (NULL, 68, 'UPS', 'TRK000068', '2025-06-12', '2025-04-04', 'Delivered');
INSERT INTO Orders (order_id, customer_id, order_date, status, shipping_address, total_amount) VALUES (69, 190, '2025-03-26 11:18:39.462512', 'Shipped', '1094 Cheryl Street East Jack, MT 62276', 243.47);
INSERT INTO Order_Items (order_item_id, order_id, product_id, quantity, unit_price, discount) VALUES (NULL, 69, 50, 2, 118.42, 5);
INSERT INTO Order_Items (order_item_id, order_id, product_id, quantity, unit_price, discount) VALUES (NULL, 69, 49, 2, 164.37, 10);
INSERT INTO Order_Items (order_item_id, order_id, product_id, quantity, unit_price, discount) VALUES (NULL, 69, 33, 1, 255.31, 15);
INSERT INTO Payments (payment_id, order_id, payment_date, payment_method, amount, currency) VALUES (NULL, 69, '2025-01-20 19:52:01.958102', 'PayPal', 243.47, 'USD');
INSERT INTO Shipping (shipping_id, order_id, carrier, tracking_number, ship_date, delivery_date, status) VALUES (NULL, 69, 'DHL', 'TRK000069', '2025-03-03', '2025-05-26', 'Delivered');
INSERT INTO Orders (order_id, customer_id, order_date, status, shipping_address, total_amount) VALUES (70, 119, '2025-03-06 23:44:25.673126', 'Shipped', '680 Maria Crest Apt. 085 East Joseph, OK 65883', 169.4);
INSERT INTO Order_Items (order_item_id, order_id, product_id, quantity, unit_price, discount) VALUES (NULL, 70, 46, 1, 184.88, 5);
INSERT INTO Order_Items (order_item_id, order_id, product_id, quantity, unit_price, discount) VALUES (NULL, 70, 3, 2, 412.37, 0);
INSERT INTO Order_Items (order_item_id, order_id, product_id, quantity, unit_price, discount) VALUES (NULL, 70, 30, 3, 342.69, 10);
INSERT INTO Payments (payment_id, order_id, payment_date, payment_method, amount, currency) VALUES (NULL, 70, '2025-05-31 16:44:52.369432', 'Debit Card', 169.4, 'USD');
INSERT INTO Shipping (shipping_id, order_id, carrier, tracking_number, ship_date, delivery_date, status) VALUES (NULL, 70, 'FedEx', 'TRK000070', '2025-05-21', '2025-04-08', 'Delivered');
INSERT INTO Orders (order_id, customer_id, order_date, status, shipping_address, total_amount) VALUES (71, 62, '2025-01-26 07:41:16.109279', 'Shipped', '0831 Jacobson Lodge Suite 286 Vegabury, NY 90882', 1627.78);
INSERT INTO Order_Items (order_item_id, order_id, product_id, quantity, unit_price, discount) VALUES (NULL, 71, 12, 2, 467.88, 15);
INSERT INTO Order_Items (order_item_id, order_id, product_id, quantity, unit_price, discount) VALUES (NULL, 71, 26, 3, 382.38, 15);
INSERT INTO Order_Items (order_item_id, order_id, product_id, quantity, unit_price, discount) VALUES (NULL, 71, 44, 2, 165.49, 0);
INSERT INTO Order_Items (order_item_id, order_id, product_id, quantity, unit_price, discount) VALUES (NULL, 71, 36, 2, 74.08, 0);
INSERT INTO Order_Items (order_item_id, order_id, product_id, quantity, unit_price, discount) VALUES (NULL, 71, 4, 1, 278.89, 15);
INSERT INTO Payments (payment_id, order_id, payment_date, payment_method, amount, currency) VALUES (NULL, 71, '2025-04-10 01:37:38.726599', 'PayPal', 1627.78, 'USD');
INSERT INTO Shipping (shipping_id, order_id, carrier, tracking_number, ship_date, delivery_date, status) VALUES (NULL, 71, 'FedEx', 'TRK000071', '2025-05-27', '2025-06-03', 'Delivered');
INSERT INTO Orders (order_id, customer_id, order_date, status, shipping_address, total_amount) VALUES (72, 51, '2025-05-04 06:28:01.745053', 'Shipped', '37687 Anderson Stream Kristaport, SC 53724', 463.78);
INSERT INTO Order_Items (order_item_id, order_id, product_id, quantity, unit_price, discount) VALUES (NULL, 72, 18, 3, 202.23, 10);
INSERT INTO Order_Items (order_item_id, order_id, product_id, quantity, unit_price, discount) VALUES (NULL, 72, 6, 1, 431.83, 0);
INSERT INTO Order_Items (order_item_id, order_id, product_id, quantity, unit_price, discount) VALUES (NULL, 72, 39, 3, 147.48, 5);
INSERT INTO Order_Items (order_item_id, order_id, product_id, quantity, unit_price, discount) VALUES (NULL, 72, 8, 1, 231.96, 5);
INSERT INTO Order_Items (order_item_id, order_id, product_id, quantity, unit_price, discount) VALUES (NULL, 72, 10, 3, 479.99, 10);
INSERT INTO Payments (payment_id, order_id, payment_date, payment_method, amount, currency) VALUES (NULL, 72, '2025-07-30 11:57:37.076861', 'PayPal', 463.78, 'USD');
INSERT INTO Shipping (shipping_id, order_id, carrier, tracking_number, ship_date, delivery_date, status) VALUES (NULL, 72, 'UPS', 'TRK000072', '2025-03-25', '2025-06-11', 'Delivered');
INSERT INTO Orders (order_id, customer_id, order_date, status, shipping_address, total_amount) VALUES (73, 17, '2025-03-23 13:01:05.343550', 'Shipped', '664 Franklin Club North Thomas, ND 57649', 113.18);
INSERT INTO Order_Items (order_item_id, order_id, product_id, quantity, unit_price, discount) VALUES (NULL, 73, 44, 1, 368.23, 5);
INSERT INTO Order_Items (order_item_id, order_id, product_id, quantity, unit_price, discount) VALUES (NULL, 73, 34, 2, 468.32, 0);
INSERT INTO Payments (payment_id, order_id, payment_date, payment_method, amount, currency) VALUES (NULL, 73, '2025-03-09 20:38:05.739322', 'Debit Card', 113.18, 'USD');
INSERT INTO Shipping (shipping_id, order_id, carrier, tracking_number, ship_date, delivery_date, status) VALUES (NULL, 73, 'FedEx', 'TRK000073', '2025-03-04', '2025-01-03', 'Delivered');
INSERT INTO Orders (order_id, customer_id, order_date, status, shipping_address, total_amount) VALUES (74, 165, '2025-03-18 06:06:48.893639', 'Shipped', '3686 Tracey Burgs Lake Beth, PA 49437', 1991.94);
INSERT INTO Order_Items (order_item_id, order_id, product_id, quantity, unit_price, discount) VALUES (NULL, 74, 40, 3, 425.27, 5);
INSERT INTO Order_Items (order_item_id, order_id, product_id, quantity, unit_price, discount) VALUES (NULL, 74, 50, 1, 304.83, 5);
INSERT INTO Order_Items (order_item_id, order_id, product_id, quantity, unit_price, discount) VALUES (NULL, 74, 42, 1, 415.05, 5);
INSERT INTO Order_Items (order_item_id, order_id, product_id, quantity, unit_price, discount) VALUES (NULL, 74, 40, 2, 255.61, 15);
INSERT INTO Payments (payment_id, order_id, payment_date, payment_method, amount, currency) VALUES (NULL, 74, '2025-07-01 07:32:05.868358', 'PayPal', 1991.94, 'USD');
INSERT INTO Shipping (shipping_id, order_id, carrier, tracking_number, ship_date, delivery_date, status) VALUES (NULL, 74, 'FedEx', 'TRK000074', '2025-07-24', '2025-06-19', 'Delivered');
INSERT INTO Orders (order_id, customer_id, order_date, status, shipping_address, total_amount) VALUES (75, 109, '2025-02-22 00:11:35.416698', 'Shipped', 'USNV Rocha FPO AE 06345', 1458.8);
INSERT INTO Order_Items (order_item_id, order_id, product_id, quantity, unit_price, discount) VALUES (NULL, 75, 28, 2, 424.9, 10);
INSERT INTO Order_Items (order_item_id, order_id, product_id, quantity, unit_price, discount) VALUES (NULL, 75, 46, 1, 13.62, 0);
INSERT INTO Order_Items (order_item_id, order_id, product_id, quantity, unit_price, discount) VALUES (NULL, 75, 26, 2, 398.27, 0);
INSERT INTO Payments (payment_id, order_id, payment_date, payment_method, amount, currency) VALUES (NULL, 75, '2025-07-24 19:36:40.043480', 'Debit Card', 1458.8, 'USD');
INSERT INTO Shipping (shipping_id, order_id, carrier, tracking_number, ship_date, delivery_date, status) VALUES (NULL, 75, 'UPS', 'TRK000075', '2025-04-13', '2025-02-06', 'Delivered');
INSERT INTO Orders (order_id, customer_id, order_date, status, shipping_address, total_amount) VALUES (76, 115, '2025-01-03 15:03:28.552994', 'Shipped', '2641 Amy Knolls Dillonhaven, VT 07214', 2222.62);
INSERT INTO Order_Items (order_item_id, order_id, product_id, quantity, unit_price, discount) VALUES (NULL, 76, 15, 2, 305.74, 10);
INSERT INTO Payments (payment_id, order_id, payment_date, payment_method, amount, currency) VALUES (NULL, 76, '2025-04-27 06:21:34.247934', 'Debit Card', 2222.62, 'USD');
INSERT INTO Shipping (shipping_id, order_id, carrier, tracking_number, ship_date, delivery_date, status) VALUES (NULL, 76, 'DHL', 'TRK000076', '2025-08-08', '2025-01-30', 'Delivered');
INSERT INTO Orders (order_id, customer_id, order_date, status, shipping_address, total_amount) VALUES (77, 133, '2025-06-13 20:43:31.528627', 'Shipped', '29089 Collier Port Apt. 404 Carterstad, NE 27272', 840.89);
INSERT INTO Order_Items (order_item_id, order_id, product_id, quantity, unit_price, discount) VALUES (NULL, 77, 21, 2, 12.45, 0);
INSERT INTO Payments (payment_id, order_id, payment_date, payment_method, amount, currency) VALUES (NULL, 77, '2025-04-21 18:25:00.149927', 'Debit Card', 840.89, 'USD');
INSERT INTO Shipping (shipping_id, order_id, carrier, tracking_number, ship_date, delivery_date, status) VALUES (NULL, 77, 'DHL', 'TRK000077', '2025-07-25', '2025-03-18', 'Delivered');
INSERT INTO Orders (order_id, customer_id, order_date, status, shipping_address, total_amount) VALUES (78, 156, '2025-08-22 18:17:22.118204', 'Shipped', '808 Melanie Skyway Apt. 129 Vincentstad, PR 84383', 1929.39);
INSERT INTO Order_Items (order_item_id, order_id, product_id, quantity, unit_price, discount) VALUES (NULL, 78, 26, 2, 484.69, 0);
INSERT INTO Order_Items (order_item_id, order_id, product_id, quantity, unit_price, discount) VALUES (NULL, 78, 27, 2, 496.91, 10);
INSERT INTO Order_Items (order_item_id, order_id, product_id, quantity, unit_price, discount) VALUES (NULL, 78, 33, 2, 349.42, 10);
INSERT INTO Order_Items (order_item_id, order_id, product_id, quantity, unit_price, discount) VALUES (NULL, 78, 30, 1, 337.74, 0);
INSERT INTO Payments (payment_id, order_id, payment_date, payment_method, amount, currency) VALUES (NULL, 78, '2025-03-18 16:59:53.422020', 'Credit Card', 1929.39, 'USD');
INSERT INTO Shipping (shipping_id, order_id, carrier, tracking_number, ship_date, delivery_date, status) VALUES (NULL, 78, 'DHL', 'TRK000078', '2025-08-30', '2025-05-16', 'Delivered');
INSERT INTO Orders (order_id, customer_id, order_date, status, shipping_address, total_amount) VALUES (79, 108, '2025-05-21 04:40:34.562571', 'Shipped', '281 Timothy Dam Suite 622 Shirleyville, VT 24756', 1544.18);
INSERT INTO Order_Items (order_item_id, order_id, product_id, quantity, unit_price, discount) VALUES (NULL, 79, 34, 1, 167.06, 5);
INSERT INTO Order_Items (order_item_id, order_id, product_id, quantity, unit_price, discount) VALUES (NULL, 79, 1, 2, 183.63, 5);
INSERT INTO Order_Items (order_item_id, order_id, product_id, quantity, unit_price, discount) VALUES (NULL, 79, 15, 3, 202.24, 15);
INSERT INTO Order_Items (order_item_id, order_id, product_id, quantity, unit_price, discount) VALUES (NULL, 79, 40, 2, 136.05, 5);
INSERT INTO Payments (payment_id, order_id, payment_date, payment_method, amount, currency) VALUES (NULL, 79, '2025-03-31 17:12:37.331584', 'Debit Card', 1544.18, 'USD');
INSERT INTO Shipping (shipping_id, order_id, carrier, tracking_number, ship_date, delivery_date, status) VALUES (NULL, 79, 'UPS', 'TRK000079', '2025-02-24', '2025-01-29', 'Delivered');
INSERT INTO Orders (order_id, customer_id, order_date, status, shipping_address, total_amount) VALUES (80, 64, '2025-01-06 08:37:26.869184', 'Shipped', 'Unit 8099 Box 6788 DPO AA 47022', 397.28);
INSERT INTO Order_Items (order_item_id, order_id, product_id, quantity, unit_price, discount) VALUES (NULL, 80, 6, 3, 495.6, 0);
INSERT INTO Order_Items (order_item_id, order_id, product_id, quantity, unit_price, discount) VALUES (NULL, 80, 9, 2, 430.63, 5);
INSERT INTO Order_Items (order_item_id, order_id, product_id, quantity, unit_price, discount) VALUES (NULL, 80, 38, 2, 292.5, 15);
INSERT INTO Order_Items (order_item_id, order_id, product_id, quantity, unit_price, discount) VALUES (NULL, 80, 23, 3, 420.64, 15);
INSERT INTO Order_Items (order_item_id, order_id, product_id, quantity, unit_price, discount) VALUES (NULL, 80, 13, 1, 185.19, 5);
INSERT INTO Payments (payment_id, order_id, payment_date, payment_method, amount, currency) VALUES (NULL, 80, '2025-01-29 17:38:23.588943', 'PayPal', 397.28, 'USD');
INSERT INTO Shipping (shipping_id, order_id, carrier, tracking_number, ship_date, delivery_date, status) VALUES (NULL, 80, 'UPS', 'TRK000080', '2025-04-09', '2025-07-18', 'Delivered');
INSERT INTO Orders (order_id, customer_id, order_date, status, shipping_address, total_amount) VALUES (81, 166, '2025-05-25 13:19:41.839294', 'Shipped', '2553 Armstrong Harbors Apt. 982 Williamsport, VA 56197', 2212.88);
INSERT INTO Order_Items (order_item_id, order_id, product_id, quantity, unit_price, discount) VALUES (NULL, 81, 43, 2, 220.37, 15);
INSERT INTO Order_Items (order_item_id, order_id, product_id, quantity, unit_price, discount) VALUES (NULL, 81, 47, 2, 125.76, 15);
INSERT INTO Payments (payment_id, order_id, payment_date, payment_method, amount, currency) VALUES (NULL, 81, '2025-08-08 06:22:23.078718', 'Debit Card', 2212.88, 'USD');
INSERT INTO Shipping (shipping_id, order_id, carrier, tracking_number, ship_date, delivery_date, status) VALUES (NULL, 81, 'UPS', 'TRK000081', '2025-04-07', '2025-03-11', 'Delivered');
INSERT INTO Orders (order_id, customer_id, order_date, status, shipping_address, total_amount) VALUES (82, 154, '2025-02-27 17:37:19.201373', 'Shipped', 'Unit 7394 Box 1540 DPO AP 11535', 1635.26);
INSERT INTO Order_Items (order_item_id, order_id, product_id, quantity, unit_price, discount) VALUES (NULL, 82, 48, 3, 430.14, 15);
INSERT INTO Order_Items (order_item_id, order_id, product_id, quantity, unit_price, discount) VALUES (NULL, 82, 7, 2, 256.33, 15);
INSERT INTO Order_Items (order_item_id, order_id, product_id, quantity, unit_price, discount) VALUES (NULL, 82, 35, 3, 481.9, 10);
INSERT INTO Order_Items (order_item_id, order_id, product_id, quantity, unit_price, discount) VALUES (NULL, 82, 30, 1, 148.76, 15);
INSERT INTO Order_Items (order_item_id, order_id, product_id, quantity, unit_price, discount) VALUES (NULL, 82, 6, 3, 329.06, 10);
INSERT INTO Payments (payment_id, order_id, payment_date, payment_method, amount, currency) VALUES (NULL, 82, '2025-03-20 18:29:15.181978', 'Debit Card', 1635.26, 'USD');
INSERT INTO Shipping (shipping_id, order_id, carrier, tracking_number, ship_date, delivery_date, status) VALUES (NULL, 82, 'UPS', 'TRK000082', '2025-03-28', '2025-01-26', 'Delivered');
INSERT INTO Orders (order_id, customer_id, order_date, status, shipping_address, total_amount) VALUES (83, 110, '2025-04-28 13:09:26.551936', 'Shipped', '97566 Tiffany Village Ericside, SC 67951', 1506.26);
INSERT INTO Order_Items (order_item_id, order_id, product_id, quantity, unit_price, discount) VALUES (NULL, 83, 30, 3, 58.38, 5);
INSERT INTO Payments (payment_id, order_id, payment_date, payment_method, amount, currency) VALUES (NULL, 83, '2025-09-03 00:47:16.049684', 'PayPal', 1506.26, 'USD');
INSERT INTO Shipping (shipping_id, order_id, carrier, tracking_number, ship_date, delivery_date, status) VALUES (NULL, 83, 'UPS', 'TRK000083', '2025-06-21', '2025-02-27', 'Delivered');
INSERT INTO Orders (order_id, customer_id, order_date, status, shipping_address, total_amount) VALUES (84, 163, '2025-07-01 23:09:36.060857', 'Shipped', '4179 Sharp Forks Suite 668 Oconnorstad, CA 85488', 1394.53);
INSERT INTO Order_Items (order_item_id, order_id, product_id, quantity, unit_price, discount) VALUES (NULL, 84, 26, 2, 377.91, 5);
INSERT INTO Order_Items (order_item_id, order_id, product_id, quantity, unit_price, discount) VALUES (NULL, 84, 36, 2, 297.52, 0);
INSERT INTO Order_Items (order_item_id, order_id, product_id, quantity, unit_price, discount) VALUES (NULL, 84, 15, 2, 110.67, 10);
INSERT INTO Order_Items (order_item_id, order_id, product_id, quantity, unit_price, discount) VALUES (NULL, 84, 17, 1, 250.39, 0);
INSERT INTO Payments (payment_id, order_id, payment_date, payment_method, amount, currency) VALUES (NULL, 84, '2025-04-21 07:29:46.339992', 'Credit Card', 1394.53, 'USD');
INSERT INTO Shipping (shipping_id, order_id, carrier, tracking_number, ship_date, delivery_date, status) VALUES (NULL, 84, 'DHL', 'TRK000084', '2025-06-18', '2025-04-09', 'Delivered');
INSERT INTO Orders (order_id, customer_id, order_date, status, shipping_address, total_amount) VALUES (85, 163, '2025-07-31 00:05:08.971374', 'Shipped', '312 Tracy Junction Apt. 028 South Samuelton, CO 10838', 2599.82);
INSERT INTO Order_Items (order_item_id, order_id, product_id, quantity, unit_price, discount) VALUES (NULL, 85, 49, 3, 322.22, 0);
INSERT INTO Order_Items (order_item_id, order_id, product_id, quantity, unit_price, discount) VALUES (NULL, 85, 15, 2, 470.61, 15);
INSERT INTO Order_Items (order_item_id, order_id, product_id, quantity, unit_price, discount) VALUES (NULL, 85, 33, 3, 330.6, 0);
INSERT INTO Order_Items (order_item_id, order_id, product_id, quantity, unit_price, discount) VALUES (NULL, 85, 50, 3, 56.91, 0);
INSERT INTO Payments (payment_id, order_id, payment_date, payment_method, amount, currency) VALUES (NULL, 85, '2025-07-22 05:38:43.500294', 'PayPal', 2599.82, 'USD');
INSERT INTO Shipping (shipping_id, order_id, carrier, tracking_number, ship_date, delivery_date, status) VALUES (NULL, 85, 'FedEx', 'TRK000085', '2025-05-02', '2025-02-04', 'Delivered');
INSERT INTO Orders (order_id, customer_id, order_date, status, shipping_address, total_amount) VALUES (86, 148, '2025-01-18 14:54:54.763445', 'Shipped', '295 Allen Heights Veronicaburgh, IL 31555', 92.45);
INSERT INTO Order_Items (order_item_id, order_id, product_id, quantity, unit_price, discount) VALUES (NULL, 86, 45, 2, 94.3, 10);
INSERT INTO Order_Items (order_item_id, order_id, product_id, quantity, unit_price, discount) VALUES (NULL, 86, 41, 2, 199.14, 10);
INSERT INTO Order_Items (order_item_id, order_id, product_id, quantity, unit_price, discount) VALUES (NULL, 86, 47, 3, 118.83, 15);
INSERT INTO Payments (payment_id, order_id, payment_date, payment_method, amount, currency) VALUES (NULL, 86, '2025-08-07 18:58:14.736672', 'PayPal', 92.45, 'USD');
INSERT INTO Shipping (shipping_id, order_id, carrier, tracking_number, ship_date, delivery_date, status) VALUES (NULL, 86, 'FedEx', 'TRK000086', '2025-05-16', '2025-04-11', 'Delivered');
INSERT INTO Orders (order_id, customer_id, order_date, status, shipping_address, total_amount) VALUES (87, 38, '2025-03-16 00:32:16.956383', 'Shipped', '4041 Ryan Flat Suite 999 North Vanessa, WI 15560', 1347.21);
INSERT INTO Order_Items (order_item_id, order_id, product_id, quantity, unit_price, discount) VALUES (NULL, 87, 3, 3, 216.11, 5);
INSERT INTO Order_Items (order_item_id, order_id, product_id, quantity, unit_price, discount) VALUES (NULL, 87, 22, 1, 66.77, 5);
INSERT INTO Order_Items (order_item_id, order_id, product_id, quantity, unit_price, discount) VALUES (NULL, 87, 1, 1, 316.03, 0);
INSERT INTO Order_Items (order_item_id, order_id, product_id, quantity, unit_price, discount) VALUES (NULL, 87, 9, 3, 313.16, 10);
INSERT INTO Order_Items (order_item_id, order_id, product_id, quantity, unit_price, discount) VALUES (NULL, 87, 45, 3, 414.9, 10);
INSERT INTO Payments (payment_id, order_id, payment_date, payment_method, amount, currency) VALUES (NULL, 87, '2025-02-21 08:28:01.011063', 'Debit Card', 1347.21, 'USD');
INSERT INTO Shipping (shipping_id, order_id, carrier, tracking_number, ship_date, delivery_date, status) VALUES (NULL, 87, 'FedEx', 'TRK000087', '2025-02-07', '2025-06-24', 'Delivered');
INSERT INTO Orders (order_id, customer_id, order_date, status, shipping_address, total_amount) VALUES (88, 132, '2025-05-17 12:03:53.509476', 'Shipped', '80813 Reilly Fields Apt. 263 Lake Cynthiastad, NE 60487', 485.59);
INSERT INTO Order_Items (order_item_id, order_id, product_id, quantity, unit_price, discount) VALUES (NULL, 88, 34, 2, 83.99, 0);
INSERT INTO Order_Items (order_item_id, order_id, product_id, quantity, unit_price, discount) VALUES (NULL, 88, 19, 3, 99.5, 10);
INSERT INTO Order_Items (order_item_id, order_id, product_id, quantity, unit_price, discount) VALUES (NULL, 88, 23, 2, 326.72, 15);
INSERT INTO Payments (payment_id, order_id, payment_date, payment_method, amount, currency) VALUES (NULL, 88, '2025-02-05 09:14:33.284230', 'PayPal', 485.59, 'USD');
INSERT INTO Shipping (shipping_id, order_id, carrier, tracking_number, ship_date, delivery_date, status) VALUES (NULL, 88, 'UPS', 'TRK000088', '2025-04-04', '2025-03-02', 'Delivered');
INSERT INTO Orders (order_id, customer_id, order_date, status, shipping_address, total_amount) VALUES (89, 81, '2025-01-18 21:01:54.978121', 'Shipped', '04280 Jones Pines Apt. 446 Lake Monique, FM 67884', 761.49);
INSERT INTO Order_Items (order_item_id, order_id, product_id, quantity, unit_price, discount) VALUES (NULL, 89, 7, 2, 382.08, 0);
INSERT INTO Order_Items (order_item_id, order_id, product_id, quantity, unit_price, discount) VALUES (NULL, 89, 17, 2, 415.13, 10);
INSERT INTO Order_Items (order_item_id, order_id, product_id, quantity, unit_price, discount) VALUES (NULL, 89, 4, 1, 336.17, 10);
INSERT INTO Payments (payment_id, order_id, payment_date, payment_method, amount, currency) VALUES (NULL, 89, '2025-01-29 06:00:24.671834', 'PayPal', 761.49, 'USD');
INSERT INTO Shipping (shipping_id, order_id, carrier, tracking_number, ship_date, delivery_date, status) VALUES (NULL, 89, 'UPS', 'TRK000089', '2025-08-13', '2025-01-01', 'Delivered');
INSERT INTO Orders (order_id, customer_id, order_date, status, shipping_address, total_amount) VALUES (90, 197, '2025-08-28 21:45:27.189216', 'Shipped', '587 Dodson Villages Apt. 938 Benjaminside, AK 10263', 1804.93);
INSERT INTO Order_Items (order_item_id, order_id, product_id, quantity, unit_price, discount) VALUES (NULL, 90, 32, 1, 235.78, 15);
INSERT INTO Payments (payment_id, order_id, payment_date, payment_method, amount, currency) VALUES (NULL, 90, '2025-05-17 23:48:22.366165', 'Debit Card', 1804.93, 'USD');
INSERT INTO Shipping (shipping_id, order_id, carrier, tracking_number, ship_date, delivery_date, status) VALUES (NULL, 90, 'UPS', 'TRK000090', '2025-05-20', '2025-08-22', 'Delivered');
INSERT INTO Orders (order_id, customer_id, order_date, status, shipping_address, total_amount) VALUES (91, 147, '2025-01-11 02:55:33.397020', 'Shipped', '89296 Williams Rapids Suite 102 West Kiara, MH 95052', 1688.89);
INSERT INTO Order_Items (order_item_id, order_id, product_id, quantity, unit_price, discount) VALUES (NULL, 91, 24, 1, 153.68, 10);
INSERT INTO Order_Items (order_item_id, order_id, product_id, quantity, unit_price, discount) VALUES (NULL, 91, 13, 1, 304.37, 0);
INSERT INTO Payments (payment_id, order_id, payment_date, payment_method, amount, currency) VALUES (NULL, 91, '2025-01-01 08:23:50.227538', 'PayPal', 1688.89, 'USD');
INSERT INTO Shipping (shipping_id, order_id, carrier, tracking_number, ship_date, delivery_date, status) VALUES (NULL, 91, 'DHL', 'TRK000091', '2025-02-08', '2025-04-23', 'Delivered');
INSERT INTO Orders (order_id, customer_id, order_date, status, shipping_address, total_amount) VALUES (92, 62, '2025-03-11 18:57:22.168164', 'Shipped', '06544 Jones Ways Apt. 371 East Donna, NC 87778', 2212.76);
INSERT INTO Order_Items (order_item_id, order_id, product_id, quantity, unit_price, discount) VALUES (NULL, 92, 14, 1, 461.05, 0);
INSERT INTO Order_Items (order_item_id, order_id, product_id, quantity, unit_price, discount) VALUES (NULL, 92, 37, 1, 34.26, 15);
INSERT INTO Order_Items (order_item_id, order_id, product_id, quantity, unit_price, discount) VALUES (NULL, 92, 29, 2, 236.55, 15);
INSERT INTO Order_Items (order_item_id, order_id, product_id, quantity, unit_price, discount) VALUES (NULL, 92, 15, 1, 151.07, 15);
INSERT INTO Order_Items (order_item_id, order_id, product_id, quantity, unit_price, discount) VALUES (NULL, 92, 9, 2, 365.31, 5);
INSERT INTO Payments (payment_id, order_id, payment_date, payment_method, amount, currency) VALUES (NULL, 92, '2025-03-26 04:36:23.349905', 'Credit Card', 2212.76, 'USD');
INSERT INTO Shipping (shipping_id, order_id, carrier, tracking_number, ship_date, delivery_date, status) VALUES (NULL, 92, 'UPS', 'TRK000092', '2025-05-01', '2025-06-08', 'Delivered');
INSERT INTO Orders (order_id, customer_id, order_date, status, shipping_address, total_amount) VALUES (93, 76, '2025-03-24 03:00:17.136417', 'Shipped', '04873 Shaw Views Apt. 889 Jakemouth, TX 14513', 845.12);
INSERT INTO Order_Items (order_item_id, order_id, product_id, quantity, unit_price, discount) VALUES (NULL, 93, 12, 2, 73.08, 0);
INSERT INTO Payments (payment_id, order_id, payment_date, payment_method, amount, currency) VALUES (NULL, 93, '2025-02-09 09:45:37.332012', 'Credit Card', 845.12, 'USD');
INSERT INTO Shipping (shipping_id, order_id, carrier, tracking_number, ship_date, delivery_date, status) VALUES (NULL, 93, 'FedEx', 'TRK000093', '2025-06-05', '2025-06-16', 'Delivered');
INSERT INTO Orders (order_id, customer_id, order_date, status, shipping_address, total_amount) VALUES (94, 135, '2025-06-19 11:51:55.826456', 'Shipped', 'PSC 8415, Box 5253 APO AA 54846', 1202.66);
INSERT INTO Order_Items (order_item_id, order_id, product_id, quantity, unit_price, discount) VALUES (NULL, 94, 39, 1, 204.45, 0);
INSERT INTO Order_Items (order_item_id, order_id, product_id, quantity, unit_price, discount) VALUES (NULL, 94, 29, 3, 475.23, 0);
INSERT INTO Order_Items (order_item_id, order_id, product_id, quantity, unit_price, discount) VALUES (NULL, 94, 41, 2, 249.94, 0);
INSERT INTO Order_Items (order_item_id, order_id, product_id, quantity, unit_price, discount) VALUES (NULL, 94, 7, 1, 269.14, 15);
INSERT INTO Order_Items (order_item_id, order_id, product_id, quantity, unit_price, discount) VALUES (NULL, 94, 20, 2, 26.75, 15);
INSERT INTO Payments (payment_id, order_id, payment_date, payment_method, amount, currency) VALUES (NULL, 94, '2025-06-17 18:06:05.988873', 'PayPal', 1202.66, 'USD');
INSERT INTO Shipping (shipping_id, order_id, carrier, tracking_number, ship_date, delivery_date, status) VALUES (NULL, 94, 'DHL', 'TRK000094', '2025-08-27', '2025-03-07', 'Delivered');
INSERT INTO Orders (order_id, customer_id, order_date, status, shipping_address, total_amount) VALUES (95, 168, '2025-08-19 20:48:02.534464', 'Shipped', '043 King Causeway New Yesenia, IL 15343', 967.49);
INSERT INTO Order_Items (order_item_id, order_id, product_id, quantity, unit_price, discount) VALUES (NULL, 95, 30, 3, 96.56, 15);
INSERT INTO Order_Items (order_item_id, order_id, product_id, quantity, unit_price, discount) VALUES (NULL, 95, 27, 3, 251.94, 5);
INSERT INTO Payments (payment_id, order_id, payment_date, payment_method, amount, currency) VALUES (NULL, 95, '2025-04-04 20:02:33.964148', 'PayPal', 967.49, 'USD');
INSERT INTO Shipping (shipping_id, order_id, carrier, tracking_number, ship_date, delivery_date, status) VALUES (NULL, 95, 'UPS', 'TRK000095', '2025-04-10', '2025-02-11', 'Delivered');
INSERT INTO Orders (order_id, customer_id, order_date, status, shipping_address, total_amount) VALUES (96, 163, '2025-08-23 10:30:59.514066', 'Shipped', '290 Samantha Ferry Suite 070 West Jonathan, WY 22497', 2096.9);
INSERT INTO Order_Items (order_item_id, order_id, product_id, quantity, unit_price, discount) VALUES (NULL, 96, 30, 1, 294.3, 0);
INSERT INTO Order_Items (order_item_id, order_id, product_id, quantity, unit_price, discount) VALUES (NULL, 96, 36, 1, 190.02, 5);
INSERT INTO Payments (payment_id, order_id, payment_date, payment_method, amount, currency) VALUES (NULL, 96, '2025-02-05 07:03:46.196698', 'PayPal', 2096.9, 'USD');
INSERT INTO Shipping (shipping_id, order_id, carrier, tracking_number, ship_date, delivery_date, status) VALUES (NULL, 96, 'UPS', 'TRK000096', '2025-04-01', '2025-04-05', 'Delivered');
INSERT INTO Orders (order_id, customer_id, order_date, status, shipping_address, total_amount) VALUES (97, 18, '2025-06-29 01:32:26.850534', 'Shipped', '126 Curtis Crossroad Suite 633 Pettychester, RI 20167', 2259.11);
INSERT INTO Order_Items (order_item_id, order_id, product_id, quantity, unit_price, discount) VALUES (NULL, 97, 44, 2, 246.58, 15);
INSERT INTO Order_Items (order_item_id, order_id, product_id, quantity, unit_price, discount) VALUES (NULL, 97, 40, 1, 361.55, 5);
INSERT INTO Order_Items (order_item_id, order_id, product_id, quantity, unit_price, discount) VALUES (NULL, 97, 41, 3, 238.33, 5);
INSERT INTO Order_Items (order_item_id, order_id, product_id, quantity, unit_price, discount) VALUES (NULL, 97, 37, 3, 216.56, 0);
INSERT INTO Payments (payment_id, order_id, payment_date, payment_method, amount, currency) VALUES (NULL, 97, '2025-04-22 12:05:37.899503', 'Debit Card', 2259.11, 'USD');
INSERT INTO Shipping (shipping_id, order_id, carrier, tracking_number, ship_date, delivery_date, status) VALUES (NULL, 97, 'FedEx', 'TRK000097', '2025-05-17', '2025-01-19', 'Delivered');
INSERT INTO Orders (order_id, customer_id, order_date, status, shipping_address, total_amount) VALUES (98, 95, '2025-03-30 15:29:58.535991', 'Shipped', '34377 Ray Mission Apt. 497 Louisport, MN 15991', 2984.91);
INSERT INTO Order_Items (order_item_id, order_id, product_id, quantity, unit_price, discount) VALUES (NULL, 98, 23, 1, 343.03, 15);
INSERT INTO Order_Items (order_item_id, order_id, product_id, quantity, unit_price, discount) VALUES (NULL, 98, 33, 3, 165.56, 5);
INSERT INTO Order_Items (order_item_id, order_id, product_id, quantity, unit_price, discount) VALUES (NULL, 98, 18, 1, 425.11, 10);
INSERT INTO Payments (payment_id, order_id, payment_date, payment_method, amount, currency) VALUES (NULL, 98, '2025-06-12 21:53:31.669542', 'Debit Card', 2984.91, 'USD');
INSERT INTO Shipping (shipping_id, order_id, carrier, tracking_number, ship_date, delivery_date, status) VALUES (NULL, 98, 'UPS', 'TRK000098', '2025-08-12', '2025-03-06', 'Delivered');
INSERT INTO Orders (order_id, customer_id, order_date, status, shipping_address, total_amount) VALUES (99, 114, '2025-03-24 02:45:34.612896', 'Shipped', '7832 William River Devinport, CT 53553', 1750.93);
INSERT INTO Order_Items (order_item_id, order_id, product_id, quantity, unit_price, discount) VALUES (NULL, 99, 39, 3, 374.68, 0);
INSERT INTO Order_Items (order_item_id, order_id, product_id, quantity, unit_price, discount) VALUES (NULL, 99, 2, 1, 477.95, 15);
INSERT INTO Payments (payment_id, order_id, payment_date, payment_method, amount, currency) VALUES (NULL, 99, '2025-05-26 00:45:03.127334', 'Credit Card', 1750.93, 'USD');
INSERT INTO Shipping (shipping_id, order_id, carrier, tracking_number, ship_date, delivery_date, status) VALUES (NULL, 99, 'UPS', 'TRK000099', '2025-07-02', '2025-08-21', 'Delivered');
INSERT INTO Orders (order_id, customer_id, order_date, status, shipping_address, total_amount) VALUES (100, 129, '2025-08-17 06:07:29.189052', 'Shipped', '794 Shelton Extensions Suite 488 West Emily, ME 16974', 1387.94);
INSERT INTO Order_Items (order_item_id, order_id, product_id, quantity, unit_price, discount) VALUES (NULL, 100, 24, 3, 222.37, 15);
INSERT INTO Order_Items (order_item_id, order_id, product_id, quantity, unit_price, discount) VALUES (NULL, 100, 28, 2, 307.56, 5);
INSERT INTO Payments (payment_id, order_id, payment_date, payment_method, amount, currency) VALUES (NULL, 100, '2025-05-14 19:23:38.235631', 'PayPal', 1387.94, 'USD');
INSERT INTO Shipping (shipping_id, order_id, carrier, tracking_number, ship_date, delivery_date, status) VALUES (NULL, 100, 'UPS', 'TRK000100', '2025-01-20', '2025-08-05', 'Delivered');
INSERT INTO Orders (order_id, customer_id, order_date, status, shipping_address, total_amount) VALUES (101, 185, '2025-07-23 00:23:37.966976', 'Shipped', '4076 Linda Passage Lisafort, DE 40544', 981.17);
INSERT INTO Order_Items (order_item_id, order_id, product_id, quantity, unit_price, discount) VALUES (NULL, 101, 23, 3, 44.09, 10);
INSERT INTO Order_Items (order_item_id, order_id, product_id, quantity, unit_price, discount) VALUES (NULL, 101, 11, 2, 72.78, 0);
INSERT INTO Order_Items (order_item_id, order_id, product_id, quantity, unit_price, discount) VALUES (NULL, 101, 50, 2, 312.43, 5);
INSERT INTO Order_Items (order_item_id, order_id, product_id, quantity, unit_price, discount) VALUES (NULL, 101, 39, 3, 228.01, 15);
INSERT INTO Payments (payment_id, order_id, payment_date, payment_method, amount, currency) VALUES (NULL, 101, '2025-01-08 03:03:14.968734', 'Credit Card', 981.17, 'USD');
INSERT INTO Shipping (shipping_id, order_id, carrier, tracking_number, ship_date, delivery_date, status) VALUES (NULL, 101, 'FedEx', 'TRK000101', '2025-01-10', '2025-02-24', 'Delivered');
INSERT INTO Orders (order_id, customer_id, order_date, status, shipping_address, total_amount) VALUES (102, 94, '2025-04-02 02:45:39.183505', 'Shipped', 'Unit 8417 Box 7247 DPO AE 97078', 1406.32);
INSERT INTO Order_Items (order_item_id, order_id, product_id, quantity, unit_price, discount) VALUES (NULL, 102, 21, 1, 344.33, 5);
INSERT INTO Order_Items (order_item_id, order_id, product_id, quantity, unit_price, discount) VALUES (NULL, 102, 26, 1, 43.68, 0);
INSERT INTO Order_Items (order_item_id, order_id, product_id, quantity, unit_price, discount) VALUES (NULL, 102, 18, 2, 426.27, 10);
INSERT INTO Payments (payment_id, order_id, payment_date, payment_method, amount, currency) VALUES (NULL, 102, '2025-03-04 10:28:02.325404', 'Debit Card', 1406.32, 'USD');
INSERT INTO Shipping (shipping_id, order_id, carrier, tracking_number, ship_date, delivery_date, status) VALUES (NULL, 102, 'DHL', 'TRK000102', '2025-02-24', '2025-07-19', 'Delivered');
INSERT INTO Orders (order_id, customer_id, order_date, status, shipping_address, total_amount) VALUES (103, 185, '2025-02-27 13:59:53.170921', 'Shipped', '384 Roberts Street Apt. 535 New Kevin, MH 11158', 1403.54);
INSERT INTO Order_Items (order_item_id, order_id, product_id, quantity, unit_price, discount) VALUES (NULL, 103, 33, 1, 94.18, 10);
INSERT INTO Payments (payment_id, order_id, payment_date, payment_method, amount, currency) VALUES (NULL, 103, '2025-05-03 14:53:36.268804', 'Debit Card', 1403.54, 'USD');
INSERT INTO Shipping (shipping_id, order_id, carrier, tracking_number, ship_date, delivery_date, status) VALUES (NULL, 103, 'DHL', 'TRK000103', '2025-06-01', '2025-02-07', 'Delivered');
INSERT INTO Orders (order_id, customer_id, order_date, status, shipping_address, total_amount) VALUES (104, 153, '2025-02-15 08:09:25.409519', 'Shipped', '8341 Johnson Ford Suite 794 Marktown, NY 27630', 2023.4);
INSERT INTO Order_Items (order_item_id, order_id, product_id, quantity, unit_price, discount) VALUES (NULL, 104, 33, 1, 276.92, 0);
INSERT INTO Order_Items (order_item_id, order_id, product_id, quantity, unit_price, discount) VALUES (NULL, 104, 31, 2, 376.83, 5);
INSERT INTO Payments (payment_id, order_id, payment_date, payment_method, amount, currency) VALUES (NULL, 104, '2025-02-15 10:09:15.150402', 'Credit Card', 2023.4, 'USD');
INSERT INTO Shipping (shipping_id, order_id, carrier, tracking_number, ship_date, delivery_date, status) VALUES (NULL, 104, 'UPS', 'TRK000104', '2025-05-19', '2025-08-17', 'Delivered');
INSERT INTO Orders (order_id, customer_id, order_date, status, shipping_address, total_amount) VALUES (105, 187, '2025-07-16 21:11:26.825993', 'Shipped', '14333 Nelson Ridge Elizabethville, PR 75093', 777.82);
INSERT INTO Order_Items (order_item_id, order_id, product_id, quantity, unit_price, discount) VALUES (NULL, 105, 6, 1, 444.56, 15);
INSERT INTO Order_Items (order_item_id, order_id, product_id, quantity, unit_price, discount) VALUES (NULL, 105, 18, 2, 161.71, 5);
INSERT INTO Order_Items (order_item_id, order_id, product_id, quantity, unit_price, discount) VALUES (NULL, 105, 33, 1, 497.07, 15);
INSERT INTO Order_Items (order_item_id, order_id, product_id, quantity, unit_price, discount) VALUES (NULL, 105, 2, 2, 201.96, 0);
INSERT INTO Order_Items (order_item_id, order_id, product_id, quantity, unit_price, discount) VALUES (NULL, 105, 29, 3, 240.18, 5);
INSERT INTO Payments (payment_id, order_id, payment_date, payment_method, amount, currency) VALUES (NULL, 105, '2025-02-13 16:47:54.403873', 'PayPal', 777.82, 'USD');
INSERT INTO Shipping (shipping_id, order_id, carrier, tracking_number, ship_date, delivery_date, status) VALUES (NULL, 105, 'DHL', 'TRK000105', '2025-06-04', '2025-06-30', 'Delivered');
INSERT INTO Orders (order_id, customer_id, order_date, status, shipping_address, total_amount) VALUES (106, 152, '2025-04-05 08:20:17.839159', 'Shipped', '530 Morrow Falls Suite 825 Michelleland, KY 45399', 702.26);
INSERT INTO Order_Items (order_item_id, order_id, product_id, quantity, unit_price, discount) VALUES (NULL, 106, 48, 1, 171.45, 15);
INSERT INTO Order_Items (order_item_id, order_id, product_id, quantity, unit_price, discount) VALUES (NULL, 106, 4, 1, 63.84, 10);
INSERT INTO Payments (payment_id, order_id, payment_date, payment_method, amount, currency) VALUES (NULL, 106, '2025-07-15 18:23:03.076660', 'PayPal', 702.26, 'USD');
INSERT INTO Shipping (shipping_id, order_id, carrier, tracking_number, ship_date, delivery_date, status) VALUES (NULL, 106, 'UPS', 'TRK000106', '2025-07-26', '2025-02-24', 'Delivered');
INSERT INTO Orders (order_id, customer_id, order_date, status, shipping_address, total_amount) VALUES (107, 51, '2025-01-07 23:48:00.634203', 'Shipped', '416 Traci Trail North Matthewberg, ME 92629', 2017.1);
INSERT INTO Order_Items (order_item_id, order_id, product_id, quantity, unit_price, discount) VALUES (NULL, 107, 5, 1, 171.51, 0);
INSERT INTO Payments (payment_id, order_id, payment_date, payment_method, amount, currency) VALUES (NULL, 107, '2025-07-18 03:14:37.552781', 'Debit Card', 2017.1, 'USD');
INSERT INTO Shipping (shipping_id, order_id, carrier, tracking_number, ship_date, delivery_date, status) VALUES (NULL, 107, 'DHL', 'TRK000107', '2025-08-17', '2025-08-24', 'Delivered');
INSERT INTO Orders (order_id, customer_id, order_date, status, shipping_address, total_amount) VALUES (108, 32, '2025-07-03 17:56:02.725789', 'Shipped', '48955 Trevor Cliff Apt. 673 West Stephen, OK 89510', 556.38);
INSERT INTO Order_Items (order_item_id, order_id, product_id, quantity, unit_price, discount) VALUES (NULL, 108, 48, 2, 124.58, 0);
INSERT INTO Payments (payment_id, order_id, payment_date, payment_method, amount, currency) VALUES (NULL, 108, '2025-06-17 20:38:42.924970', 'PayPal', 556.38, 'USD');
INSERT INTO Shipping (shipping_id, order_id, carrier, tracking_number, ship_date, delivery_date, status) VALUES (NULL, 108, 'UPS', 'TRK000108', '2025-02-13', '2025-07-16', 'Delivered');
INSERT INTO Orders (order_id, customer_id, order_date, status, shipping_address, total_amount) VALUES (109, 62, '2025-08-19 13:03:03.708375', 'Shipped', 'PSC 1067, Box 7258 APO AP 06119', 2222.71);
INSERT INTO Order_Items (order_item_id, order_id, product_id, quantity, unit_price, discount) VALUES (NULL, 109, 9, 3, 142.85, 5);
INSERT INTO Order_Items (order_item_id, order_id, product_id, quantity, unit_price, discount) VALUES (NULL, 109, 3, 3, 453.17, 10);
INSERT INTO Order_Items (order_item_id, order_id, product_id, quantity, unit_price, discount) VALUES (NULL, 109, 5, 2, 473.85, 15);
INSERT INTO Payments (payment_id, order_id, payment_date, payment_method, amount, currency) VALUES (NULL, 109, '2025-06-13 23:10:49.016475', 'PayPal', 2222.71, 'USD');
INSERT INTO Shipping (shipping_id, order_id, carrier, tracking_number, ship_date, delivery_date, status) VALUES (NULL, 109, 'DHL', 'TRK000109', '2025-08-20', '2025-01-12', 'Delivered');
INSERT INTO Orders (order_id, customer_id, order_date, status, shipping_address, total_amount) VALUES (110, 16, '2025-04-25 04:52:30.800553', 'Shipped', '869 Rhonda Falls Apt. 556 South Morgan, CA 77157', 2135.2);
INSERT INTO Order_Items (order_item_id, order_id, product_id, quantity, unit_price, discount) VALUES (NULL, 110, 6, 3, 359.43, 0);
INSERT INTO Payments (payment_id, order_id, payment_date, payment_method, amount, currency) VALUES (NULL, 110, '2025-06-25 03:38:59.919547', 'PayPal', 2135.2, 'USD');
INSERT INTO Shipping (shipping_id, order_id, carrier, tracking_number, ship_date, delivery_date, status) VALUES (NULL, 110, 'DHL', 'TRK000110', '2025-08-08', '2025-06-22', 'Delivered');
INSERT INTO Orders (order_id, customer_id, order_date, status, shipping_address, total_amount) VALUES (111, 13, '2025-02-02 06:11:17.916952', 'Shipped', '6767 Joan Canyon Lake Kellyport, MA 30944', 35.35);
INSERT INTO Order_Items (order_item_id, order_id, product_id, quantity, unit_price, discount) VALUES (NULL, 111, 43, 3, 410.99, 5);
INSERT INTO Order_Items (order_item_id, order_id, product_id, quantity, unit_price, discount) VALUES (NULL, 111, 49, 1, 213.82, 15);
INSERT INTO Payments (payment_id, order_id, payment_date, payment_method, amount, currency) VALUES (NULL, 111, '2025-06-10 11:30:31.331669', 'Credit Card', 35.35, 'USD');
INSERT INTO Shipping (shipping_id, order_id, carrier, tracking_number, ship_date, delivery_date, status) VALUES (NULL, 111, 'UPS', 'TRK000111', '2025-03-26', '2025-05-25', 'Delivered');
INSERT INTO Orders (order_id, customer_id, order_date, status, shipping_address, total_amount) VALUES (112, 70, '2025-06-24 16:00:42.805974', 'Shipped', '008 Nicole Forest New Robertbury, DE 31443', 1629.9);
INSERT INTO Order_Items (order_item_id, order_id, product_id, quantity, unit_price, discount) VALUES (NULL, 112, 10, 1, 389.51, 15);
INSERT INTO Order_Items (order_item_id, order_id, product_id, quantity, unit_price, discount) VALUES (NULL, 112, 16, 2, 469.21, 0);
INSERT INTO Order_Items (order_item_id, order_id, product_id, quantity, unit_price, discount) VALUES (NULL, 112, 26, 3, 279.46, 10);
INSERT INTO Order_Items (order_item_id, order_id, product_id, quantity, unit_price, discount) VALUES (NULL, 112, 36, 2, 15.24, 10);
INSERT INTO Payments (payment_id, order_id, payment_date, payment_method, amount, currency) VALUES (NULL, 112, '2025-06-20 07:42:18.360489', 'Debit Card', 1629.9, 'USD');
INSERT INTO Shipping (shipping_id, order_id, carrier, tracking_number, ship_date, delivery_date, status) VALUES (NULL, 112, 'UPS', 'TRK000112', '2025-07-01', '2025-03-18', 'Delivered');
INSERT INTO Orders (order_id, customer_id, order_date, status, shipping_address, total_amount) VALUES (113, 81, '2025-03-16 03:47:46.416744', 'Shipped', 'Unit 8450 Box 7939 DPO AE 87881', 1968.79);
INSERT INTO Order_Items (order_item_id, order_id, product_id, quantity, unit_price, discount) VALUES (NULL, 113, 31, 1, 363.78, 0);
INSERT INTO Order_Items (order_item_id, order_id, product_id, quantity, unit_price, discount) VALUES (NULL, 113, 6, 1, 283.6, 15);
INSERT INTO Order_Items (order_item_id, order_id, product_id, quantity, unit_price, discount) VALUES (NULL, 113, 47, 2, 492.89, 15);
INSERT INTO Order_Items (order_item_id, order_id, product_id, quantity, unit_price, discount) VALUES (NULL, 113, 15, 3, 135.55, 15);
INSERT INTO Payments (payment_id, order_id, payment_date, payment_method, amount, currency) VALUES (NULL, 113, '2025-06-29 17:01:37.581610', 'Credit Card', 1968.79, 'USD');
INSERT INTO Shipping (shipping_id, order_id, carrier, tracking_number, ship_date, delivery_date, status) VALUES (NULL, 113, 'UPS', 'TRK000113', '2025-07-26', '2025-07-17', 'Delivered');
INSERT INTO Orders (order_id, customer_id, order_date, status, shipping_address, total_amount) VALUES (114, 118, '2025-04-13 09:21:50.833785', 'Shipped', '9974 Martin Meadows Jonathanshire, ME 38188', 1804.57);
INSERT INTO Order_Items (order_item_id, order_id, product_id, quantity, unit_price, discount) VALUES (NULL, 114, 49, 3, 117.62, 0);
INSERT INTO Order_Items (order_item_id, order_id, product_id, quantity, unit_price, discount) VALUES (NULL, 114, 38, 2, 61.79, 15);
INSERT INTO Order_Items (order_item_id, order_id, product_id, quantity, unit_price, discount) VALUES (NULL, 114, 8, 3, 120.67, 0);
INSERT INTO Order_Items (order_item_id, order_id, product_id, quantity, unit_price, discount) VALUES (NULL, 114, 47, 3, 216.77, 15);
INSERT INTO Order_Items (order_item_id, order_id, product_id, quantity, unit_price, discount) VALUES (NULL, 114, 28, 2, 135.85, 10);
INSERT INTO Payments (payment_id, order_id, payment_date, payment_method, amount, currency) VALUES (NULL, 114, '2025-02-19 04:28:42.371486', 'Credit Card', 1804.57, 'USD');
INSERT INTO Shipping (shipping_id, order_id, carrier, tracking_number, ship_date, delivery_date, status) VALUES (NULL, 114, 'FedEx', 'TRK000114', '2025-07-12', '2025-01-12', 'Delivered');
INSERT INTO Orders (order_id, customer_id, order_date, status, shipping_address, total_amount) VALUES (115, 30, '2025-02-13 21:30:01.250834', 'Shipped', '40086 Amy Garden New Jacobport, NJ 40214', 460.4);
INSERT INTO Order_Items (order_item_id, order_id, product_id, quantity, unit_price, discount) VALUES (NULL, 115, 9, 1, 450.44, 5);
INSERT INTO Order_Items (order_item_id, order_id, product_id, quantity, unit_price, discount) VALUES (NULL, 115, 26, 1, 77.58, 15);
INSERT INTO Order_Items (order_item_id, order_id, product_id, quantity, unit_price, discount) VALUES (NULL, 115, 46, 2, 402.79, 15);
INSERT INTO Payments (payment_id, order_id, payment_date, payment_method, amount, currency) VALUES (NULL, 115, '2025-06-18 11:55:03.298030', 'Debit Card', 460.4, 'USD');
INSERT INTO Shipping (shipping_id, order_id, carrier, tracking_number, ship_date, delivery_date, status) VALUES (NULL, 115, 'DHL', 'TRK000115', '2025-08-08', '2025-01-02', 'Delivered');
INSERT INTO Orders (order_id, customer_id, order_date, status, shipping_address, total_amount) VALUES (116, 50, '2025-04-21 13:18:17.777780', 'Shipped', '789 Wendy Landing North Tony, OH 46688', 1850.9);
INSERT INTO Order_Items (order_item_id, order_id, product_id, quantity, unit_price, discount) VALUES (NULL, 116, 15, 3, 324.74, 0);
INSERT INTO Order_Items (order_item_id, order_id, product_id, quantity, unit_price, discount) VALUES (NULL, 116, 10, 2, 407.74, 15);
INSERT INTO Payments (payment_id, order_id, payment_date, payment_method, amount, currency) VALUES (NULL, 116, '2025-03-17 06:21:22.839761', 'Debit Card', 1850.9, 'USD');
INSERT INTO Shipping (shipping_id, order_id, carrier, tracking_number, ship_date, delivery_date, status) VALUES (NULL, 116, 'FedEx', 'TRK000116', '2025-03-29', '2025-06-04', 'Delivered');
INSERT INTO Orders (order_id, customer_id, order_date, status, shipping_address, total_amount) VALUES (117, 91, '2025-06-28 21:09:06.685161', 'Shipped', '1357 Ruiz Crossing Apt. 983 Danielhaven, MH 56992', 1467.83);
INSERT INTO Order_Items (order_item_id, order_id, product_id, quantity, unit_price, discount) VALUES (NULL, 117, 30, 2, 454.42, 5);
INSERT INTO Order_Items (order_item_id, order_id, product_id, quantity, unit_price, discount) VALUES (NULL, 117, 14, 2, 408.66, 5);
INSERT INTO Order_Items (order_item_id, order_id, product_id, quantity, unit_price, discount) VALUES (NULL, 117, 25, 1, 154.34, 15);
INSERT INTO Order_Items (order_item_id, order_id, product_id, quantity, unit_price, discount) VALUES (NULL, 117, 17, 3, 210.0, 0);
INSERT INTO Order_Items (order_item_id, order_id, product_id, quantity, unit_price, discount) VALUES (NULL, 117, 5, 2, 47.19, 0);
INSERT INTO Payments (payment_id, order_id, payment_date, payment_method, amount, currency) VALUES (NULL, 117, '2025-04-01 18:55:42.116822', 'Credit Card', 1467.83, 'USD');
INSERT INTO Shipping (shipping_id, order_id, carrier, tracking_number, ship_date, delivery_date, status) VALUES (NULL, 117, 'FedEx', 'TRK000117', '2025-04-11', '2025-05-13', 'Delivered');
INSERT INTO Orders (order_id, customer_id, order_date, status, shipping_address, total_amount) VALUES (118, 166, '2025-01-16 04:05:27.087563', 'Shipped', '9446 Bethany Trail Dylanville, HI 23588', 2334.27);
INSERT INTO Order_Items (order_item_id, order_id, product_id, quantity, unit_price, discount) VALUES (NULL, 118, 46, 2, 302.32, 0);
INSERT INTO Order_Items (order_item_id, order_id, product_id, quantity, unit_price, discount) VALUES (NULL, 118, 10, 1, 220.74, 10);
INSERT INTO Order_Items (order_item_id, order_id, product_id, quantity, unit_price, discount) VALUES (NULL, 118, 42, 2, 362.33, 5);
INSERT INTO Order_Items (order_item_id, order_id, product_id, quantity, unit_price, discount) VALUES (NULL, 118, 40, 2, 296.19, 10);
INSERT INTO Order_Items (order_item_id, order_id, product_id, quantity, unit_price, discount) VALUES (NULL, 118, 3, 1, 442.06, 0);
INSERT INTO Payments (payment_id, order_id, payment_date, payment_method, amount, currency) VALUES (NULL, 118, '2025-03-16 09:44:19.117481', 'PayPal', 2334.27, 'USD');
INSERT INTO Shipping (shipping_id, order_id, carrier, tracking_number, ship_date, delivery_date, status) VALUES (NULL, 118, 'DHL', 'TRK000118', '2025-01-22', '2025-02-27', 'Delivered');
INSERT INTO Orders (order_id, customer_id, order_date, status, shipping_address, total_amount) VALUES (119, 30, '2025-02-28 13:40:43.566990', 'Shipped', '60097 Shea Glen Donnafurt, KY 27867', 108.23);
INSERT INTO Order_Items (order_item_id, order_id, product_id, quantity, unit_price, discount) VALUES (NULL, 119, 40, 1, 363.14, 15);
INSERT INTO Order_Items (order_item_id, order_id, product_id, quantity, unit_price, discount) VALUES (NULL, 119, 16, 3, 354.92, 10);
INSERT INTO Order_Items (order_item_id, order_id, product_id, quantity, unit_price, discount) VALUES (NULL, 119, 29, 3, 443.69, 15);
INSERT INTO Order_Items (order_item_id, order_id, product_id, quantity, unit_price, discount) VALUES (NULL, 119, 47, 3, 271.53, 5);
INSERT INTO Order_Items (order_item_id, order_id, product_id, quantity, unit_price, discount) VALUES (NULL, 119, 34, 1, 86.28, 5);
INSERT INTO Payments (payment_id, order_id, payment_date, payment_method, amount, currency) VALUES (NULL, 119, '2025-05-08 10:11:46.329581', 'Debit Card', 108.23, 'USD');
INSERT INTO Shipping (shipping_id, order_id, carrier, tracking_number, ship_date, delivery_date, status) VALUES (NULL, 119, 'FedEx', 'TRK000119', '2025-03-01', '2025-03-17', 'Delivered');
INSERT INTO Orders (order_id, customer_id, order_date, status, shipping_address, total_amount) VALUES (120, 76, '2025-01-13 02:03:51.828150', 'Shipped', '99882 Andrew Spur Brandymouth, TN 37989', 1753.05);
INSERT INTO Order_Items (order_item_id, order_id, product_id, quantity, unit_price, discount) VALUES (NULL, 120, 48, 1, 103.01, 15);
INSERT INTO Order_Items (order_item_id, order_id, product_id, quantity, unit_price, discount) VALUES (NULL, 120, 40, 2, 478.39, 10);
INSERT INTO Order_Items (order_item_id, order_id, product_id, quantity, unit_price, discount) VALUES (NULL, 120, 24, 1, 136.39, 10);
INSERT INTO Order_Items (order_item_id, order_id, product_id, quantity, unit_price, discount) VALUES (NULL, 120, 3, 3, 460.98, 15);
INSERT INTO Payments (payment_id, order_id, payment_date, payment_method, amount, currency) VALUES (NULL, 120, '2025-05-23 02:21:28.916822', 'Debit Card', 1753.05, 'USD');
INSERT INTO Shipping (shipping_id, order_id, carrier, tracking_number, ship_date, delivery_date, status) VALUES (NULL, 120, 'UPS', 'TRK000120', '2025-06-11', '2025-01-31', 'Delivered');
INSERT INTO Orders (order_id, customer_id, order_date, status, shipping_address, total_amount) VALUES (121, 140, '2025-08-16 05:31:21.306247', 'Shipped', '75554 Herman Forges Royton, MH 66150', 1969.13);
INSERT INTO Order_Items (order_item_id, order_id, product_id, quantity, unit_price, discount) VALUES (NULL, 121, 48, 2, 272.71, 15);
INSERT INTO Payments (payment_id, order_id, payment_date, payment_method, amount, currency) VALUES (NULL, 121, '2025-01-29 10:48:41.261675', 'Debit Card', 1969.13, 'USD');
INSERT INTO Shipping (shipping_id, order_id, carrier, tracking_number, ship_date, delivery_date, status) VALUES (NULL, 121, 'DHL', 'TRK000121', '2025-04-06', '2025-08-17', 'Delivered');
INSERT INTO Orders (order_id, customer_id, order_date, status, shipping_address, total_amount) VALUES (122, 38, '2025-03-27 14:23:53.682881', 'Shipped', '46419 Morgan Isle Apt. 881 Michaelburgh, AK 84814', 2978.83);
INSERT INTO Order_Items (order_item_id, order_id, product_id, quantity, unit_price, discount) VALUES (NULL, 122, 13, 1, 292.66, 5);
INSERT INTO Payments (payment_id, order_id, payment_date, payment_method, amount, currency) VALUES (NULL, 122, '2025-04-01 17:53:09.852758', 'Credit Card', 2978.83, 'USD');
INSERT INTO Shipping (shipping_id, order_id, carrier, tracking_number, ship_date, delivery_date, status) VALUES (NULL, 122, 'UPS', 'TRK000122', '2025-08-02', '2025-06-16', 'Delivered');
INSERT INTO Orders (order_id, customer_id, order_date, status, shipping_address, total_amount) VALUES (123, 25, '2025-03-15 04:48:17.853904', 'Shipped', '486 Brian Ways South Gary, CA 30687', 746.67);
INSERT INTO Order_Items (order_item_id, order_id, product_id, quantity, unit_price, discount) VALUES (NULL, 123, 28, 1, 231.28, 10);
INSERT INTO Order_Items (order_item_id, order_id, product_id, quantity, unit_price, discount) VALUES (NULL, 123, 25, 1, 293.23, 15);
INSERT INTO Order_Items (order_item_id, order_id, product_id, quantity, unit_price, discount) VALUES (NULL, 123, 32, 2, 450.68, 15);
INSERT INTO Payments (payment_id, order_id, payment_date, payment_method, amount, currency) VALUES (NULL, 123, '2025-07-27 17:27:50.797647', 'Debit Card', 746.67, 'USD');
INSERT INTO Shipping (shipping_id, order_id, carrier, tracking_number, ship_date, delivery_date, status) VALUES (NULL, 123, 'FedEx', 'TRK000123', '2025-03-04', '2025-07-05', 'Delivered');
INSERT INTO Orders (order_id, customer_id, order_date, status, shipping_address, total_amount) VALUES (124, 155, '2025-07-23 12:10:58.595699', 'Shipped', '0583 Alejandro Station Apt. 752 West Robert, WY 50159', 1038.81);
INSERT INTO Order_Items (order_item_id, order_id, product_id, quantity, unit_price, discount) VALUES (NULL, 124, 1, 2, 421.8, 15);
INSERT INTO Order_Items (order_item_id, order_id, product_id, quantity, unit_price, discount) VALUES (NULL, 124, 8, 2, 230.9, 5);
INSERT INTO Payments (payment_id, order_id, payment_date, payment_method, amount, currency) VALUES (NULL, 124, '2025-06-21 05:12:58.710230', 'PayPal', 1038.81, 'USD');
INSERT INTO Shipping (shipping_id, order_id, carrier, tracking_number, ship_date, delivery_date, status) VALUES (NULL, 124, 'FedEx', 'TRK000124', '2025-07-08', '2025-02-04', 'Delivered');
INSERT INTO Orders (order_id, customer_id, order_date, status, shipping_address, total_amount) VALUES (125, 170, '2025-03-22 16:58:35.910692', 'Shipped', '45369 Miles Fort Apt. 864 Port Jaredtown, KS 29028', 779.78);
INSERT INTO Order_Items (order_item_id, order_id, product_id, quantity, unit_price, discount) VALUES (NULL, 125, 29, 1, 233.71, 5);
INSERT INTO Payments (payment_id, order_id, payment_date, payment_method, amount, currency) VALUES (NULL, 125, '2025-08-12 01:30:45.995067', 'Credit Card', 779.78, 'USD');
INSERT INTO Shipping (shipping_id, order_id, carrier, tracking_number, ship_date, delivery_date, status) VALUES (NULL, 125, 'UPS', 'TRK000125', '2025-08-05', '2025-08-12', 'Delivered');
INSERT INTO Orders (order_id, customer_id, order_date, status, shipping_address, total_amount) VALUES (126, 68, '2025-01-28 03:55:26.455369', 'Shipped', '27068 Maria Village Apt. 115 Brooksborough, ND 48335', 467.23);
INSERT INTO Order_Items (order_item_id, order_id, product_id, quantity, unit_price, discount) VALUES (NULL, 126, 12, 3, 411.19, 5);
INSERT INTO Order_Items (order_item_id, order_id, product_id, quantity, unit_price, discount) VALUES (NULL, 126, 18, 3, 357.01, 5);
INSERT INTO Order_Items (order_item_id, order_id, product_id, quantity, unit_price, discount) VALUES (NULL, 126, 42, 2, 256.55, 0);
INSERT INTO Order_Items (order_item_id, order_id, product_id, quantity, unit_price, discount) VALUES (NULL, 126, 48, 3, 469.83, 10);
INSERT INTO Payments (payment_id, order_id, payment_date, payment_method, amount, currency) VALUES (NULL, 126, '2025-07-04 23:22:30.906090', 'Debit Card', 467.23, 'USD');
INSERT INTO Shipping (shipping_id, order_id, carrier, tracking_number, ship_date, delivery_date, status) VALUES (NULL, 126, 'DHL', 'TRK000126', '2025-03-31', '2025-07-29', 'Delivered');
INSERT INTO Orders (order_id, customer_id, order_date, status, shipping_address, total_amount) VALUES (127, 183, '2025-02-25 13:58:13.355325', 'Shipped', '078 Davis Alley Lake Hannah, CT 41987', 2365.65);
INSERT INTO Order_Items (order_item_id, order_id, product_id, quantity, unit_price, discount) VALUES (NULL, 127, 1, 3, 452.8, 5);
INSERT INTO Order_Items (order_item_id, order_id, product_id, quantity, unit_price, discount) VALUES (NULL, 127, 39, 3, 408.03, 0);
INSERT INTO Payments (payment_id, order_id, payment_date, payment_method, amount, currency) VALUES (NULL, 127, '2025-01-31 11:15:58.669661', 'PayPal', 2365.65, 'USD');
INSERT INTO Shipping (shipping_id, order_id, carrier, tracking_number, ship_date, delivery_date, status) VALUES (NULL, 127, 'FedEx', 'TRK000127', '2025-05-06', '2025-04-17', 'Delivered');
INSERT INTO Orders (order_id, customer_id, order_date, status, shipping_address, total_amount) VALUES (128, 62, '2025-03-16 11:38:59.713384', 'Shipped', 'USNS Walker FPO AP 80513', 1582.22);
INSERT INTO Order_Items (order_item_id, order_id, product_id, quantity, unit_price, discount) VALUES (NULL, 128, 25, 2, 493.01, 15);
INSERT INTO Order_Items (order_item_id, order_id, product_id, quantity, unit_price, discount) VALUES (NULL, 128, 41, 1, 279.14, 10);
INSERT INTO Order_Items (order_item_id, order_id, product_id, quantity, unit_price, discount) VALUES (NULL, 128, 10, 1, 359.07, 10);
INSERT INTO Order_Items (order_item_id, order_id, product_id, quantity, unit_price, discount) VALUES (NULL, 128, 21, 1, 82.5, 10);
INSERT INTO Payments (payment_id, order_id, payment_date, payment_method, amount, currency) VALUES (NULL, 128, '2025-07-09 02:02:41.920232', 'Credit Card', 1582.22, 'USD');
INSERT INTO Shipping (shipping_id, order_id, carrier, tracking_number, ship_date, delivery_date, status) VALUES (NULL, 128, 'UPS', 'TRK000128', '2025-05-09', '2025-02-27', 'Delivered');
INSERT INTO Orders (order_id, customer_id, order_date, status, shipping_address, total_amount) VALUES (129, 167, '2025-01-07 03:45:54.382736', 'Shipped', 'USNV Collier FPO AP 52063', 2967.57);
INSERT INTO Order_Items (order_item_id, order_id, product_id, quantity, unit_price, discount) VALUES (NULL, 129, 13, 1, 479.26, 0);
INSERT INTO Order_Items (order_item_id, order_id, product_id, quantity, unit_price, discount) VALUES (NULL, 129, 2, 3, 425.45, 0);
INSERT INTO Order_Items (order_item_id, order_id, product_id, quantity, unit_price, discount) VALUES (NULL, 129, 8, 3, 253.11, 10);
INSERT INTO Payments (payment_id, order_id, payment_date, payment_method, amount, currency) VALUES (NULL, 129, '2025-06-06 16:15:22.969614', 'PayPal', 2967.57, 'USD');
INSERT INTO Shipping (shipping_id, order_id, carrier, tracking_number, ship_date, delivery_date, status) VALUES (NULL, 129, 'DHL', 'TRK000129', '2025-04-22', '2025-01-01', 'Delivered');
INSERT INTO Orders (order_id, customer_id, order_date, status, shipping_address, total_amount) VALUES (130, 119, '2025-05-19 17:07:29.036333', 'Shipped', '605 Lawrence Bridge Suite 201 Johnnyberg, IA 11094', 1065.23);
INSERT INTO Order_Items (order_item_id, order_id, product_id, quantity, unit_price, discount) VALUES (NULL, 130, 30, 3, 179.67, 15);
INSERT INTO Order_Items (order_item_id, order_id, product_id, quantity, unit_price, discount) VALUES (NULL, 130, 27, 1, 485.39, 5);
INSERT INTO Payments (payment_id, order_id, payment_date, payment_method, amount, currency) VALUES (NULL, 130, '2025-07-16 17:50:59.418195', 'PayPal', 1065.23, 'USD');
INSERT INTO Shipping (shipping_id, order_id, carrier, tracking_number, ship_date, delivery_date, status) VALUES (NULL, 130, 'FedEx', 'TRK000130', '2025-08-09', '2025-03-04', 'Delivered');
INSERT INTO Orders (order_id, customer_id, order_date, status, shipping_address, total_amount) VALUES (131, 99, '2025-05-03 03:44:46.464785', 'Shipped', '64705 Peterson Canyon West Ivan, NV 60567', 1351.77);
INSERT INTO Order_Items (order_item_id, order_id, product_id, quantity, unit_price, discount) VALUES (NULL, 131, 6, 1, 275.93, 0);
INSERT INTO Payments (payment_id, order_id, payment_date, payment_method, amount, currency) VALUES (NULL, 131, '2025-06-14 00:42:24.807128', 'Debit Card', 1351.77, 'USD');
INSERT INTO Shipping (shipping_id, order_id, carrier, tracking_number, ship_date, delivery_date, status) VALUES (NULL, 131, 'DHL', 'TRK000131', '2025-07-23', '2025-02-13', 'Delivered');
INSERT INTO Orders (order_id, customer_id, order_date, status, shipping_address, total_amount) VALUES (132, 30, '2025-07-03 13:27:47.464573', 'Shipped', '8778 John Lights Port Michaelland, FL 70504', 72.92);
INSERT INTO Order_Items (order_item_id, order_id, product_id, quantity, unit_price, discount) VALUES (NULL, 132, 44, 1, 440.89, 10);
INSERT INTO Order_Items (order_item_id, order_id, product_id, quantity, unit_price, discount) VALUES (NULL, 132, 40, 3, 341.93, 10);
INSERT INTO Order_Items (order_item_id, order_id, product_id, quantity, unit_price, discount) VALUES (NULL, 132, 20, 2, 468.47, 5);
INSERT INTO Order_Items (order_item_id, order_id, product_id, quantity, unit_price, discount) VALUES (NULL, 132, 9, 3, 330.54, 10);
INSERT INTO Payments (payment_id, order_id, payment_date, payment_method, amount, currency) VALUES (NULL, 132, '2025-01-31 06:47:16.789074', 'Debit Card', 72.92, 'USD');
INSERT INTO Shipping (shipping_id, order_id, carrier, tracking_number, ship_date, delivery_date, status) VALUES (NULL, 132, 'DHL', 'TRK000132', '2025-08-11', '2025-02-28', 'Delivered');
INSERT INTO Orders (order_id, customer_id, order_date, status, shipping_address, total_amount) VALUES (133, 122, '2025-01-29 14:05:27.375168', 'Shipped', '87551 Andrade Fork Apt. 338 North Joseph, SD 13588', 225.38);
INSERT INTO Order_Items (order_item_id, order_id, product_id, quantity, unit_price, discount) VALUES (NULL, 133, 16, 3, 486.67, 5);
INSERT INTO Order_Items (order_item_id, order_id, product_id, quantity, unit_price, discount) VALUES (NULL, 133, 23, 3, 43.55, 10);
INSERT INTO Payments (payment_id, order_id, payment_date, payment_method, amount, currency) VALUES (NULL, 133, '2025-05-01 19:28:39.839362', 'Credit Card', 225.38, 'USD');
INSERT INTO Shipping (shipping_id, order_id, carrier, tracking_number, ship_date, delivery_date, status) VALUES (NULL, 133, 'FedEx', 'TRK000133', '2025-01-09', '2025-04-19', 'Delivered');
INSERT INTO Orders (order_id, customer_id, order_date, status, shipping_address, total_amount) VALUES (134, 199, '2025-02-07 11:05:35.725664', 'Shipped', 'PSC 8860, Box 5630 APO AA 48047', 1801.92);
INSERT INTO Order_Items (order_item_id, order_id, product_id, quantity, unit_price, discount) VALUES (NULL, 134, 37, 2, 387.19, 5);
INSERT INTO Order_Items (order_item_id, order_id, product_id, quantity, unit_price, discount) VALUES (NULL, 134, 2, 2, 448.33, 5);
INSERT INTO Order_Items (order_item_id, order_id, product_id, quantity, unit_price, discount) VALUES (NULL, 134, 42, 2, 96.8, 15);
INSERT INTO Payments (payment_id, order_id, payment_date, payment_method, amount, currency) VALUES (NULL, 134, '2025-03-16 03:00:24.418838', 'Credit Card', 1801.92, 'USD');
INSERT INTO Shipping (shipping_id, order_id, carrier, tracking_number, ship_date, delivery_date, status) VALUES (NULL, 134, 'DHL', 'TRK000134', '2025-06-12', '2025-06-16', 'Delivered');
INSERT INTO Orders (order_id, customer_id, order_date, status, shipping_address, total_amount) VALUES (135, 11, '2025-07-04 04:22:09.241004', 'Shipped', '2461 Brandi Square Briannaville, MS 44623', 2122.34);
INSERT INTO Order_Items (order_item_id, order_id, product_id, quantity, unit_price, discount) VALUES (NULL, 135, 27, 1, 235.56, 15);
INSERT INTO Order_Items (order_item_id, order_id, product_id, quantity, unit_price, discount) VALUES (NULL, 135, 5, 2, 386.59, 5);
INSERT INTO Order_Items (order_item_id, order_id, product_id, quantity, unit_price, discount) VALUES (NULL, 135, 13, 2, 479.27, 15);
INSERT INTO Payments (payment_id, order_id, payment_date, payment_method, amount, currency) VALUES (NULL, 135, '2025-06-06 14:35:36.449080', 'Credit Card', 2122.34, 'USD');
INSERT INTO Shipping (shipping_id, order_id, carrier, tracking_number, ship_date, delivery_date, status) VALUES (NULL, 135, 'UPS', 'TRK000135', '2025-02-02', '2025-02-27', 'Delivered');
INSERT INTO Orders (order_id, customer_id, order_date, status, shipping_address, total_amount) VALUES (136, 195, '2025-04-01 11:09:18.646594', 'Shipped', '51087 Hannah Unions Suite 947 Walkerbury, FL 63621', 88.66);
INSERT INTO Order_Items (order_item_id, order_id, product_id, quantity, unit_price, discount) VALUES (NULL, 136, 40, 1, 423.28, 0);
INSERT INTO Order_Items (order_item_id, order_id, product_id, quantity, unit_price, discount) VALUES (NULL, 136, 45, 2, 303.68, 15);
INSERT INTO Order_Items (order_item_id, order_id, product_id, quantity, unit_price, discount) VALUES (NULL, 136, 43, 2, 102.85, 0);
INSERT INTO Order_Items (order_item_id, order_id, product_id, quantity, unit_price, discount) VALUES (NULL, 136, 22, 2, 67.26, 10);
INSERT INTO Order_Items (order_item_id, order_id, product_id, quantity, unit_price, discount) VALUES (NULL, 136, 5, 3, 378.57, 5);
INSERT INTO Payments (payment_id, order_id, payment_date, payment_method, amount, currency) VALUES (NULL, 136, '2025-06-24 06:57:52.993068', 'Debit Card', 88.66, 'USD');
INSERT INTO Shipping (shipping_id, order_id, carrier, tracking_number, ship_date, delivery_date, status) VALUES (NULL, 136, 'FedEx', 'TRK000136', '2025-07-23', '2025-04-06', 'Delivered');
INSERT INTO Orders (order_id, customer_id, order_date, status, shipping_address, total_amount) VALUES (137, 104, '2025-04-06 21:05:37.284748', 'Shipped', 'USCGC Obrien FPO AE 45246', 226.58);
INSERT INTO Order_Items (order_item_id, order_id, product_id, quantity, unit_price, discount) VALUES (NULL, 137, 34, 1, 394.69, 0);
INSERT INTO Order_Items (order_item_id, order_id, product_id, quantity, unit_price, discount) VALUES (NULL, 137, 21, 2, 137.34, 10);
INSERT INTO Order_Items (order_item_id, order_id, product_id, quantity, unit_price, discount) VALUES (NULL, 137, 41, 2, 70.08, 15);
INSERT INTO Payments (payment_id, order_id, payment_date, payment_method, amount, currency) VALUES (NULL, 137, '2025-07-10 17:35:59.663574', 'PayPal', 226.58, 'USD');
INSERT INTO Shipping (shipping_id, order_id, carrier, tracking_number, ship_date, delivery_date, status) VALUES (NULL, 137, 'DHL', 'TRK000137', '2025-01-03', '2025-03-01', 'Delivered');
INSERT INTO Orders (order_id, customer_id, order_date, status, shipping_address, total_amount) VALUES (138, 167, '2025-05-20 05:27:46.906340', 'Shipped', '9260 Mark Knoll Apt. 026 Kristinfurt, SD 95830', 576.05);
INSERT INTO Order_Items (order_item_id, order_id, product_id, quantity, unit_price, discount) VALUES (NULL, 138, 39, 1, 134.7, 10);
INSERT INTO Order_Items (order_item_id, order_id, product_id, quantity, unit_price, discount) VALUES (NULL, 138, 38, 2, 30.36, 10);
INSERT INTO Order_Items (order_item_id, order_id, product_id, quantity, unit_price, discount) VALUES (NULL, 138, 28, 3, 257.08, 5);
INSERT INTO Order_Items (order_item_id, order_id, product_id, quantity, unit_price, discount) VALUES (NULL, 138, 26, 3, 352.72, 10);
INSERT INTO Payments (payment_id, order_id, payment_date, payment_method, amount, currency) VALUES (NULL, 138, '2025-03-06 17:53:06.591864', 'PayPal', 576.05, 'USD');
INSERT INTO Shipping (shipping_id, order_id, carrier, tracking_number, ship_date, delivery_date, status) VALUES (NULL, 138, 'UPS', 'TRK000138', '2025-02-12', '2025-01-23', 'Delivered');
INSERT INTO Orders (order_id, customer_id, order_date, status, shipping_address, total_amount) VALUES (139, 21, '2025-03-05 11:26:12.791410', 'Shipped', '708 Gail Trafficway Apt. 929 Suareztown, ND 21685', 2151.59);
INSERT INTO Order_Items (order_item_id, order_id, product_id, quantity, unit_price, discount) VALUES (NULL, 139, 10, 1, 261.3, 5);
INSERT INTO Order_Items (order_item_id, order_id, product_id, quantity, unit_price, discount) VALUES (NULL, 139, 35, 1, 244.68, 10);
INSERT INTO Order_Items (order_item_id, order_id, product_id, quantity, unit_price, discount) VALUES (NULL, 139, 28, 3, 254.66, 0);
INSERT INTO Payments (payment_id, order_id, payment_date, payment_method, amount, currency) VALUES (NULL, 139, '2025-03-02 09:31:05.661996', 'Debit Card', 2151.59, 'USD');
INSERT INTO Shipping (shipping_id, order_id, carrier, tracking_number, ship_date, delivery_date, status) VALUES (NULL, 139, 'DHL', 'TRK000139', '2025-01-03', '2025-05-06', 'Delivered');
INSERT INTO Orders (order_id, customer_id, order_date, status, shipping_address, total_amount) VALUES (140, 108, '2025-05-15 10:07:41.476297', 'Shipped', '0248 Shawn Common Suite 631 Kathyfort, VI 59042', 889.36);
INSERT INTO Order_Items (order_item_id, order_id, product_id, quantity, unit_price, discount) VALUES (NULL, 140, 32, 1, 213.85, 10);
INSERT INTO Order_Items (order_item_id, order_id, product_id, quantity, unit_price, discount) VALUES (NULL, 140, 49, 3, 92.45, 5);
INSERT INTO Order_Items (order_item_id, order_id, product_id, quantity, unit_price, discount) VALUES (NULL, 140, 42, 2, 144.92, 10);
INSERT INTO Order_Items (order_item_id, order_id, product_id, quantity, unit_price, discount) VALUES (NULL, 140, 45, 3, 168.55, 0);
INSERT INTO Order_Items (order_item_id, order_id, product_id, quantity, unit_price, discount) VALUES (NULL, 140, 41, 1, 374.93, 15);
INSERT INTO Payments (payment_id, order_id, payment_date, payment_method, amount, currency) VALUES (NULL, 140, '2025-02-07 09:18:09.577379', 'Credit Card', 889.36, 'USD');
INSERT INTO Shipping (shipping_id, order_id, carrier, tracking_number, ship_date, delivery_date, status) VALUES (NULL, 140, 'UPS', 'TRK000140', '2025-01-08', '2025-03-06', 'Delivered');
INSERT INTO Orders (order_id, customer_id, order_date, status, shipping_address, total_amount) VALUES (141, 90, '2025-04-12 23:05:47.168215', 'Shipped', '182 Stacey Ports Apt. 155 Port Tony, CO 50149', 1735.33);
INSERT INTO Order_Items (order_item_id, order_id, product_id, quantity, unit_price, discount) VALUES (NULL, 141, 39, 3, 332.62, 5);
INSERT INTO Order_Items (order_item_id, order_id, product_id, quantity, unit_price, discount) VALUES (NULL, 141, 31, 1, 237.53, 10);
INSERT INTO Order_Items (order_item_id, order_id, product_id, quantity, unit_price, discount) VALUES (NULL, 141, 22, 2, 103.14, 10);
INSERT INTO Order_Items (order_item_id, order_id, product_id, quantity, unit_price, discount) VALUES (NULL, 141, 24, 3, 14.84, 15);
INSERT INTO Order_Items (order_item_id, order_id, product_id, quantity, unit_price, discount) VALUES (NULL, 141, 19, 3, 323.71, 10);
INSERT INTO Payments (payment_id, order_id, payment_date, payment_method, amount, currency) VALUES (NULL, 141, '2025-01-06 14:01:36.963932', 'PayPal', 1735.33, 'USD');
INSERT INTO Shipping (shipping_id, order_id, carrier, tracking_number, ship_date, delivery_date, status) VALUES (NULL, 141, 'DHL', 'TRK000141', '2025-02-12', '2025-06-03', 'Delivered');
INSERT INTO Orders (order_id, customer_id, order_date, status, shipping_address, total_amount) VALUES (142, 169, '2025-06-28 14:49:47.387312', 'Shipped', '52718 Thompson Lodge Teresatown, SD 28135', 1396.22);
INSERT INTO Order_Items (order_item_id, order_id, product_id, quantity, unit_price, discount) VALUES (NULL, 142, 27, 3, 477.44, 10);
INSERT INTO Order_Items (order_item_id, order_id, product_id, quantity, unit_price, discount) VALUES (NULL, 142, 1, 1, 287.35, 0);
INSERT INTO Order_Items (order_item_id, order_id, product_id, quantity, unit_price, discount) VALUES (NULL, 142, 38, 3, 435.39, 15);
INSERT INTO Order_Items (order_item_id, order_id, product_id, quantity, unit_price, discount) VALUES (NULL, 142, 41, 1, 201.67, 5);
INSERT INTO Order_Items (order_item_id, order_id, product_id, quantity, unit_price, discount) VALUES (NULL, 142, 31, 3, 234.29, 5);
INSERT INTO Payments (payment_id, order_id, payment_date, payment_method, amount, currency) VALUES (NULL, 142, '2025-01-04 07:29:09.796594', 'PayPal', 1396.22, 'USD');
INSERT INTO Shipping (shipping_id, order_id, carrier, tracking_number, ship_date, delivery_date, status) VALUES (NULL, 142, 'DHL', 'TRK000142', '2025-05-16', '2025-03-09', 'Delivered');
INSERT INTO Orders (order_id, customer_id, order_date, status, shipping_address, total_amount) VALUES (143, 64, '2025-04-20 05:22:20.883779', 'Shipped', '42906 Calhoun Stravenue Suite 059 South Maryport, IA 04307', 1236.71);
INSERT INTO Order_Items (order_item_id, order_id, product_id, quantity, unit_price, discount) VALUES (NULL, 143, 17, 2, 242.62, 15);
INSERT INTO Order_Items (order_item_id, order_id, product_id, quantity, unit_price, discount) VALUES (NULL, 143, 30, 1, 64.1, 15);
INSERT INTO Order_Items (order_item_id, order_id, product_id, quantity, unit_price, discount) VALUES (NULL, 143, 7, 3, 411.03, 10);
INSERT INTO Payments (payment_id, order_id, payment_date, payment_method, amount, currency) VALUES (NULL, 143, '2025-05-17 18:44:27.130373', 'PayPal', 1236.71, 'USD');
INSERT INTO Shipping (shipping_id, order_id, carrier, tracking_number, ship_date, delivery_date, status) VALUES (NULL, 143, 'FedEx', 'TRK000143', '2025-05-26', '2025-01-15', 'Delivered');
INSERT INTO Orders (order_id, customer_id, order_date, status, shipping_address, total_amount) VALUES (144, 172, '2025-07-24 04:25:56.395728', 'Shipped', 'PSC 7488, Box 0680 APO AP 06434', 1853.04);
INSERT INTO Order_Items (order_item_id, order_id, product_id, quantity, unit_price, discount) VALUES (NULL, 144, 4, 2, 395.56, 0);
INSERT INTO Order_Items (order_item_id, order_id, product_id, quantity, unit_price, discount) VALUES (NULL, 144, 38, 1, 483.1, 15);
INSERT INTO Order_Items (order_item_id, order_id, product_id, quantity, unit_price, discount) VALUES (NULL, 144, 19, 3, 72.27, 10);
INSERT INTO Payments (payment_id, order_id, payment_date, payment_method, amount, currency) VALUES (NULL, 144, '2025-04-30 12:44:55.179462', 'Credit Card', 1853.04, 'USD');
INSERT INTO Shipping (shipping_id, order_id, carrier, tracking_number, ship_date, delivery_date, status) VALUES (NULL, 144, 'UPS', 'TRK000144', '2025-08-15', '2025-07-05', 'Delivered');
INSERT INTO Orders (order_id, customer_id, order_date, status, shipping_address, total_amount) VALUES (145, 106, '2025-01-11 04:45:51.481577', 'Shipped', '718 Willis Harbor Suite 736 Nealfort, AR 99257', 2843.23);
INSERT INTO Order_Items (order_item_id, order_id, product_id, quantity, unit_price, discount) VALUES (NULL, 145, 4, 3, 235.72, 15);
INSERT INTO Order_Items (order_item_id, order_id, product_id, quantity, unit_price, discount) VALUES (NULL, 145, 15, 3, 10.95, 5);
INSERT INTO Order_Items (order_item_id, order_id, product_id, quantity, unit_price, discount) VALUES (NULL, 145, 29, 3, 107.62, 0);
INSERT INTO Payments (payment_id, order_id, payment_date, payment_method, amount, currency) VALUES (NULL, 145, '2025-03-03 15:47:48.693942', 'PayPal', 2843.23, 'USD');
INSERT INTO Shipping (shipping_id, order_id, carrier, tracking_number, ship_date, delivery_date, status) VALUES (NULL, 145, 'DHL', 'TRK000145', '2025-02-06', '2025-05-22', 'Delivered');
INSERT INTO Orders (order_id, customer_id, order_date, status, shipping_address, total_amount) VALUES (146, 189, '2025-01-23 00:16:24.949208', 'Shipped', 'PSC 3739, Box 9528 APO AA 27736', 1778.02);
INSERT INTO Order_Items (order_item_id, order_id, product_id, quantity, unit_price, discount) VALUES (NULL, 146, 37, 3, 96.56, 15);
INSERT INTO Payments (payment_id, order_id, payment_date, payment_method, amount, currency) VALUES (NULL, 146, '2025-05-20 04:03:43.677697', 'Credit Card', 1778.02, 'USD');
INSERT INTO Shipping (shipping_id, order_id, carrier, tracking_number, ship_date, delivery_date, status) VALUES (NULL, 146, 'FedEx', 'TRK000146', '2025-01-29', '2025-02-12', 'Delivered');
INSERT INTO Orders (order_id, customer_id, order_date, status, shipping_address, total_amount) VALUES (147, 112, '2025-03-01 02:52:30.160763', 'Shipped', '673 Lee Rapid Suite 433 Martinhaven, MN 73337', 2191.56);
INSERT INTO Order_Items (order_item_id, order_id, product_id, quantity, unit_price, discount) VALUES (NULL, 147, 22, 1, 283.1, 15);
INSERT INTO Payments (payment_id, order_id, payment_date, payment_method, amount, currency) VALUES (NULL, 147, '2025-06-02 04:37:05.791647', 'Debit Card', 2191.56, 'USD');
INSERT INTO Shipping (shipping_id, order_id, carrier, tracking_number, ship_date, delivery_date, status) VALUES (NULL, 147, 'FedEx', 'TRK000147', '2025-03-28', '2025-02-19', 'Delivered');
INSERT INTO Orders (order_id, customer_id, order_date, status, shipping_address, total_amount) VALUES (148, 173, '2025-02-16 01:51:28.246774', 'Shipped', '321 Krystal Stream Lake Joe, WY 78098', 908.93);
INSERT INTO Order_Items (order_item_id, order_id, product_id, quantity, unit_price, discount) VALUES (NULL, 148, 2, 3, 111.59, 0);
INSERT INTO Order_Items (order_item_id, order_id, product_id, quantity, unit_price, discount) VALUES (NULL, 148, 26, 1, 364.11, 10);
INSERT INTO Order_Items (order_item_id, order_id, product_id, quantity, unit_price, discount) VALUES (NULL, 148, 38, 1, 487.41, 10);
INSERT INTO Order_Items (order_item_id, order_id, product_id, quantity, unit_price, discount) VALUES (NULL, 148, 7, 3, 197.42, 15);
INSERT INTO Order_Items (order_item_id, order_id, product_id, quantity, unit_price, discount) VALUES (NULL, 148, 32, 1, 384.14, 0);
INSERT INTO Payments (payment_id, order_id, payment_date, payment_method, amount, currency) VALUES (NULL, 148, '2025-01-13 06:18:09.900352', 'PayPal', 908.93, 'USD');
INSERT INTO Shipping (shipping_id, order_id, carrier, tracking_number, ship_date, delivery_date, status) VALUES (NULL, 148, 'DHL', 'TRK000148', '2025-05-31', '2025-01-03', 'Delivered');
INSERT INTO Orders (order_id, customer_id, order_date, status, shipping_address, total_amount) VALUES (149, 134, '2025-03-24 12:37:44.445271', 'Shipped', '1767 Karla Throughway New David, ME 38495', 379.36);
INSERT INTO Order_Items (order_item_id, order_id, product_id, quantity, unit_price, discount) VALUES (NULL, 149, 20, 1, 471.82, 0);
INSERT INTO Order_Items (order_item_id, order_id, product_id, quantity, unit_price, discount) VALUES (NULL, 149, 45, 3, 200.52, 0);
INSERT INTO Order_Items (order_item_id, order_id, product_id, quantity, unit_price, discount) VALUES (NULL, 149, 15, 1, 90.81, 10);
INSERT INTO Order_Items (order_item_id, order_id, product_id, quantity, unit_price, discount) VALUES (NULL, 149, 22, 2, 173.94, 15);
INSERT INTO Payments (payment_id, order_id, payment_date, payment_method, amount, currency) VALUES (NULL, 149, '2025-06-18 06:13:45.319106', 'PayPal', 379.36, 'USD');
INSERT INTO Shipping (shipping_id, order_id, carrier, tracking_number, ship_date, delivery_date, status) VALUES (NULL, 149, 'UPS', 'TRK000149', '2025-01-23', '2025-04-05', 'Delivered');
INSERT INTO Orders (order_id, customer_id, order_date, status, shipping_address, total_amount) VALUES (150, 107, '2025-01-14 07:45:05.819909', 'Shipped', '948 Preston Isle Apt. 031 New Philliptown, CA 01609', 1029.42);
INSERT INTO Order_Items (order_item_id, order_id, product_id, quantity, unit_price, discount) VALUES (NULL, 150, 4, 3, 367.87, 15);
INSERT INTO Payments (payment_id, order_id, payment_date, payment_method, amount, currency) VALUES (NULL, 150, '2025-03-07 06:39:04.336979', 'PayPal', 1029.42, 'USD');
INSERT INTO Shipping (shipping_id, order_id, carrier, tracking_number, ship_date, delivery_date, status) VALUES (NULL, 150, 'DHL', 'TRK000150', '2025-07-13', '2025-02-05', 'Delivered');
INSERT INTO Orders (order_id, customer_id, order_date, status, shipping_address, total_amount) VALUES (151, 88, '2025-01-25 23:41:05.225240', 'Shipped', '115 Patrick Island Michelleview, IN 63702', 2940.18);
INSERT INTO Order_Items (order_item_id, order_id, product_id, quantity, unit_price, discount) VALUES (NULL, 151, 10, 3, 232.21, 0);
INSERT INTO Order_Items (order_item_id, order_id, product_id, quantity, unit_price, discount) VALUES (NULL, 151, 40, 3, 164.36, 5);
INSERT INTO Payments (payment_id, order_id, payment_date, payment_method, amount, currency) VALUES (NULL, 151, '2025-03-01 14:01:00.869954', 'Credit Card', 2940.18, 'USD');
INSERT INTO Shipping (shipping_id, order_id, carrier, tracking_number, ship_date, delivery_date, status) VALUES (NULL, 151, 'FedEx', 'TRK000151', '2025-07-16', '2025-08-24', 'Delivered');
INSERT INTO Orders (order_id, customer_id, order_date, status, shipping_address, total_amount) VALUES (152, 156, '2025-06-23 02:56:09.838081', 'Shipped', '620 Payne Way Apt. 751 Cassandrafurt, KS 75832', 2333.87);
INSERT INTO Order_Items (order_item_id, order_id, product_id, quantity, unit_price, discount) VALUES (NULL, 152, 34, 2, 343.39, 0);
INSERT INTO Order_Items (order_item_id, order_id, product_id, quantity, unit_price, discount) VALUES (NULL, 152, 6, 3, 157.1, 10);
INSERT INTO Order_Items (order_item_id, order_id, product_id, quantity, unit_price, discount) VALUES (NULL, 152, 16, 3, 376.56, 0);
INSERT INTO Order_Items (order_item_id, order_id, product_id, quantity, unit_price, discount) VALUES (NULL, 152, 18, 2, 146.56, 10);
INSERT INTO Order_Items (order_item_id, order_id, product_id, quantity, unit_price, discount) VALUES (NULL, 152, 9, 3, 337.01, 10);
INSERT INTO Payments (payment_id, order_id, payment_date, payment_method, amount, currency) VALUES (NULL, 152, '2025-04-01 09:34:14.373934', 'Debit Card', 2333.87, 'USD');
INSERT INTO Shipping (shipping_id, order_id, carrier, tracking_number, ship_date, delivery_date, status) VALUES (NULL, 152, 'FedEx', 'TRK000152', '2025-02-04', '2025-05-27', 'Delivered');
INSERT INTO Orders (order_id, customer_id, order_date, status, shipping_address, total_amount) VALUES (153, 100, '2025-07-03 12:58:43.627063', 'Shipped', '21089 Hoffman Fields Apt. 150 Lake Timothystad, WV 31268', 1316.85);
INSERT INTO Order_Items (order_item_id, order_id, product_id, quantity, unit_price, discount) VALUES (NULL, 153, 27, 1, 256.77, 10);
INSERT INTO Order_Items (order_item_id, order_id, product_id, quantity, unit_price, discount) VALUES (NULL, 153, 48, 2, 498.18, 15);
INSERT INTO Payments (payment_id, order_id, payment_date, payment_method, amount, currency) VALUES (NULL, 153, '2025-08-23 01:57:13.587461', 'PayPal', 1316.85, 'USD');
INSERT INTO Shipping (shipping_id, order_id, carrier, tracking_number, ship_date, delivery_date, status) VALUES (NULL, 153, 'DHL', 'TRK000153', '2025-08-08', '2025-03-26', 'Delivered');
INSERT INTO Orders (order_id, customer_id, order_date, status, shipping_address, total_amount) VALUES (154, 145, '2025-02-11 00:19:24.805008', 'Shipped', '74283 Michael Wall Suite 373 Andrewview, MD 94065', 607.96);
INSERT INTO Order_Items (order_item_id, order_id, product_id, quantity, unit_price, discount) VALUES (NULL, 154, 2, 2, 90.51, 15);
INSERT INTO Order_Items (order_item_id, order_id, product_id, quantity, unit_price, discount) VALUES (NULL, 154, 49, 3, 320.23, 10);
INSERT INTO Order_Items (order_item_id, order_id, product_id, quantity, unit_price, discount) VALUES (NULL, 154, 22, 3, 347.95, 10);
INSERT INTO Order_Items (order_item_id, order_id, product_id, quantity, unit_price, discount) VALUES (NULL, 154, 46, 3, 279.47, 10);
INSERT INTO Payments (payment_id, order_id, payment_date, payment_method, amount, currency) VALUES (NULL, 154, '2025-03-04 16:21:09.860144', 'Credit Card', 607.96, 'USD');
INSERT INTO Shipping (shipping_id, order_id, carrier, tracking_number, ship_date, delivery_date, status) VALUES (NULL, 154, 'UPS', 'TRK000154', '2025-02-05', '2025-08-10', 'Delivered');
INSERT INTO Orders (order_id, customer_id, order_date, status, shipping_address, total_amount) VALUES (155, 5, '2025-06-29 01:55:55.673811', 'Shipped', '9383 Joseph Forks Ashleyland, NV 19896', 1787.17);
INSERT INTO Order_Items (order_item_id, order_id, product_id, quantity, unit_price, discount) VALUES (NULL, 155, 10, 3, 438.27, 5);
INSERT INTO Payments (payment_id, order_id, payment_date, payment_method, amount, currency) VALUES (NULL, 155, '2025-07-15 16:39:53.876229', 'Credit Card', 1787.17, 'USD');
INSERT INTO Shipping (shipping_id, order_id, carrier, tracking_number, ship_date, delivery_date, status) VALUES (NULL, 155, 'FedEx', 'TRK000155', '2025-03-18', '2025-01-28', 'Delivered');
INSERT INTO Orders (order_id, customer_id, order_date, status, shipping_address, total_amount) VALUES (156, 89, '2025-02-23 17:08:20.096757', 'Shipped', '6781 Danielle Lodge South Amy, MH 83349', 2610.76);
INSERT INTO Order_Items (order_item_id, order_id, product_id, quantity, unit_price, discount) VALUES (NULL, 156, 49, 1, 298.77, 5);
INSERT INTO Payments (payment_id, order_id, payment_date, payment_method, amount, currency) VALUES (NULL, 156, '2025-06-11 22:15:37.954349', 'PayPal', 2610.76, 'USD');
INSERT INTO Shipping (shipping_id, order_id, carrier, tracking_number, ship_date, delivery_date, status) VALUES (NULL, 156, 'FedEx', 'TRK000156', '2025-07-23', '2025-03-20', 'Delivered');
INSERT INTO Orders (order_id, customer_id, order_date, status, shipping_address, total_amount) VALUES (157, 69, '2025-04-23 14:54:10.232277', 'Shipped', '29540 Russo Crossroad Tonyfurt, UT 09973', 981.99);
INSERT INTO Order_Items (order_item_id, order_id, product_id, quantity, unit_price, discount) VALUES (NULL, 157, 45, 1, 39.21, 15);
INSERT INTO Order_Items (order_item_id, order_id, product_id, quantity, unit_price, discount) VALUES (NULL, 157, 15, 1, 438.44, 15);
INSERT INTO Order_Items (order_item_id, order_id, product_id, quantity, unit_price, discount) VALUES (NULL, 157, 31, 2, 123.74, 10);
INSERT INTO Order_Items (order_item_id, order_id, product_id, quantity, unit_price, discount) VALUES (NULL, 157, 17, 3, 299.72, 5);
INSERT INTO Payments (payment_id, order_id, payment_date, payment_method, amount, currency) VALUES (NULL, 157, '2025-05-06 23:39:05.563437', 'Credit Card', 981.99, 'USD');
INSERT INTO Shipping (shipping_id, order_id, carrier, tracking_number, ship_date, delivery_date, status) VALUES (NULL, 157, 'FedEx', 'TRK000157', '2025-06-19', '2025-04-01', 'Delivered');
INSERT INTO Orders (order_id, customer_id, order_date, status, shipping_address, total_amount) VALUES (158, 133, '2025-04-28 14:05:47.640385', 'Shipped', 'Unit 7931 Box 7748 DPO AE 90867', 2002.8);
INSERT INTO Order_Items (order_item_id, order_id, product_id, quantity, unit_price, discount) VALUES (NULL, 158, 20, 2, 13.52, 15);
INSERT INTO Order_Items (order_item_id, order_id, product_id, quantity, unit_price, discount) VALUES (NULL, 158, 43, 2, 328.95, 5);
INSERT INTO Order_Items (order_item_id, order_id, product_id, quantity, unit_price, discount) VALUES (NULL, 158, 18, 3, 104.27, 15);
INSERT INTO Order_Items (order_item_id, order_id, product_id, quantity, unit_price, discount) VALUES (NULL, 158, 46, 3, 55.05, 15);
INSERT INTO Payments (payment_id, order_id, payment_date, payment_method, amount, currency) VALUES (NULL, 158, '2025-07-06 05:50:23.548684', 'Debit Card', 2002.8, 'USD');
INSERT INTO Shipping (shipping_id, order_id, carrier, tracking_number, ship_date, delivery_date, status) VALUES (NULL, 158, 'DHL', 'TRK000158', '2025-05-23', '2025-02-19', 'Delivered');
INSERT INTO Orders (order_id, customer_id, order_date, status, shipping_address, total_amount) VALUES (159, 162, '2025-01-09 21:06:06.552623', 'Shipped', '7322 Williams Land Katherineshire, SC 21210', 2039.36);
INSERT INTO Order_Items (order_item_id, order_id, product_id, quantity, unit_price, discount) VALUES (NULL, 159, 39, 3, 326.76, 0);
INSERT INTO Payments (payment_id, order_id, payment_date, payment_method, amount, currency) VALUES (NULL, 159, '2025-07-26 03:43:03.086267', 'PayPal', 2039.36, 'USD');
INSERT INTO Shipping (shipping_id, order_id, carrier, tracking_number, ship_date, delivery_date, status) VALUES (NULL, 159, 'UPS', 'TRK000159', '2025-08-09', '2025-01-14', 'Delivered');
INSERT INTO Orders (order_id, customer_id, order_date, status, shipping_address, total_amount) VALUES (160, 59, '2025-05-19 07:22:29.384271', 'Shipped', '429 Smith Drive Suite 527 Grantton, NJ 41301', 2979.09);
INSERT INTO Order_Items (order_item_id, order_id, product_id, quantity, unit_price, discount) VALUES (NULL, 160, 10, 1, 233.79, 5);
INSERT INTO Payments (payment_id, order_id, payment_date, payment_method, amount, currency) VALUES (NULL, 160, '2025-05-12 20:41:43.915713', 'PayPal', 2979.09, 'USD');
INSERT INTO Shipping (shipping_id, order_id, carrier, tracking_number, ship_date, delivery_date, status) VALUES (NULL, 160, 'DHL', 'TRK000160', '2025-07-04', '2025-07-21', 'Delivered');
INSERT INTO Orders (order_id, customer_id, order_date, status, shipping_address, total_amount) VALUES (161, 63, '2025-05-17 18:17:24.738317', 'Shipped', '8499 Mariah Mill West Rebecca, AS 54698', 2065.17);
INSERT INTO Order_Items (order_item_id, order_id, product_id, quantity, unit_price, discount) VALUES (NULL, 161, 45, 2, 388.24, 5);
INSERT INTO Payments (payment_id, order_id, payment_date, payment_method, amount, currency) VALUES (NULL, 161, '2025-02-04 07:12:03.935513', 'Credit Card', 2065.17, 'USD');
INSERT INTO Shipping (shipping_id, order_id, carrier, tracking_number, ship_date, delivery_date, status) VALUES (NULL, 161, 'FedEx', 'TRK000161', '2025-06-06', '2025-03-13', 'Delivered');
INSERT INTO Orders (order_id, customer_id, order_date, status, shipping_address, total_amount) VALUES (162, 97, '2025-05-10 05:11:47.607007', 'Shipped', '630 Melvin Parkway Suite 841 Megantown, AZ 81366', 1877.69);
INSERT INTO Order_Items (order_item_id, order_id, product_id, quantity, unit_price, discount) VALUES (NULL, 162, 4, 2, 24.36, 5);
INSERT INTO Payments (payment_id, order_id, payment_date, payment_method, amount, currency) VALUES (NULL, 162, '2025-08-12 00:51:58.402372', 'Debit Card', 1877.69, 'USD');
INSERT INTO Shipping (shipping_id, order_id, carrier, tracking_number, ship_date, delivery_date, status) VALUES (NULL, 162, 'FedEx', 'TRK000162', '2025-01-03', '2025-05-18', 'Delivered');
INSERT INTO Orders (order_id, customer_id, order_date, status, shipping_address, total_amount) VALUES (163, 32, '2025-01-25 18:26:06.618559', 'Shipped', '60565 Anthony Circles Apt. 518 Jessicaton, MI 41477', 1854.76);
INSERT INTO Order_Items (order_item_id, order_id, product_id, quantity, unit_price, discount) VALUES (NULL, 163, 49, 2, 248.52, 15);
INSERT INTO Order_Items (order_item_id, order_id, product_id, quantity, unit_price, discount) VALUES (NULL, 163, 33, 3, 123.92, 15);
INSERT INTO Payments (payment_id, order_id, payment_date, payment_method, amount, currency) VALUES (NULL, 163, '2025-02-04 23:15:44.780707', 'Debit Card', 1854.76, 'USD');
INSERT INTO Shipping (shipping_id, order_id, carrier, tracking_number, ship_date, delivery_date, status) VALUES (NULL, 163, 'FedEx', 'TRK000163', '2025-03-18', '2025-08-04', 'Delivered');
INSERT INTO Orders (order_id, customer_id, order_date, status, shipping_address, total_amount) VALUES (164, 66, '2025-04-06 02:14:46.995670', 'Shipped', '3166 Ramos Tunnel Suite 236 Jonesfurt, ND 98028', 956.06);
INSERT INTO Order_Items (order_item_id, order_id, product_id, quantity, unit_price, discount) VALUES (NULL, 164, 44, 2, 413.5, 0);
INSERT INTO Payments (payment_id, order_id, payment_date, payment_method, amount, currency) VALUES (NULL, 164, '2025-09-01 13:27:08.260013', 'PayPal', 956.06, 'USD');
INSERT INTO Shipping (shipping_id, order_id, carrier, tracking_number, ship_date, delivery_date, status) VALUES (NULL, 164, 'UPS', 'TRK000164', '2025-05-20', '2025-03-19', 'Delivered');
INSERT INTO Orders (order_id, customer_id, order_date, status, shipping_address, total_amount) VALUES (165, 131, '2025-08-13 23:05:53.786838', 'Shipped', '56890 Timothy Vista Tiffanyburgh, GA 43795', 2981.12);
INSERT INTO Order_Items (order_item_id, order_id, product_id, quantity, unit_price, discount) VALUES (NULL, 165, 43, 1, 387.47, 5);
INSERT INTO Payments (payment_id, order_id, payment_date, payment_method, amount, currency) VALUES (NULL, 165, '2025-06-03 18:15:35.085771', 'Credit Card', 2981.12, 'USD');
INSERT INTO Shipping (shipping_id, order_id, carrier, tracking_number, ship_date, delivery_date, status) VALUES (NULL, 165, 'FedEx', 'TRK000165', '2025-08-23', '2025-03-14', 'Delivered');
INSERT INTO Orders (order_id, customer_id, order_date, status, shipping_address, total_amount) VALUES (166, 96, '2025-05-03 03:39:50.867788', 'Shipped', '13133 Heather Pass Suite 405 Castroview, CO 64485', 160.24);
INSERT INTO Order_Items (order_item_id, order_id, product_id, quantity, unit_price, discount) VALUES (NULL, 166, 42, 1, 32.59, 5);
INSERT INTO Order_Items (order_item_id, order_id, product_id, quantity, unit_price, discount) VALUES (NULL, 166, 50, 1, 415.61, 15);
INSERT INTO Order_Items (order_item_id, order_id, product_id, quantity, unit_price, discount) VALUES (NULL, 166, 7, 2, 439.16, 0);
INSERT INTO Order_Items (order_item_id, order_id, product_id, quantity, unit_price, discount) VALUES (NULL, 166, 20, 3, 378.39, 10);
INSERT INTO Order_Items (order_item_id, order_id, product_id, quantity, unit_price, discount) VALUES (NULL, 166, 25, 3, 225.53, 15);
INSERT INTO Payments (payment_id, order_id, payment_date, payment_method, amount, currency) VALUES (NULL, 166, '2025-03-11 02:49:10.439121', 'Debit Card', 160.24, 'USD');
INSERT INTO Shipping (shipping_id, order_id, carrier, tracking_number, ship_date, delivery_date, status) VALUES (NULL, 166, 'FedEx', 'TRK000166', '2025-07-31', '2025-03-03', 'Delivered');
INSERT INTO Orders (order_id, customer_id, order_date, status, shipping_address, total_amount) VALUES (167, 133, '2025-07-23 14:06:41.189706', 'Shipped', '5066 Wheeler Run Suite 387 Wolfeland, MT 51455', 203.2);
INSERT INTO Order_Items (order_item_id, order_id, product_id, quantity, unit_price, discount) VALUES (NULL, 167, 17, 3, 224.22, 5);
INSERT INTO Order_Items (order_item_id, order_id, product_id, quantity, unit_price, discount) VALUES (NULL, 167, 31, 2, 455.26, 5);
INSERT INTO Order_Items (order_item_id, order_id, product_id, quantity, unit_price, discount) VALUES (NULL, 167, 28, 3, 155.5, 5);
INSERT INTO Order_Items (order_item_id, order_id, product_id, quantity, unit_price, discount) VALUES (NULL, 167, 18, 3, 333.78, 0);
INSERT INTO Payments (payment_id, order_id, payment_date, payment_method, amount, currency) VALUES (NULL, 167, '2025-02-14 22:49:36.708784', 'Debit Card', 203.2, 'USD');
INSERT INTO Shipping (shipping_id, order_id, carrier, tracking_number, ship_date, delivery_date, status) VALUES (NULL, 167, 'DHL', 'TRK000167', '2025-05-03', '2025-08-11', 'Delivered');
INSERT INTO Orders (order_id, customer_id, order_date, status, shipping_address, total_amount) VALUES (168, 94, '2025-06-20 20:34:43.780277', 'Shipped', 'PSC 3452, Box 5057 APO AP 08966', 2625.69);
INSERT INTO Order_Items (order_item_id, order_id, product_id, quantity, unit_price, discount) VALUES (NULL, 168, 7, 2, 99.27, 10);
INSERT INTO Order_Items (order_item_id, order_id, product_id, quantity, unit_price, discount) VALUES (NULL, 168, 38, 1, 159.34, 0);
INSERT INTO Order_Items (order_item_id, order_id, product_id, quantity, unit_price, discount) VALUES (NULL, 168, 3, 3, 340.1, 5);
INSERT INTO Order_Items (order_item_id, order_id, product_id, quantity, unit_price, discount) VALUES (NULL, 168, 48, 3, 276.04, 0);
INSERT INTO Order_Items (order_item_id, order_id, product_id, quantity, unit_price, discount) VALUES (NULL, 168, 44, 1, 135.65, 0);
INSERT INTO Payments (payment_id, order_id, payment_date, payment_method, amount, currency) VALUES (NULL, 168, '2025-06-17 14:37:53.993318', 'Credit Card', 2625.69, 'USD');
INSERT INTO Shipping (shipping_id, order_id, carrier, tracking_number, ship_date, delivery_date, status) VALUES (NULL, 168, 'UPS', 'TRK000168', '2025-06-22', '2025-08-07', 'Delivered');
INSERT INTO Orders (order_id, customer_id, order_date, status, shipping_address, total_amount) VALUES (169, 12, '2025-06-13 16:45:07.111592', 'Shipped', '22505 Krystal Land Suite 356 Carlytown, NH 31950', 1886.4);
INSERT INTO Order_Items (order_item_id, order_id, product_id, quantity, unit_price, discount) VALUES (NULL, 169, 47, 3, 422.49, 5);
INSERT INTO Payments (payment_id, order_id, payment_date, payment_method, amount, currency) VALUES (NULL, 169, '2025-07-25 05:08:01.694906', 'PayPal', 1886.4, 'USD');
INSERT INTO Shipping (shipping_id, order_id, carrier, tracking_number, ship_date, delivery_date, status) VALUES (NULL, 169, 'DHL', 'TRK000169', '2025-07-18', '2025-03-19', 'Delivered');
INSERT INTO Orders (order_id, customer_id, order_date, status, shipping_address, total_amount) VALUES (170, 113, '2025-06-29 23:27:39.370616', 'Shipped', '1971 Christopher Ford East Sarahberg, NE 76930', 918.89);
INSERT INTO Order_Items (order_item_id, order_id, product_id, quantity, unit_price, discount) VALUES (NULL, 170, 4, 3, 71.09, 15);
INSERT INTO Order_Items (order_item_id, order_id, product_id, quantity, unit_price, discount) VALUES (NULL, 170, 3, 3, 85.04, 0);
INSERT INTO Order_Items (order_item_id, order_id, product_id, quantity, unit_price, discount) VALUES (NULL, 170, 49, 1, 261.78, 5);
INSERT INTO Payments (payment_id, order_id, payment_date, payment_method, amount, currency) VALUES (NULL, 170, '2025-08-13 07:04:59.177543', 'Credit Card', 918.89, 'USD');
INSERT INTO Shipping (shipping_id, order_id, carrier, tracking_number, ship_date, delivery_date, status) VALUES (NULL, 170, 'UPS', 'TRK000170', '2025-02-03', '2025-05-31', 'Delivered');
INSERT INTO Orders (order_id, customer_id, order_date, status, shipping_address, total_amount) VALUES (171, 151, '2025-07-21 04:09:21.634957', 'Shipped', '25796 Perez Ways Apt. 409 Fosterfort, SC 44800', 1829.88);
INSERT INTO Order_Items (order_item_id, order_id, product_id, quantity, unit_price, discount) VALUES (NULL, 171, 23, 3, 80.66, 0);
INSERT INTO Payments (payment_id, order_id, payment_date, payment_method, amount, currency) VALUES (NULL, 171, '2025-08-18 20:18:49.716118', 'PayPal', 1829.88, 'USD');
INSERT INTO Shipping (shipping_id, order_id, carrier, tracking_number, ship_date, delivery_date, status) VALUES (NULL, 171, 'UPS', 'TRK000171', '2025-02-04', '2025-04-17', 'Delivered');
INSERT INTO Orders (order_id, customer_id, order_date, status, shipping_address, total_amount) VALUES (172, 140, '2025-06-04 07:44:15.884990', 'Shipped', '4516 Howard Orchard Apt. 200 Williamburgh, NY 73738', 540.34);
INSERT INTO Order_Items (order_item_id, order_id, product_id, quantity, unit_price, discount) VALUES (NULL, 172, 27, 2, 284.34, 5);
INSERT INTO Payments (payment_id, order_id, payment_date, payment_method, amount, currency) VALUES (NULL, 172, '2025-01-26 14:35:52.097671', 'Credit Card', 540.34, 'USD');
INSERT INTO Shipping (shipping_id, order_id, carrier, tracking_number, ship_date, delivery_date, status) VALUES (NULL, 172, 'UPS', 'TRK000172', '2025-01-02', '2025-01-11', 'Delivered');
INSERT INTO Orders (order_id, customer_id, order_date, status, shipping_address, total_amount) VALUES (173, 70, '2025-03-20 23:41:47.958119', 'Shipped', '4427 Rogers Turnpike Apt. 313 Allenbury, RI 89904', 1409.6);
INSERT INTO Order_Items (order_item_id, order_id, product_id, quantity, unit_price, discount) VALUES (NULL, 173, 2, 2, 65.9, 0);
INSERT INTO Order_Items (order_item_id, order_id, product_id, quantity, unit_price, discount) VALUES (NULL, 173, 48, 3, 433.2, 5);
INSERT INTO Order_Items (order_item_id, order_id, product_id, quantity, unit_price, discount) VALUES (NULL, 173, 18, 3, 364.06, 10);
INSERT INTO Order_Items (order_item_id, order_id, product_id, quantity, unit_price, discount) VALUES (NULL, 173, 19, 3, 156.31, 5);
INSERT INTO Order_Items (order_item_id, order_id, product_id, quantity, unit_price, discount) VALUES (NULL, 173, 26, 3, 309.5, 15);
INSERT INTO Payments (payment_id, order_id, payment_date, payment_method, amount, currency) VALUES (NULL, 173, '2025-01-08 17:02:28.055468', 'Credit Card', 1409.6, 'USD');
INSERT INTO Shipping (shipping_id, order_id, carrier, tracking_number, ship_date, delivery_date, status) VALUES (NULL, 173, 'FedEx', 'TRK000173', '2025-02-04', '2025-07-04', 'Delivered');
INSERT INTO Orders (order_id, customer_id, order_date, status, shipping_address, total_amount) VALUES (174, 47, '2025-08-25 21:11:33.618886', 'Shipped', '089 Ashley Field Suite 917 West Christopherview, UT 09132', 2165.87);
INSERT INTO Order_Items (order_item_id, order_id, product_id, quantity, unit_price, discount) VALUES (NULL, 174, 30, 3, 96.86, 10);
INSERT INTO Payments (payment_id, order_id, payment_date, payment_method, amount, currency) VALUES (NULL, 174, '2025-01-14 20:19:06.768857', 'Credit Card', 2165.87, 'USD');
INSERT INTO Shipping (shipping_id, order_id, carrier, tracking_number, ship_date, delivery_date, status) VALUES (NULL, 174, 'UPS', 'TRK000174', '2025-04-16', '2025-04-06', 'Delivered');
INSERT INTO Orders (order_id, customer_id, order_date, status, shipping_address, total_amount) VALUES (175, 194, '2025-02-23 03:56:14.971095', 'Shipped', '2779 Davis Divide Wilkinsonville, AR 64263', 2634.84);
INSERT INTO Order_Items (order_item_id, order_id, product_id, quantity, unit_price, discount) VALUES (NULL, 175, 29, 2, 350.83, 10);
INSERT INTO Order_Items (order_item_id, order_id, product_id, quantity, unit_price, discount) VALUES (NULL, 175, 15, 1, 422.36, 0);
INSERT INTO Order_Items (order_item_id, order_id, product_id, quantity, unit_price, discount) VALUES (NULL, 175, 11, 3, 426.03, 10);
INSERT INTO Order_Items (order_item_id, order_id, product_id, quantity, unit_price, discount) VALUES (NULL, 175, 38, 3, 179.0, 5);
INSERT INTO Order_Items (order_item_id, order_id, product_id, quantity, unit_price, discount) VALUES (NULL, 175, 8, 3, 454.0, 5);
INSERT INTO Payments (payment_id, order_id, payment_date, payment_method, amount, currency) VALUES (NULL, 175, '2025-08-21 13:10:31.489956', 'Debit Card', 2634.84, 'USD');
INSERT INTO Shipping (shipping_id, order_id, carrier, tracking_number, ship_date, delivery_date, status) VALUES (NULL, 175, 'FedEx', 'TRK000175', '2025-02-26', '2025-01-01', 'Delivered');
INSERT INTO Orders (order_id, customer_id, order_date, status, shipping_address, total_amount) VALUES (176, 40, '2025-05-28 00:38:08.902144', 'Shipped', '73281 Victor Streets Scottstad, NE 62779', 1872.22);
INSERT INTO Order_Items (order_item_id, order_id, product_id, quantity, unit_price, discount) VALUES (NULL, 176, 31, 2, 120.94, 10);
INSERT INTO Order_Items (order_item_id, order_id, product_id, quantity, unit_price, discount) VALUES (NULL, 176, 46, 1, 227.44, 5);
INSERT INTO Order_Items (order_item_id, order_id, product_id, quantity, unit_price, discount) VALUES (NULL, 176, 33, 2, 134.24, 15);
INSERT INTO Order_Items (order_item_id, order_id, product_id, quantity, unit_price, discount) VALUES (NULL, 176, 17, 1, 191.18, 0);
INSERT INTO Order_Items (order_item_id, order_id, product_id, quantity, unit_price, discount) VALUES (NULL, 176, 10, 2, 87.41, 0);
INSERT INTO Payments (payment_id, order_id, payment_date, payment_method, amount, currency) VALUES (NULL, 176, '2025-05-18 08:13:45.356936', 'PayPal', 1872.22, 'USD');
INSERT INTO Shipping (shipping_id, order_id, carrier, tracking_number, ship_date, delivery_date, status) VALUES (NULL, 176, 'FedEx', 'TRK000176', '2025-02-06', '2025-05-19', 'Delivered');
INSERT INTO Orders (order_id, customer_id, order_date, status, shipping_address, total_amount) VALUES (177, 99, '2025-03-11 13:16:39.915271', 'Shipped', '2165 Allen Branch Port Charlesmouth, MN 04693', 1551.17);
INSERT INTO Order_Items (order_item_id, order_id, product_id, quantity, unit_price, discount) VALUES (NULL, 177, 39, 1, 295.48, 0);
INSERT INTO Order_Items (order_item_id, order_id, product_id, quantity, unit_price, discount) VALUES (NULL, 177, 7, 2, 346.77, 5);
INSERT INTO Order_Items (order_item_id, order_id, product_id, quantity, unit_price, discount) VALUES (NULL, 177, 23, 3, 77.19, 10);
INSERT INTO Payments (payment_id, order_id, payment_date, payment_method, amount, currency) VALUES (NULL, 177, '2025-04-11 21:22:29.800727', 'Credit Card', 1551.17, 'USD');
INSERT INTO Shipping (shipping_id, order_id, carrier, tracking_number, ship_date, delivery_date, status) VALUES (NULL, 177, 'FedEx', 'TRK000177', '2025-04-12', '2025-07-19', 'Delivered');
INSERT INTO Orders (order_id, customer_id, order_date, status, shipping_address, total_amount) VALUES (178, 196, '2025-01-04 09:31:17.195785', 'Shipped', '251 Rosales Underpass Suite 471 Lauraville, OK 11045', 583.83);
INSERT INTO Order_Items (order_item_id, order_id, product_id, quantity, unit_price, discount) VALUES (NULL, 178, 48, 2, 469.96, 5);
INSERT INTO Payments (payment_id, order_id, payment_date, payment_method, amount, currency) VALUES (NULL, 178, '2025-07-15 07:04:13.845981', 'PayPal', 583.83, 'USD');
INSERT INTO Shipping (shipping_id, order_id, carrier, tracking_number, ship_date, delivery_date, status) VALUES (NULL, 178, 'UPS', 'TRK000178', '2025-06-29', '2025-02-12', 'Delivered');
INSERT INTO Orders (order_id, customer_id, order_date, status, shipping_address, total_amount) VALUES (179, 126, '2025-03-26 18:51:08.207371', 'Shipped', '40250 Castro Junction South Elizabethbury, MO 14740', 1006.8);
INSERT INTO Order_Items (order_item_id, order_id, product_id, quantity, unit_price, discount) VALUES (NULL, 179, 49, 3, 406.94, 0);
INSERT INTO Order_Items (order_item_id, order_id, product_id, quantity, unit_price, discount) VALUES (NULL, 179, 16, 3, 104.13, 0);
INSERT INTO Order_Items (order_item_id, order_id, product_id, quantity, unit_price, discount) VALUES (NULL, 179, 26, 1, 418.7, 15);
INSERT INTO Payments (payment_id, order_id, payment_date, payment_method, amount, currency) VALUES (NULL, 179, '2025-04-02 03:58:49.580411', 'PayPal', 1006.8, 'USD');
INSERT INTO Shipping (shipping_id, order_id, carrier, tracking_number, ship_date, delivery_date, status) VALUES (NULL, 179, 'DHL', 'TRK000179', '2025-04-14', '2025-02-12', 'Delivered');
INSERT INTO Orders (order_id, customer_id, order_date, status, shipping_address, total_amount) VALUES (180, 154, '2025-07-24 21:30:35.966726', 'Shipped', '38388 Daniel Hollow Port James, AZ 03081', 905.14);
INSERT INTO Order_Items (order_item_id, order_id, product_id, quantity, unit_price, discount) VALUES (NULL, 180, 9, 3, 360.02, 5);
INSERT INTO Order_Items (order_item_id, order_id, product_id, quantity, unit_price, discount) VALUES (NULL, 180, 13, 1, 457.16, 5);
INSERT INTO Payments (payment_id, order_id, payment_date, payment_method, amount, currency) VALUES (NULL, 180, '2025-07-22 14:22:45.174972', 'Credit Card', 905.14, 'USD');
INSERT INTO Shipping (shipping_id, order_id, carrier, tracking_number, ship_date, delivery_date, status) VALUES (NULL, 180, 'DHL', 'TRK000180', '2025-01-11', '2025-02-06', 'Delivered');
INSERT INTO Orders (order_id, customer_id, order_date, status, shipping_address, total_amount) VALUES (181, 101, '2025-06-05 06:13:56.595326', 'Shipped', '9268 Mary Island Danielhaven, WA 66170', 1285.97);
INSERT INTO Order_Items (order_item_id, order_id, product_id, quantity, unit_price, discount) VALUES (NULL, 181, 37, 3, 247.22, 0);
INSERT INTO Order_Items (order_item_id, order_id, product_id, quantity, unit_price, discount) VALUES (NULL, 181, 5, 1, 62.22, 10);
INSERT INTO Order_Items (order_item_id, order_id, product_id, quantity, unit_price, discount) VALUES (NULL, 181, 7, 3, 104.11, 5);
INSERT INTO Order_Items (order_item_id, order_id, product_id, quantity, unit_price, discount) VALUES (NULL, 181, 11, 2, 302.85, 15);
INSERT INTO Payments (payment_id, order_id, payment_date, payment_method, amount, currency) VALUES (NULL, 181, '2025-07-05 02:24:25.500138', 'Credit Card', 1285.97, 'USD');
INSERT INTO Shipping (shipping_id, order_id, carrier, tracking_number, ship_date, delivery_date, status) VALUES (NULL, 181, 'UPS', 'TRK000181', '2025-08-08', '2025-06-17', 'Delivered');
INSERT INTO Orders (order_id, customer_id, order_date, status, shipping_address, total_amount) VALUES (182, 158, '2025-01-07 06:45:17.701485', 'Shipped', 'Unit 8143 Box 3212 DPO AE 10432', 277.37);
INSERT INTO Order_Items (order_item_id, order_id, product_id, quantity, unit_price, discount) VALUES (NULL, 182, 14, 3, 366.21, 10);
INSERT INTO Order_Items (order_item_id, order_id, product_id, quantity, unit_price, discount) VALUES (NULL, 182, 39, 3, 491.23, 0);
INSERT INTO Order_Items (order_item_id, order_id, product_id, quantity, unit_price, discount) VALUES (NULL, 182, 1, 1, 441.09, 15);
INSERT INTO Payments (payment_id, order_id, payment_date, payment_method, amount, currency) VALUES (NULL, 182, '2025-07-11 23:04:32.148701', 'Credit Card', 277.37, 'USD');
INSERT INTO Shipping (shipping_id, order_id, carrier, tracking_number, ship_date, delivery_date, status) VALUES (NULL, 182, 'UPS', 'TRK000182', '2025-02-22', '2025-05-18', 'Delivered');
INSERT INTO Orders (order_id, customer_id, order_date, status, shipping_address, total_amount) VALUES (183, 133, '2025-02-13 20:53:09.423648', 'Shipped', '3276 Jessica Vista Apt. 106 Port Rogerview, CA 81047', 2001.42);
INSERT INTO Order_Items (order_item_id, order_id, product_id, quantity, unit_price, discount) VALUES (NULL, 183, 34, 2, 378.07, 15);
INSERT INTO Order_Items (order_item_id, order_id, product_id, quantity, unit_price, discount) VALUES (NULL, 183, 15, 2, 448.35, 5);
INSERT INTO Order_Items (order_item_id, order_id, product_id, quantity, unit_price, discount) VALUES (NULL, 183, 1, 2, 118.7, 15);
INSERT INTO Order_Items (order_item_id, order_id, product_id, quantity, unit_price, discount) VALUES (NULL, 183, 24, 1, 200.16, 5);
INSERT INTO Order_Items (order_item_id, order_id, product_id, quantity, unit_price, discount) VALUES (NULL, 183, 32, 1, 94.11, 10);
INSERT INTO Payments (payment_id, order_id, payment_date, payment_method, amount, currency) VALUES (NULL, 183, '2025-05-20 20:23:16.444113', 'Debit Card', 2001.42, 'USD');
INSERT INTO Shipping (shipping_id, order_id, carrier, tracking_number, ship_date, delivery_date, status) VALUES (NULL, 183, 'FedEx', 'TRK000183', '2025-06-29', '2025-07-12', 'Delivered');
INSERT INTO Orders (order_id, customer_id, order_date, status, shipping_address, total_amount) VALUES (184, 171, '2025-02-28 16:04:18.526187', 'Shipped', '153 Lin Points Apt. 459 East Brandon, KY 46093', 719.96);
INSERT INTO Order_Items (order_item_id, order_id, product_id, quantity, unit_price, discount) VALUES (NULL, 184, 15, 3, 257.57, 10);
INSERT INTO Order_Items (order_item_id, order_id, product_id, quantity, unit_price, discount) VALUES (NULL, 184, 40, 3, 136.5, 10);
INSERT INTO Order_Items (order_item_id, order_id, product_id, quantity, unit_price, discount) VALUES (NULL, 184, 8, 2, 123.82, 10);
INSERT INTO Order_Items (order_item_id, order_id, product_id, quantity, unit_price, discount) VALUES (NULL, 184, 14, 3, 470.86, 10);
INSERT INTO Payments (payment_id, order_id, payment_date, payment_method, amount, currency) VALUES (NULL, 184, '2025-06-06 19:25:38.817627', 'Debit Card', 719.96, 'USD');
INSERT INTO Shipping (shipping_id, order_id, carrier, tracking_number, ship_date, delivery_date, status) VALUES (NULL, 184, 'UPS', 'TRK000184', '2025-08-17', '2025-07-06', 'Delivered');
INSERT INTO Orders (order_id, customer_id, order_date, status, shipping_address, total_amount) VALUES (185, 45, '2025-02-25 08:14:59.563377', 'Shipped', '6498 Melissa Terrace East Dylan, IL 05064', 2715.8);
INSERT INTO Order_Items (order_item_id, order_id, product_id, quantity, unit_price, discount) VALUES (NULL, 185, 23, 1, 480.49, 0);
INSERT INTO Payments (payment_id, order_id, payment_date, payment_method, amount, currency) VALUES (NULL, 185, '2025-02-25 15:34:01.875982', 'PayPal', 2715.8, 'USD');
INSERT INTO Shipping (shipping_id, order_id, carrier, tracking_number, ship_date, delivery_date, status) VALUES (NULL, 185, 'UPS', 'TRK000185', '2025-05-05', '2025-02-28', 'Delivered');
INSERT INTO Orders (order_id, customer_id, order_date, status, shipping_address, total_amount) VALUES (186, 150, '2025-09-03 17:31:57.540929', 'Shipped', '673 Martin Run Suite 684 North Jacobborough, RI 55893', 1731.65);
INSERT INTO Order_Items (order_item_id, order_id, product_id, quantity, unit_price, discount) VALUES (NULL, 186, 41, 1, 99.31, 10);
INSERT INTO Order_Items (order_item_id, order_id, product_id, quantity, unit_price, discount) VALUES (NULL, 186, 30, 3, 247.14, 15);
INSERT INTO Order_Items (order_item_id, order_id, product_id, quantity, unit_price, discount) VALUES (NULL, 186, 17, 2, 60.53, 5);
INSERT INTO Order_Items (order_item_id, order_id, product_id, quantity, unit_price, discount) VALUES (NULL, 186, 7, 3, 486.34, 0);
INSERT INTO Order_Items (order_item_id, order_id, product_id, quantity, unit_price, discount) VALUES (NULL, 186, 38, 1, 222.77, 5);
INSERT INTO Payments (payment_id, order_id, payment_date, payment_method, amount, currency) VALUES (NULL, 186, '2025-06-04 21:38:09.389203', 'PayPal', 1731.65, 'USD');
INSERT INTO Shipping (shipping_id, order_id, carrier, tracking_number, ship_date, delivery_date, status) VALUES (NULL, 186, 'FedEx', 'TRK000186', '2025-03-07', '2025-05-07', 'Delivered');
INSERT INTO Orders (order_id, customer_id, order_date, status, shipping_address, total_amount) VALUES (187, 164, '2025-07-15 12:36:02.331311', 'Shipped', '235 Santiago Place East Christine, PW 41063', 1362.88);
INSERT INTO Order_Items (order_item_id, order_id, product_id, quantity, unit_price, discount) VALUES (NULL, 187, 48, 1, 184.31, 0);
INSERT INTO Payments (payment_id, order_id, payment_date, payment_method, amount, currency) VALUES (NULL, 187, '2025-03-12 04:27:11.036893', 'PayPal', 1362.88, 'USD');
INSERT INTO Shipping (shipping_id, order_id, carrier, tracking_number, ship_date, delivery_date, status) VALUES (NULL, 187, 'UPS', 'TRK000187', '2025-02-11', '2025-05-13', 'Delivered');
INSERT INTO Orders (order_id, customer_id, order_date, status, shipping_address, total_amount) VALUES (188, 139, '2025-08-30 06:56:13.259003', 'Shipped', '02119 Joshua Landing Keithview, PW 69205', 2629.97);
INSERT INTO Order_Items (order_item_id, order_id, product_id, quantity, unit_price, discount) VALUES (NULL, 188, 23, 3, 290.26, 0);
INSERT INTO Order_Items (order_item_id, order_id, product_id, quantity, unit_price, discount) VALUES (NULL, 188, 21, 3, 78.51, 5);
INSERT INTO Payments (payment_id, order_id, payment_date, payment_method, amount, currency) VALUES (NULL, 188, '2025-06-03 07:05:46.970648', 'PayPal', 2629.97, 'USD');
INSERT INTO Shipping (shipping_id, order_id, carrier, tracking_number, ship_date, delivery_date, status) VALUES (NULL, 188, 'UPS', 'TRK000188', '2025-07-15', '2025-07-05', 'Delivered');
INSERT INTO Orders (order_id, customer_id, order_date, status, shipping_address, total_amount) VALUES (189, 181, '2025-03-26 03:50:41.612674', 'Shipped', '17002 Oconnor Summit Suite 051 Peterland, AR 36565', 2493.59);
INSERT INTO Order_Items (order_item_id, order_id, product_id, quantity, unit_price, discount) VALUES (NULL, 189, 4, 1, 397.8, 15);
INSERT INTO Payments (payment_id, order_id, payment_date, payment_method, amount, currency) VALUES (NULL, 189, '2025-06-18 12:50:59.727164', 'Credit Card', 2493.59, 'USD');
INSERT INTO Shipping (shipping_id, order_id, carrier, tracking_number, ship_date, delivery_date, status) VALUES (NULL, 189, 'DHL', 'TRK000189', '2025-05-26', '2025-02-23', 'Delivered');
INSERT INTO Orders (order_id, customer_id, order_date, status, shipping_address, total_amount) VALUES (190, 33, '2025-01-12 01:07:52.782374', 'Shipped', '047 Alexander Meadow New Ashley, PW 51833', 2042.02);
INSERT INTO Order_Items (order_item_id, order_id, product_id, quantity, unit_price, discount) VALUES (NULL, 190, 36, 1, 334.41, 10);
INSERT INTO Order_Items (order_item_id, order_id, product_id, quantity, unit_price, discount) VALUES (NULL, 190, 31, 1, 232.48, 0);
INSERT INTO Order_Items (order_item_id, order_id, product_id, quantity, unit_price, discount) VALUES (NULL, 190, 3, 2, 240.86, 0);
INSERT INTO Order_Items (order_item_id, order_id, product_id, quantity, unit_price, discount) VALUES (NULL, 190, 6, 1, 301.38, 5);
INSERT INTO Payments (payment_id, order_id, payment_date, payment_method, amount, currency) VALUES (NULL, 190, '2025-03-28 09:10:48.565510', 'PayPal', 2042.02, 'USD');
INSERT INTO Shipping (shipping_id, order_id, carrier, tracking_number, ship_date, delivery_date, status) VALUES (NULL, 190, 'FedEx', 'TRK000190', '2025-01-27', '2025-03-17', 'Delivered');
INSERT INTO Orders (order_id, customer_id, order_date, status, shipping_address, total_amount) VALUES (191, 194, '2025-01-31 05:49:36.593946', 'Shipped', '5552 William Green Apt. 140 West Christinachester, VI 79800', 1368.26);
INSERT INTO Order_Items (order_item_id, order_id, product_id, quantity, unit_price, discount) VALUES (NULL, 191, 34, 1, 336.22, 5);
INSERT INTO Order_Items (order_item_id, order_id, product_id, quantity, unit_price, discount) VALUES (NULL, 191, 2, 2, 165.44, 0);
INSERT INTO Order_Items (order_item_id, order_id, product_id, quantity, unit_price, discount) VALUES (NULL, 191, 49, 2, 89.07, 5);
INSERT INTO Order_Items (order_item_id, order_id, product_id, quantity, unit_price, discount) VALUES (NULL, 191, 6, 1, 107.92, 15);
INSERT INTO Order_Items (order_item_id, order_id, product_id, quantity, unit_price, discount) VALUES (NULL, 191, 25, 1, 182.02, 10);
INSERT INTO Payments (payment_id, order_id, payment_date, payment_method, amount, currency) VALUES (NULL, 191, '2025-04-26 09:53:50.743108', 'Credit Card', 1368.26, 'USD');
INSERT INTO Shipping (shipping_id, order_id, carrier, tracking_number, ship_date, delivery_date, status) VALUES (NULL, 191, 'DHL', 'TRK000191', '2025-08-23', '2025-01-18', 'Delivered');
INSERT INTO Orders (order_id, customer_id, order_date, status, shipping_address, total_amount) VALUES (192, 112, '2025-05-27 06:44:18.594002', 'Shipped', 'PSC 8886, Box 0974 APO AP 45415', 550.38);
INSERT INTO Order_Items (order_item_id, order_id, product_id, quantity, unit_price, discount) VALUES (NULL, 192, 46, 3, 102.74, 10);
INSERT INTO Payments (payment_id, order_id, payment_date, payment_method, amount, currency) VALUES (NULL, 192, '2025-08-23 19:15:58.728553', 'PayPal', 550.38, 'USD');
INSERT INTO Shipping (shipping_id, order_id, carrier, tracking_number, ship_date, delivery_date, status) VALUES (NULL, 192, 'DHL', 'TRK000192', '2025-08-16', '2025-07-06', 'Delivered');
INSERT INTO Orders (order_id, customer_id, order_date, status, shipping_address, total_amount) VALUES (193, 184, '2025-03-11 16:20:55.012404', 'Shipped', '9350 Kristin Ranch Geraldchester, NC 64869', 1733.96);
INSERT INTO Order_Items (order_item_id, order_id, product_id, quantity, unit_price, discount) VALUES (NULL, 193, 9, 3, 485.02, 10);
INSERT INTO Order_Items (order_item_id, order_id, product_id, quantity, unit_price, discount) VALUES (NULL, 193, 42, 1, 284.71, 5);
INSERT INTO Order_Items (order_item_id, order_id, product_id, quantity, unit_price, discount) VALUES (NULL, 193, 37, 1, 123.19, 0);
INSERT INTO Order_Items (order_item_id, order_id, product_id, quantity, unit_price, discount) VALUES (NULL, 193, 9, 3, 189.47, 0);
INSERT INTO Payments (payment_id, order_id, payment_date, payment_method, amount, currency) VALUES (NULL, 193, '2025-01-27 07:31:32.123105', 'Credit Card', 1733.96, 'USD');
INSERT INTO Shipping (shipping_id, order_id, carrier, tracking_number, ship_date, delivery_date, status) VALUES (NULL, 193, 'UPS', 'TRK000193', '2025-05-13', '2025-05-01', 'Delivered');
INSERT INTO Orders (order_id, customer_id, order_date, status, shipping_address, total_amount) VALUES (194, 183, '2025-04-24 09:17:01.204892', 'Shipped', '0064 Myers Glen Nicoleside, MN 93025', 2473.85);
INSERT INTO Order_Items (order_item_id, order_id, product_id, quantity, unit_price, discount) VALUES (NULL, 194, 16, 1, 147.38, 0);
INSERT INTO Order_Items (order_item_id, order_id, product_id, quantity, unit_price, discount) VALUES (NULL, 194, 13, 3, 183.76, 10);
INSERT INTO Order_Items (order_item_id, order_id, product_id, quantity, unit_price, discount) VALUES (NULL, 194, 42, 3, 478.3, 0);
INSERT INTO Order_Items (order_item_id, order_id, product_id, quantity, unit_price, discount) VALUES (NULL, 194, 47, 2, 85.09, 0);
INSERT INTO Payments (payment_id, order_id, payment_date, payment_method, amount, currency) VALUES (NULL, 194, '2025-07-16 11:09:40.104848', 'Credit Card', 2473.85, 'USD');
INSERT INTO Shipping (shipping_id, order_id, carrier, tracking_number, ship_date, delivery_date, status) VALUES (NULL, 194, 'DHL', 'TRK000194', '2025-06-24', '2025-06-10', 'Delivered');
INSERT INTO Orders (order_id, customer_id, order_date, status, shipping_address, total_amount) VALUES (195, 192, '2025-01-10 03:18:57.341439', 'Shipped', 'PSC 9210, Box 4260 APO AA 28463', 460.39);
INSERT INTO Order_Items (order_item_id, order_id, product_id, quantity, unit_price, discount) VALUES (NULL, 195, 40, 1, 63.48, 10);
INSERT INTO Order_Items (order_item_id, order_id, product_id, quantity, unit_price, discount) VALUES (NULL, 195, 37, 2, 288.43, 10);
INSERT INTO Order_Items (order_item_id, order_id, product_id, quantity, unit_price, discount) VALUES (NULL, 195, 49, 1, 28.14, 10);
INSERT INTO Order_Items (order_item_id, order_id, product_id, quantity, unit_price, discount) VALUES (NULL, 195, 8, 3, 498.54, 5);
INSERT INTO Payments (payment_id, order_id, payment_date, payment_method, amount, currency) VALUES (NULL, 195, '2025-05-01 23:43:17.659682', 'Credit Card', 460.39, 'USD');
INSERT INTO Shipping (shipping_id, order_id, carrier, tracking_number, ship_date, delivery_date, status) VALUES (NULL, 195, 'UPS', 'TRK000195', '2025-07-14', '2025-08-27', 'Delivered');
INSERT INTO Orders (order_id, customer_id, order_date, status, shipping_address, total_amount) VALUES (196, 63, '2025-03-01 00:42:37.613985', 'Shipped', '7598 Reyes Port Suite 806 North Mariaport, WI 12212', 527.47);
INSERT INTO Order_Items (order_item_id, order_id, product_id, quantity, unit_price, discount) VALUES (NULL, 196, 7, 1, 233.93, 5);
INSERT INTO Order_Items (order_item_id, order_id, product_id, quantity, unit_price, discount) VALUES (NULL, 196, 3, 3, 211.84, 5);
INSERT INTO Payments (payment_id, order_id, payment_date, payment_method, amount, currency) VALUES (NULL, 196, '2025-05-18 05:15:04.328926', 'Credit Card', 527.47, 'USD');
INSERT INTO Shipping (shipping_id, order_id, carrier, tracking_number, ship_date, delivery_date, status) VALUES (NULL, 196, 'UPS', 'TRK000196', '2025-03-17', '2025-01-03', 'Delivered');
INSERT INTO Orders (order_id, customer_id, order_date, status, shipping_address, total_amount) VALUES (197, 62, '2025-01-07 04:39:47.499122', 'Shipped', '0471 Cory Trace Cynthiaville, ND 55008', 2994.25);
INSERT INTO Order_Items (order_item_id, order_id, product_id, quantity, unit_price, discount) VALUES (NULL, 197, 24, 2, 408.27, 0);
INSERT INTO Payments (payment_id, order_id, payment_date, payment_method, amount, currency) VALUES (NULL, 197, '2025-08-04 10:58:05.361212', 'Credit Card', 2994.25, 'USD');
INSERT INTO Shipping (shipping_id, order_id, carrier, tracking_number, ship_date, delivery_date, status) VALUES (NULL, 197, 'FedEx', 'TRK000197', '2025-03-26', '2025-01-10', 'Delivered');
INSERT INTO Orders (order_id, customer_id, order_date, status, shipping_address, total_amount) VALUES (198, 176, '2025-05-29 09:53:26.695620', 'Shipped', '514 Arnold Overpass Suite 633 East Anna, OH 34362', 2183.7);
INSERT INTO Order_Items (order_item_id, order_id, product_id, quantity, unit_price, discount) VALUES (NULL, 198, 33, 2, 461.66, 5);
INSERT INTO Order_Items (order_item_id, order_id, product_id, quantity, unit_price, discount) VALUES (NULL, 198, 44, 1, 202.92, 0);
INSERT INTO Payments (payment_id, order_id, payment_date, payment_method, amount, currency) VALUES (NULL, 198, '2025-07-08 02:26:24.904698', 'Debit Card', 2183.7, 'USD');
INSERT INTO Shipping (shipping_id, order_id, carrier, tracking_number, ship_date, delivery_date, status) VALUES (NULL, 198, 'FedEx', 'TRK000198', '2025-07-15', '2025-02-18', 'Delivered');
INSERT INTO Orders (order_id, customer_id, order_date, status, shipping_address, total_amount) VALUES (199, 65, '2025-03-26 21:17:46.756256', 'Shipped', '9647 Steele Trail Myersview, NC 26921', 1096.45);
INSERT INTO Order_Items (order_item_id, order_id, product_id, quantity, unit_price, discount) VALUES (NULL, 199, 45, 3, 303.07, 5);
INSERT INTO Order_Items (order_item_id, order_id, product_id, quantity, unit_price, discount) VALUES (NULL, 199, 26, 2, 397.13, 15);
INSERT INTO Order_Items (order_item_id, order_id, product_id, quantity, unit_price, discount) VALUES (NULL, 199, 2, 1, 447.74, 15);
INSERT INTO Order_Items (order_item_id, order_id, product_id, quantity, unit_price, discount) VALUES (NULL, 199, 28, 1, 147.7, 10);
INSERT INTO Order_Items (order_item_id, order_id, product_id, quantity, unit_price, discount) VALUES (NULL, 199, 37, 3, 480.77, 0);
INSERT INTO Payments (payment_id, order_id, payment_date, payment_method, amount, currency) VALUES (NULL, 199, '2025-06-15 14:09:51.619021', 'Credit Card', 1096.45, 'USD');
INSERT INTO Shipping (shipping_id, order_id, carrier, tracking_number, ship_date, delivery_date, status) VALUES (NULL, 199, 'FedEx', 'TRK000199', '2025-06-20', '2025-07-09', 'Delivered');
INSERT INTO Orders (order_id, customer_id, order_date, status, shipping_address, total_amount) VALUES (200, 56, '2025-02-11 10:38:37.643854', 'Shipped', '552 Matthew Mountains New Ashley, OH 35773', 1947.42);
INSERT INTO Order_Items (order_item_id, order_id, product_id, quantity, unit_price, discount) VALUES (NULL, 200, 29, 2, 312.73, 0);
INSERT INTO Order_Items (order_item_id, order_id, product_id, quantity, unit_price, discount) VALUES (NULL, 200, 37, 3, 428.88, 5);
INSERT INTO Order_Items (order_item_id, order_id, product_id, quantity, unit_price, discount) VALUES (NULL, 200, 27, 2, 273.02, 0);
INSERT INTO Order_Items (order_item_id, order_id, product_id, quantity, unit_price, discount) VALUES (NULL, 200, 16, 1, 475.34, 5);
INSERT INTO Order_Items (order_item_id, order_id, product_id, quantity, unit_price, discount) VALUES (NULL, 200, 38, 1, 110.8, 10);
INSERT INTO Payments (payment_id, order_id, payment_date, payment_method, amount, currency) VALUES (NULL, 200, '2025-08-07 09:14:38.730659', 'Debit Card', 1947.42, 'USD');
INSERT INTO Shipping (shipping_id, order_id, carrier, tracking_number, ship_date, delivery_date, status) VALUES (NULL, 200, 'DHL', 'TRK000200', '2025-05-30', '2025-03-03', 'Delivered');
INSERT INTO Orders (order_id, customer_id, order_date, status, shipping_address, total_amount) VALUES (201, 118, '2025-05-29 08:21:28.199029', 'Shipped', '817 Cohen Trafficway Port Cheryltown, OK 55253', 595.66);
INSERT INTO Order_Items (order_item_id, order_id, product_id, quantity, unit_price, discount) VALUES (NULL, 201, 43, 2, 334.53, 5);
INSERT INTO Order_Items (order_item_id, order_id, product_id, quantity, unit_price, discount) VALUES (NULL, 201, 6, 1, 205.59, 10);
INSERT INTO Payments (payment_id, order_id, payment_date, payment_method, amount, currency) VALUES (NULL, 201, '2025-02-22 17:12:42.421308', 'Credit Card', 595.66, 'USD');
INSERT INTO Shipping (shipping_id, order_id, carrier, tracking_number, ship_date, delivery_date, status) VALUES (NULL, 201, 'DHL', 'TRK000201', '2025-05-14', '2025-01-06', 'Delivered');
INSERT INTO Orders (order_id, customer_id, order_date, status, shipping_address, total_amount) VALUES (202, 182, '2025-03-02 03:32:54.738729', 'Shipped', '998 Johnston Inlet Suite 440 Davidshire, ID 71030', 448.5);
INSERT INTO Order_Items (order_item_id, order_id, product_id, quantity, unit_price, discount) VALUES (NULL, 202, 28, 1, 150.16, 5);
INSERT INTO Order_Items (order_item_id, order_id, product_id, quantity, unit_price, discount) VALUES (NULL, 202, 24, 3, 499.01, 0);
INSERT INTO Payments (payment_id, order_id, payment_date, payment_method, amount, currency) VALUES (NULL, 202, '2025-04-02 09:48:50.523741', 'Debit Card', 448.5, 'USD');
INSERT INTO Shipping (shipping_id, order_id, carrier, tracking_number, ship_date, delivery_date, status) VALUES (NULL, 202, 'DHL', 'TRK000202', '2025-07-21', '2025-04-17', 'Delivered');
INSERT INTO Orders (order_id, customer_id, order_date, status, shipping_address, total_amount) VALUES (203, 71, '2025-06-10 01:17:20.542525', 'Shipped', '10893 Steele Field Shannonview, MS 12606', 2638.24);
INSERT INTO Order_Items (order_item_id, order_id, product_id, quantity, unit_price, discount) VALUES (NULL, 203, 48, 3, 259.65, 5);
INSERT INTO Order_Items (order_item_id, order_id, product_id, quantity, unit_price, discount) VALUES (NULL, 203, 38, 2, 485.27, 0);
INSERT INTO Payments (payment_id, order_id, payment_date, payment_method, amount, currency) VALUES (NULL, 203, '2025-05-09 11:10:17.230966', 'Debit Card', 2638.24, 'USD');
INSERT INTO Shipping (shipping_id, order_id, carrier, tracking_number, ship_date, delivery_date, status) VALUES (NULL, 203, 'UPS', 'TRK000203', '2025-02-02', '2025-04-25', 'Delivered');
INSERT INTO Orders (order_id, customer_id, order_date, status, shipping_address, total_amount) VALUES (204, 186, '2025-02-05 16:17:48.847482', 'Shipped', '5681 Wilson Pike Apt. 183 North Rebeccahaven, ME 94638', 2146.68);
INSERT INTO Order_Items (order_item_id, order_id, product_id, quantity, unit_price, discount) VALUES (NULL, 204, 23, 3, 79.69, 10);
INSERT INTO Order_Items (order_item_id, order_id, product_id, quantity, unit_price, discount) VALUES (NULL, 204, 37, 3, 337.59, 0);
INSERT INTO Order_Items (order_item_id, order_id, product_id, quantity, unit_price, discount) VALUES (NULL, 204, 48, 3, 98.18, 5);
INSERT INTO Order_Items (order_item_id, order_id, product_id, quantity, unit_price, discount) VALUES (NULL, 204, 33, 2, 380.42, 15);
INSERT INTO Payments (payment_id, order_id, payment_date, payment_method, amount, currency) VALUES (NULL, 204, '2025-01-21 06:30:53.055787', 'PayPal', 2146.68, 'USD');
INSERT INTO Shipping (shipping_id, order_id, carrier, tracking_number, ship_date, delivery_date, status) VALUES (NULL, 204, 'UPS', 'TRK000204', '2025-02-10', '2025-07-06', 'Delivered');
INSERT INTO Orders (order_id, customer_id, order_date, status, shipping_address, total_amount) VALUES (205, 49, '2025-08-28 18:52:49.220662', 'Shipped', '6167 Hanson Glen Harveyville, TN 01997', 1486.59);
INSERT INTO Order_Items (order_item_id, order_id, product_id, quantity, unit_price, discount) VALUES (NULL, 205, 8, 3, 203.25, 15);
INSERT INTO Order_Items (order_item_id, order_id, product_id, quantity, unit_price, discount) VALUES (NULL, 205, 42, 1, 228.09, 15);
INSERT INTO Order_Items (order_item_id, order_id, product_id, quantity, unit_price, discount) VALUES (NULL, 205, 20, 3, 183.5, 10);
INSERT INTO Payments (payment_id, order_id, payment_date, payment_method, amount, currency) VALUES (NULL, 205, '2025-06-01 18:48:21.508850', 'PayPal', 1486.59, 'USD');
INSERT INTO Shipping (shipping_id, order_id, carrier, tracking_number, ship_date, delivery_date, status) VALUES (NULL, 205, 'FedEx', 'TRK000205', '2025-05-14', '2025-01-11', 'Delivered');
INSERT INTO Orders (order_id, customer_id, order_date, status, shipping_address, total_amount) VALUES (206, 136, '2025-05-17 13:00:39.507964', 'Shipped', 'USS Gomez FPO AA 79479', 1137.27);
INSERT INTO Order_Items (order_item_id, order_id, product_id, quantity, unit_price, discount) VALUES (NULL, 206, 7, 2, 340.15, 10);
INSERT INTO Order_Items (order_item_id, order_id, product_id, quantity, unit_price, discount) VALUES (NULL, 206, 44, 3, 371.53, 5);
INSERT INTO Payments (payment_id, order_id, payment_date, payment_method, amount, currency) VALUES (NULL, 206, '2025-03-22 09:48:46.549529', 'PayPal', 1137.27, 'USD');
INSERT INTO Shipping (shipping_id, order_id, carrier, tracking_number, ship_date, delivery_date, status) VALUES (NULL, 206, 'FedEx', 'TRK000206', '2025-07-19', '2025-05-06', 'Delivered');
INSERT INTO Orders (order_id, customer_id, order_date, status, shipping_address, total_amount) VALUES (207, 136, '2025-08-23 11:07:36.529445', 'Shipped', '53871 Henry Causeway Suite 479 East Steven, RI 27001', 2071.97);
INSERT INTO Order_Items (order_item_id, order_id, product_id, quantity, unit_price, discount) VALUES (NULL, 207, 47, 3, 346.23, 0);
INSERT INTO Order_Items (order_item_id, order_id, product_id, quantity, unit_price, discount) VALUES (NULL, 207, 17, 2, 173.93, 15);
INSERT INTO Order_Items (order_item_id, order_id, product_id, quantity, unit_price, discount) VALUES (NULL, 207, 29, 3, 385.25, 15);
INSERT INTO Payments (payment_id, order_id, payment_date, payment_method, amount, currency) VALUES (NULL, 207, '2025-02-23 01:58:04.171825', 'Debit Card', 2071.97, 'USD');
INSERT INTO Shipping (shipping_id, order_id, carrier, tracking_number, ship_date, delivery_date, status) VALUES (NULL, 207, 'FedEx', 'TRK000207', '2025-04-08', '2025-06-19', 'Delivered');
INSERT INTO Orders (order_id, customer_id, order_date, status, shipping_address, total_amount) VALUES (208, 72, '2025-04-17 12:58:32.437375', 'Shipped', 'USNS Jones FPO AA 55217', 1151.97);
INSERT INTO Order_Items (order_item_id, order_id, product_id, quantity, unit_price, discount) VALUES (NULL, 208, 24, 2, 142.68, 10);
INSERT INTO Payments (payment_id, order_id, payment_date, payment_method, amount, currency) VALUES (NULL, 208, '2025-03-08 15:14:39.723474', 'Credit Card', 1151.97, 'USD');
INSERT INTO Shipping (shipping_id, order_id, carrier, tracking_number, ship_date, delivery_date, status) VALUES (NULL, 208, 'UPS', 'TRK000208', '2025-08-28', '2025-01-20', 'Delivered');
INSERT INTO Orders (order_id, customer_id, order_date, status, shipping_address, total_amount) VALUES (209, 37, '2025-06-26 20:19:44.067976', 'Shipped', 'PSC 1851, Box 8845 APO AP 62029', 1748.7);
INSERT INTO Order_Items (order_item_id, order_id, product_id, quantity, unit_price, discount) VALUES (NULL, 209, 10, 1, 367.7, 5);
INSERT INTO Order_Items (order_item_id, order_id, product_id, quantity, unit_price, discount) VALUES (NULL, 209, 23, 3, 245.48, 5);
INSERT INTO Payments (payment_id, order_id, payment_date, payment_method, amount, currency) VALUES (NULL, 209, '2025-06-29 23:05:25.760282', 'PayPal', 1748.7, 'USD');
INSERT INTO Shipping (shipping_id, order_id, carrier, tracking_number, ship_date, delivery_date, status) VALUES (NULL, 209, 'FedEx', 'TRK000209', '2025-03-05', '2025-02-25', 'Delivered');
INSERT INTO Orders (order_id, customer_id, order_date, status, shipping_address, total_amount) VALUES (210, 188, '2025-05-22 00:00:33.247135', 'Shipped', '80028 Mcgee Trace Apt. 584 New Beth, NE 71290', 1616.39);
INSERT INTO Order_Items (order_item_id, order_id, product_id, quantity, unit_price, discount) VALUES (NULL, 210, 31, 2, 43.72, 10);
INSERT INTO Payments (payment_id, order_id, payment_date, payment_method, amount, currency) VALUES (NULL, 210, '2025-08-04 07:26:03.455153', 'Debit Card', 1616.39, 'USD');
INSERT INTO Shipping (shipping_id, order_id, carrier, tracking_number, ship_date, delivery_date, status) VALUES (NULL, 210, 'FedEx', 'TRK000210', '2025-02-21', '2025-04-18', 'Delivered');
INSERT INTO Orders (order_id, customer_id, order_date, status, shipping_address, total_amount) VALUES (211, 52, '2025-06-04 12:34:06.115402', 'Shipped', 'PSC 5189, Box 3294 APO AE 49188', 1375.1);
INSERT INTO Order_Items (order_item_id, order_id, product_id, quantity, unit_price, discount) VALUES (NULL, 211, 29, 1, 437.31, 0);
INSERT INTO Order_Items (order_item_id, order_id, product_id, quantity, unit_price, discount) VALUES (NULL, 211, 32, 3, 400.03, 15);
INSERT INTO Payments (payment_id, order_id, payment_date, payment_method, amount, currency) VALUES (NULL, 211, '2025-09-01 03:42:52.593365', 'Credit Card', 1375.1, 'USD');
INSERT INTO Shipping (shipping_id, order_id, carrier, tracking_number, ship_date, delivery_date, status) VALUES (NULL, 211, 'DHL', 'TRK000211', '2025-08-12', '2025-01-24', 'Delivered');
INSERT INTO Orders (order_id, customer_id, order_date, status, shipping_address, total_amount) VALUES (212, 93, '2025-03-16 19:12:09.251776', 'Shipped', '3491 Mckenzie Park Apt. 716 Angelborough, NH 31538', 1621.57);
INSERT INTO Order_Items (order_item_id, order_id, product_id, quantity, unit_price, discount) VALUES (NULL, 212, 32, 2, 59.25, 0);
INSERT INTO Order_Items (order_item_id, order_id, product_id, quantity, unit_price, discount) VALUES (NULL, 212, 16, 3, 259.25, 10);
INSERT INTO Order_Items (order_item_id, order_id, product_id, quantity, unit_price, discount) VALUES (NULL, 212, 37, 1, 464.6, 5);
INSERT INTO Order_Items (order_item_id, order_id, product_id, quantity, unit_price, discount) VALUES (NULL, 212, 14, 3, 314.21, 15);
INSERT INTO Payments (payment_id, order_id, payment_date, payment_method, amount, currency) VALUES (NULL, 212, '2025-02-22 15:09:14.213042', 'Credit Card', 1621.57, 'USD');
INSERT INTO Shipping (shipping_id, order_id, carrier, tracking_number, ship_date, delivery_date, status) VALUES (NULL, 212, 'FedEx', 'TRK000212', '2025-06-19', '2025-01-31', 'Delivered');
INSERT INTO Orders (order_id, customer_id, order_date, status, shipping_address, total_amount) VALUES (213, 163, '2025-07-19 15:49:15.074137', 'Shipped', '604 Williams Via Suite 509 Benitezchester, ID 04289', 2233.05);
INSERT INTO Order_Items (order_item_id, order_id, product_id, quantity, unit_price, discount) VALUES (NULL, 213, 23, 1, 339.19, 15);
INSERT INTO Order_Items (order_item_id, order_id, product_id, quantity, unit_price, discount) VALUES (NULL, 213, 45, 3, 17.04, 0);
INSERT INTO Payments (payment_id, order_id, payment_date, payment_method, amount, currency) VALUES (NULL, 213, '2025-05-10 12:25:23.104368', 'PayPal', 2233.05, 'USD');
INSERT INTO Shipping (shipping_id, order_id, carrier, tracking_number, ship_date, delivery_date, status) VALUES (NULL, 213, 'DHL', 'TRK000213', '2025-06-09', '2025-03-11', 'Delivered');
INSERT INTO Orders (order_id, customer_id, order_date, status, shipping_address, total_amount) VALUES (214, 148, '2025-08-16 17:11:02.540156', 'Shipped', '86068 Clarke Pine Port Anthony, CO 98551', 2785.0);
INSERT INTO Order_Items (order_item_id, order_id, product_id, quantity, unit_price, discount) VALUES (NULL, 214, 9, 1, 289.27, 5);
INSERT INTO Order_Items (order_item_id, order_id, product_id, quantity, unit_price, discount) VALUES (NULL, 214, 30, 1, 205.46, 0);
INSERT INTO Order_Items (order_item_id, order_id, product_id, quantity, unit_price, discount) VALUES (NULL, 214, 34, 2, 223.38, 15);
INSERT INTO Order_Items (order_item_id, order_id, product_id, quantity, unit_price, discount) VALUES (NULL, 214, 36, 3, 387.44, 0);
INSERT INTO Payments (payment_id, order_id, payment_date, payment_method, amount, currency) VALUES (NULL, 214, '2025-07-26 12:27:08.594223', 'Debit Card', 2785.0, 'USD');
INSERT INTO Shipping (shipping_id, order_id, carrier, tracking_number, ship_date, delivery_date, status) VALUES (NULL, 214, 'FedEx', 'TRK000214', '2025-06-11', '2025-04-09', 'Delivered');
INSERT INTO Orders (order_id, customer_id, order_date, status, shipping_address, total_amount) VALUES (215, 28, '2025-04-29 10:56:28.462035', 'Shipped', 'USCGC Jefferson FPO AE 49553', 2463.09);
INSERT INTO Order_Items (order_item_id, order_id, product_id, quantity, unit_price, discount) VALUES (NULL, 215, 29, 3, 89.94, 10);
INSERT INTO Order_Items (order_item_id, order_id, product_id, quantity, unit_price, discount) VALUES (NULL, 215, 24, 2, 57.01, 0);
INSERT INTO Order_Items (order_item_id, order_id, product_id, quantity, unit_price, discount) VALUES (NULL, 215, 9, 3, 110.11, 5);
INSERT INTO Order_Items (order_item_id, order_id, product_id, quantity, unit_price, discount) VALUES (NULL, 215, 45, 2, 288.81, 0);
INSERT INTO Payments (payment_id, order_id, payment_date, payment_method, amount, currency) VALUES (NULL, 215, '2025-06-13 22:06:58.696938', 'Debit Card', 2463.09, 'USD');
INSERT INTO Shipping (shipping_id, order_id, carrier, tracking_number, ship_date, delivery_date, status) VALUES (NULL, 215, 'UPS', 'TRK000215', '2025-06-13', '2025-07-03', 'Delivered');
INSERT INTO Orders (order_id, customer_id, order_date, status, shipping_address, total_amount) VALUES (216, 157, '2025-08-04 20:38:16.671855', 'Shipped', '0827 Laurie Plaza Suite 101 Lake Danielle, ND 34659', 1208.08);
INSERT INTO Order_Items (order_item_id, order_id, product_id, quantity, unit_price, discount) VALUES (NULL, 216, 27, 1, 407.45, 5);
INSERT INTO Order_Items (order_item_id, order_id, product_id, quantity, unit_price, discount) VALUES (NULL, 216, 28, 2, 357.04, 0);
INSERT INTO Payments (payment_id, order_id, payment_date, payment_method, amount, currency) VALUES (NULL, 216, '2025-07-06 21:52:09.040067', 'Credit Card', 1208.08, 'USD');
INSERT INTO Shipping (shipping_id, order_id, carrier, tracking_number, ship_date, delivery_date, status) VALUES (NULL, 216, 'UPS', 'TRK000216', '2025-05-13', '2025-03-24', 'Delivered');
INSERT INTO Orders (order_id, customer_id, order_date, status, shipping_address, total_amount) VALUES (217, 42, '2025-03-18 07:33:22.678626', 'Shipped', '3372 Danny Burgs North Lydia, RI 28262', 2370.77);
INSERT INTO Order_Items (order_item_id, order_id, product_id, quantity, unit_price, discount) VALUES (NULL, 217, 10, 2, 34.16, 15);
INSERT INTO Order_Items (order_item_id, order_id, product_id, quantity, unit_price, discount) VALUES (NULL, 217, 13, 1, 67.86, 0);
INSERT INTO Order_Items (order_item_id, order_id, product_id, quantity, unit_price, discount) VALUES (NULL, 217, 25, 1, 446.81, 0);
INSERT INTO Order_Items (order_item_id, order_id, product_id, quantity, unit_price, discount) VALUES (NULL, 217, 16, 2, 13.68, 5);
INSERT INTO Order_Items (order_item_id, order_id, product_id, quantity, unit_price, discount) VALUES (NULL, 217, 23, 1, 191.86, 0);
INSERT INTO Payments (payment_id, order_id, payment_date, payment_method, amount, currency) VALUES (NULL, 217, '2025-08-31 08:08:40.231238', 'Debit Card', 2370.77, 'USD');
INSERT INTO Shipping (shipping_id, order_id, carrier, tracking_number, ship_date, delivery_date, status) VALUES (NULL, 217, 'UPS', 'TRK000217', '2025-05-13', '2025-06-26', 'Delivered');
INSERT INTO Orders (order_id, customer_id, order_date, status, shipping_address, total_amount) VALUES (218, 58, '2025-01-26 10:11:15.263821', 'Shipped', '59572 Amanda Forge Suite 818 New Scott, IN 32598', 1498.87);
INSERT INTO Order_Items (order_item_id, order_id, product_id, quantity, unit_price, discount) VALUES (NULL, 218, 42, 3, 454.99, 5);
INSERT INTO Order_Items (order_item_id, order_id, product_id, quantity, unit_price, discount) VALUES (NULL, 218, 6, 2, 325.85, 10);
INSERT INTO Order_Items (order_item_id, order_id, product_id, quantity, unit_price, discount) VALUES (NULL, 218, 11, 1, 182.98, 5);
INSERT INTO Payments (payment_id, order_id, payment_date, payment_method, amount, currency) VALUES (NULL, 218, '2025-06-03 22:59:47.088366', 'Debit Card', 1498.87, 'USD');
INSERT INTO Shipping (shipping_id, order_id, carrier, tracking_number, ship_date, delivery_date, status) VALUES (NULL, 218, 'FedEx', 'TRK000218', '2025-08-27', '2025-04-08', 'Delivered');
INSERT INTO Orders (order_id, customer_id, order_date, status, shipping_address, total_amount) VALUES (219, 156, '2025-01-07 19:59:41.429562', 'Shipped', '838 Holmes Inlet Suite 914 Josephmouth, DC 98476', 894.97);
INSERT INTO Order_Items (order_item_id, order_id, product_id, quantity, unit_price, discount) VALUES (NULL, 219, 41, 1, 119.72, 10);
INSERT INTO Order_Items (order_item_id, order_id, product_id, quantity, unit_price, discount) VALUES (NULL, 219, 18, 1, 453.53, 5);
INSERT INTO Order_Items (order_item_id, order_id, product_id, quantity, unit_price, discount) VALUES (NULL, 219, 46, 1, 99.09, 5);
INSERT INTO Order_Items (order_item_id, order_id, product_id, quantity, unit_price, discount) VALUES (NULL, 219, 37, 2, 346.07, 15);
INSERT INTO Order_Items (order_item_id, order_id, product_id, quantity, unit_price, discount) VALUES (NULL, 219, 20, 3, 228.45, 0);
INSERT INTO Payments (payment_id, order_id, payment_date, payment_method, amount, currency) VALUES (NULL, 219, '2025-01-01 13:39:11.343675', 'Debit Card', 894.97, 'USD');
INSERT INTO Shipping (shipping_id, order_id, carrier, tracking_number, ship_date, delivery_date, status) VALUES (NULL, 219, 'UPS', 'TRK000219', '2025-04-16', '2025-02-17', 'Delivered');
INSERT INTO Orders (order_id, customer_id, order_date, status, shipping_address, total_amount) VALUES (220, 99, '2025-01-19 16:32:19.551431', 'Shipped', 'Unit 7809 Box 4597 DPO AE 29395', 1740.57);
INSERT INTO Order_Items (order_item_id, order_id, product_id, quantity, unit_price, discount) VALUES (NULL, 220, 15, 3, 21.16, 15);
INSERT INTO Order_Items (order_item_id, order_id, product_id, quantity, unit_price, discount) VALUES (NULL, 220, 45, 3, 126.23, 5);
INSERT INTO Order_Items (order_item_id, order_id, product_id, quantity, unit_price, discount) VALUES (NULL, 220, 48, 1, 450.9, 5);
INSERT INTO Payments (payment_id, order_id, payment_date, payment_method, amount, currency) VALUES (NULL, 220, '2025-04-28 12:46:58.871535', 'PayPal', 1740.57, 'USD');
INSERT INTO Shipping (shipping_id, order_id, carrier, tracking_number, ship_date, delivery_date, status) VALUES (NULL, 220, 'DHL', 'TRK000220', '2025-02-15', '2025-07-09', 'Delivered');
INSERT INTO Orders (order_id, customer_id, order_date, status, shipping_address, total_amount) VALUES (221, 14, '2025-07-29 17:12:42.783924', 'Shipped', '454 Hammond Park Port Kristi, GA 31232', 1254.97);
INSERT INTO Order_Items (order_item_id, order_id, product_id, quantity, unit_price, discount) VALUES (NULL, 221, 40, 2, 32.38, 5);
INSERT INTO Order_Items (order_item_id, order_id, product_id, quantity, unit_price, discount) VALUES (NULL, 221, 49, 1, 152.55, 5);
INSERT INTO Payments (payment_id, order_id, payment_date, payment_method, amount, currency) VALUES (NULL, 221, '2025-07-04 18:54:18.491802', 'PayPal', 1254.97, 'USD');
INSERT INTO Shipping (shipping_id, order_id, carrier, tracking_number, ship_date, delivery_date, status) VALUES (NULL, 221, 'FedEx', 'TRK000221', '2025-08-02', '2025-07-20', 'Delivered');
INSERT INTO Orders (order_id, customer_id, order_date, status, shipping_address, total_amount) VALUES (222, 98, '2025-04-09 03:33:33.107635', 'Shipped', '673 Dickerson Harbor Greermouth, MA 94632', 272.7);
INSERT INTO Order_Items (order_item_id, order_id, product_id, quantity, unit_price, discount) VALUES (NULL, 222, 3, 1, 81.78, 0);
INSERT INTO Order_Items (order_item_id, order_id, product_id, quantity, unit_price, discount) VALUES (NULL, 222, 34, 3, 411.1, 10);
INSERT INTO Order_Items (order_item_id, order_id, product_id, quantity, unit_price, discount) VALUES (NULL, 222, 24, 3, 207.04, 10);
INSERT INTO Payments (payment_id, order_id, payment_date, payment_method, amount, currency) VALUES (NULL, 222, '2025-01-14 22:05:18.442240', 'PayPal', 272.7, 'USD');
INSERT INTO Shipping (shipping_id, order_id, carrier, tracking_number, ship_date, delivery_date, status) VALUES (NULL, 222, 'UPS', 'TRK000222', '2025-05-02', '2025-07-02', 'Delivered');
INSERT INTO Orders (order_id, customer_id, order_date, status, shipping_address, total_amount) VALUES (223, 61, '2025-05-21 04:16:35.493715', 'Shipped', '531 Sean Estates Coxberg, TN 13221', 2202.27);
INSERT INTO Order_Items (order_item_id, order_id, product_id, quantity, unit_price, discount) VALUES (NULL, 223, 22, 3, 115.37, 0);
INSERT INTO Order_Items (order_item_id, order_id, product_id, quantity, unit_price, discount) VALUES (NULL, 223, 41, 2, 35.01, 0);
INSERT INTO Payments (payment_id, order_id, payment_date, payment_method, amount, currency) VALUES (NULL, 223, '2025-02-13 01:30:32.074816', 'PayPal', 2202.27, 'USD');
INSERT INTO Shipping (shipping_id, order_id, carrier, tracking_number, ship_date, delivery_date, status) VALUES (NULL, 223, 'FedEx', 'TRK000223', '2025-03-18', '2025-06-23', 'Delivered');
INSERT INTO Orders (order_id, customer_id, order_date, status, shipping_address, total_amount) VALUES (224, 142, '2025-08-20 03:24:51.063213', 'Shipped', '27016 Stephenson Plaza Shaunberg, GA 72123', 1018.07);
INSERT INTO Order_Items (order_item_id, order_id, product_id, quantity, unit_price, discount) VALUES (NULL, 224, 10, 2, 324.62, 0);
INSERT INTO Order_Items (order_item_id, order_id, product_id, quantity, unit_price, discount) VALUES (NULL, 224, 10, 3, 191.44, 5);
INSERT INTO Order_Items (order_item_id, order_id, product_id, quantity, unit_price, discount) VALUES (NULL, 224, 23, 1, 351.07, 0);
INSERT INTO Order_Items (order_item_id, order_id, product_id, quantity, unit_price, discount) VALUES (NULL, 224, 17, 1, 282.44, 15);
INSERT INTO Payments (payment_id, order_id, payment_date, payment_method, amount, currency) VALUES (NULL, 224, '2025-04-01 10:23:33.097579', 'Credit Card', 1018.07, 'USD');
INSERT INTO Shipping (shipping_id, order_id, carrier, tracking_number, ship_date, delivery_date, status) VALUES (NULL, 224, 'UPS', 'TRK000224', '2025-02-22', '2025-04-05', 'Delivered');
INSERT INTO Orders (order_id, customer_id, order_date, status, shipping_address, total_amount) VALUES (225, 106, '2025-08-08 16:33:07.222336', 'Shipped', '3387 James Prairie Suite 632 Garzaberg, IA 71278', 31.72);
INSERT INTO Order_Items (order_item_id, order_id, product_id, quantity, unit_price, discount) VALUES (NULL, 225, 40, 1, 451.79, 0);
INSERT INTO Order_Items (order_item_id, order_id, product_id, quantity, unit_price, discount) VALUES (NULL, 225, 43, 3, 285.13, 5);
INSERT INTO Order_Items (order_item_id, order_id, product_id, quantity, unit_price, discount) VALUES (NULL, 225, 33, 3, 166.94, 10);
INSERT INTO Order_Items (order_item_id, order_id, product_id, quantity, unit_price, discount) VALUES (NULL, 225, 36, 2, 284.34, 10);
INSERT INTO Payments (payment_id, order_id, payment_date, payment_method, amount, currency) VALUES (NULL, 225, '2025-04-30 10:28:42.939173', 'Debit Card', 31.72, 'USD');
INSERT INTO Shipping (shipping_id, order_id, carrier, tracking_number, ship_date, delivery_date, status) VALUES (NULL, 225, 'DHL', 'TRK000225', '2025-01-02', '2025-08-14', 'Delivered');
INSERT INTO Orders (order_id, customer_id, order_date, status, shipping_address, total_amount) VALUES (226, 108, '2025-08-16 08:09:11.306493', 'Shipped', '41173 Christian Throughway Campbellville, ID 48140', 2717.87);
INSERT INTO Order_Items (order_item_id, order_id, product_id, quantity, unit_price, discount) VALUES (NULL, 226, 24, 1, 239.94, 0);
INSERT INTO Order_Items (order_item_id, order_id, product_id, quantity, unit_price, discount) VALUES (NULL, 226, 6, 1, 288.61, 5);
INSERT INTO Order_Items (order_item_id, order_id, product_id, quantity, unit_price, discount) VALUES (NULL, 226, 15, 3, 427.41, 0);
INSERT INTO Order_Items (order_item_id, order_id, product_id, quantity, unit_price, discount) VALUES (NULL, 226, 21, 1, 106.53, 10);
INSERT INTO Payments (payment_id, order_id, payment_date, payment_method, amount, currency) VALUES (NULL, 226, '2025-05-04 08:20:24.213825', 'PayPal', 2717.87, 'USD');
INSERT INTO Shipping (shipping_id, order_id, carrier, tracking_number, ship_date, delivery_date, status) VALUES (NULL, 226, 'DHL', 'TRK000226', '2025-06-22', '2025-01-29', 'Delivered');
INSERT INTO Orders (order_id, customer_id, order_date, status, shipping_address, total_amount) VALUES (227, 102, '2025-05-08 11:05:02.024262', 'Shipped', '8529 Frank Brooks Kaylafurt, WY 31112', 1976.41);
INSERT INTO Order_Items (order_item_id, order_id, product_id, quantity, unit_price, discount) VALUES (NULL, 227, 49, 3, 205.39, 0);
INSERT INTO Payments (payment_id, order_id, payment_date, payment_method, amount, currency) VALUES (NULL, 227, '2025-08-07 08:03:26.335630', 'Debit Card', 1976.41, 'USD');
INSERT INTO Shipping (shipping_id, order_id, carrier, tracking_number, ship_date, delivery_date, status) VALUES (NULL, 227, 'FedEx', 'TRK000227', '2025-08-25', '2025-07-01', 'Delivered');
INSERT INTO Orders (order_id, customer_id, order_date, status, shipping_address, total_amount) VALUES (228, 194, '2025-02-03 08:44:26.335897', 'Shipped', '125 Karen Plaza Suite 954 East John, AS 63813', 2554.15);
INSERT INTO Order_Items (order_item_id, order_id, product_id, quantity, unit_price, discount) VALUES (NULL, 228, 25, 2, 216.04, 10);
INSERT INTO Order_Items (order_item_id, order_id, product_id, quantity, unit_price, discount) VALUES (NULL, 228, 24, 3, 211.07, 15);
INSERT INTO Order_Items (order_item_id, order_id, product_id, quantity, unit_price, discount) VALUES (NULL, 228, 13, 1, 168.92, 10);
INSERT INTO Order_Items (order_item_id, order_id, product_id, quantity, unit_price, discount) VALUES (NULL, 228, 43, 1, 181.67, 10);
INSERT INTO Payments (payment_id, order_id, payment_date, payment_method, amount, currency) VALUES (NULL, 228, '2025-07-20 23:55:48.082394', 'Credit Card', 2554.15, 'USD');
INSERT INTO Shipping (shipping_id, order_id, carrier, tracking_number, ship_date, delivery_date, status) VALUES (NULL, 228, 'DHL', 'TRK000228', '2025-06-27', '2025-07-20', 'Delivered');
INSERT INTO Orders (order_id, customer_id, order_date, status, shipping_address, total_amount) VALUES (229, 1, '2025-06-26 11:32:03.530893', 'Shipped', '62077 Taylor Tunnel Apt. 850 Dawnborough, NH 71579', 833.16);
INSERT INTO Order_Items (order_item_id, order_id, product_id, quantity, unit_price, discount) VALUES (NULL, 229, 27, 3, 128.81, 10);
INSERT INTO Order_Items (order_item_id, order_id, product_id, quantity, unit_price, discount) VALUES (NULL, 229, 15, 2, 465.74, 0);
INSERT INTO Order_Items (order_item_id, order_id, product_id, quantity, unit_price, discount) VALUES (NULL, 229, 33, 2, 66.8, 15);
INSERT INTO Payments (payment_id, order_id, payment_date, payment_method, amount, currency) VALUES (NULL, 229, '2025-03-13 09:39:19.117933', 'Credit Card', 833.16, 'USD');
INSERT INTO Shipping (shipping_id, order_id, carrier, tracking_number, ship_date, delivery_date, status) VALUES (NULL, 229, 'UPS', 'TRK000229', '2025-06-03', '2025-07-06', 'Delivered');
INSERT INTO Orders (order_id, customer_id, order_date, status, shipping_address, total_amount) VALUES (230, 101, '2025-01-19 22:09:32.775670', 'Shipped', '028 Lauren Drive Port Brandon, AZ 34935', 2667.44);
INSERT INTO Order_Items (order_item_id, order_id, product_id, quantity, unit_price, discount) VALUES (NULL, 230, 1, 3, 52.11, 10);
INSERT INTO Order_Items (order_item_id, order_id, product_id, quantity, unit_price, discount) VALUES (NULL, 230, 40, 2, 303.76, 0);
INSERT INTO Order_Items (order_item_id, order_id, product_id, quantity, unit_price, discount) VALUES (NULL, 230, 46, 1, 207.77, 0);
INSERT INTO Order_Items (order_item_id, order_id, product_id, quantity, unit_price, discount) VALUES (NULL, 230, 15, 3, 161.89, 0);
INSERT INTO Order_Items (order_item_id, order_id, product_id, quantity, unit_price, discount) VALUES (NULL, 230, 22, 2, 267.01, 0);
INSERT INTO Payments (payment_id, order_id, payment_date, payment_method, amount, currency) VALUES (NULL, 230, '2025-04-28 15:58:36.550473', 'Credit Card', 2667.44, 'USD');
INSERT INTO Shipping (shipping_id, order_id, carrier, tracking_number, ship_date, delivery_date, status) VALUES (NULL, 230, 'DHL', 'TRK000230', '2025-05-01', '2025-04-03', 'Delivered');
INSERT INTO Orders (order_id, customer_id, order_date, status, shipping_address, total_amount) VALUES (231, 142, '2025-06-08 08:47:38.815677', 'Shipped', '2623 Smith Court Suite 546 North Kelly, NM 32237', 1055.0);
INSERT INTO Order_Items (order_item_id, order_id, product_id, quantity, unit_price, discount) VALUES (NULL, 231, 40, 3, 113.84, 10);
INSERT INTO Order_Items (order_item_id, order_id, product_id, quantity, unit_price, discount) VALUES (NULL, 231, 3, 3, 58.62, 5);
INSERT INTO Order_Items (order_item_id, order_id, product_id, quantity, unit_price, discount) VALUES (NULL, 231, 12, 3, 17.08, 15);
INSERT INTO Order_Items (order_item_id, order_id, product_id, quantity, unit_price, discount) VALUES (NULL, 231, 31, 2, 90.29, 5);
INSERT INTO Payments (payment_id, order_id, payment_date, payment_method, amount, currency) VALUES (NULL, 231, '2025-08-10 11:59:31.829743', 'Credit Card', 1055.0, 'USD');
INSERT INTO Shipping (shipping_id, order_id, carrier, tracking_number, ship_date, delivery_date, status) VALUES (NULL, 231, 'UPS', 'TRK000231', '2025-03-23', '2025-03-10', 'Delivered');
INSERT INTO Orders (order_id, customer_id, order_date, status, shipping_address, total_amount) VALUES (232, 110, '2025-03-19 16:45:50.766018', 'Shipped', '8934 Jordan Plains Lake Richardhaven, GU 65941', 1946.87);
INSERT INTO Order_Items (order_item_id, order_id, product_id, quantity, unit_price, discount) VALUES (NULL, 232, 48, 2, 93.98, 10);
INSERT INTO Order_Items (order_item_id, order_id, product_id, quantity, unit_price, discount) VALUES (NULL, 232, 10, 1, 448.13, 5);
INSERT INTO Order_Items (order_item_id, order_id, product_id, quantity, unit_price, discount) VALUES (NULL, 232, 48, 3, 262.08, 5);
INSERT INTO Payments (payment_id, order_id, payment_date, payment_method, amount, currency) VALUES (NULL, 232, '2025-06-14 17:38:10.303829', 'PayPal', 1946.87, 'USD');
INSERT INTO Shipping (shipping_id, order_id, carrier, tracking_number, ship_date, delivery_date, status) VALUES (NULL, 232, 'FedEx', 'TRK000232', '2025-04-03', '2025-02-08', 'Delivered');
INSERT INTO Orders (order_id, customer_id, order_date, status, shipping_address, total_amount) VALUES (233, 184, '2025-05-29 15:52:09.159977', 'Shipped', '745 John Loaf Apt. 571 Hillshire, DC 25993', 2983.83);
INSERT INTO Order_Items (order_item_id, order_id, product_id, quantity, unit_price, discount) VALUES (NULL, 233, 39, 1, 210.08, 10);
INSERT INTO Order_Items (order_item_id, order_id, product_id, quantity, unit_price, discount) VALUES (NULL, 233, 8, 1, 67.86, 10);
INSERT INTO Order_Items (order_item_id, order_id, product_id, quantity, unit_price, discount) VALUES (NULL, 233, 20, 2, 458.53, 5);
INSERT INTO Order_Items (order_item_id, order_id, product_id, quantity, unit_price, discount) VALUES (NULL, 233, 39, 2, 350.54, 10);
INSERT INTO Order_Items (order_item_id, order_id, product_id, quantity, unit_price, discount) VALUES (NULL, 233, 31, 1, 108.94, 5);
INSERT INTO Payments (payment_id, order_id, payment_date, payment_method, amount, currency) VALUES (NULL, 233, '2025-04-03 04:46:22.752582', 'Credit Card', 2983.83, 'USD');
INSERT INTO Shipping (shipping_id, order_id, carrier, tracking_number, ship_date, delivery_date, status) VALUES (NULL, 233, 'FedEx', 'TRK000233', '2025-04-08', '2025-08-12', 'Delivered');
INSERT INTO Orders (order_id, customer_id, order_date, status, shipping_address, total_amount) VALUES (234, 108, '2025-07-21 23:53:25.986143', 'Shipped', '704 Wood Valley Hayeshaven, WV 77292', 2780.26);
INSERT INTO Order_Items (order_item_id, order_id, product_id, quantity, unit_price, discount) VALUES (NULL, 234, 14, 1, 152.35, 15);
INSERT INTO Order_Items (order_item_id, order_id, product_id, quantity, unit_price, discount) VALUES (NULL, 234, 3, 2, 282.13, 5);
INSERT INTO Payments (payment_id, order_id, payment_date, payment_method, amount, currency) VALUES (NULL, 234, '2025-07-19 23:17:36.401686', 'Credit Card', 2780.26, 'USD');
INSERT INTO Shipping (shipping_id, order_id, carrier, tracking_number, ship_date, delivery_date, status) VALUES (NULL, 234, 'FedEx', 'TRK000234', '2025-06-13', '2025-03-17', 'Delivered');
INSERT INTO Orders (order_id, customer_id, order_date, status, shipping_address, total_amount) VALUES (235, 149, '2025-07-19 18:11:17.214672', 'Shipped', '889 James Club East Michelle, MD 68090', 1735.87);
INSERT INTO Order_Items (order_item_id, order_id, product_id, quantity, unit_price, discount) VALUES (NULL, 235, 31, 2, 87.55, 5);
INSERT INTO Order_Items (order_item_id, order_id, product_id, quantity, unit_price, discount) VALUES (NULL, 235, 3, 1, 233.1, 10);
INSERT INTO Order_Items (order_item_id, order_id, product_id, quantity, unit_price, discount) VALUES (NULL, 235, 25, 3, 462.67, 15);
INSERT INTO Order_Items (order_item_id, order_id, product_id, quantity, unit_price, discount) VALUES (NULL, 235, 2, 3, 134.67, 10);
INSERT INTO Order_Items (order_item_id, order_id, product_id, quantity, unit_price, discount) VALUES (NULL, 235, 50, 1, 94.29, 15);
INSERT INTO Payments (payment_id, order_id, payment_date, payment_method, amount, currency) VALUES (NULL, 235, '2025-01-09 21:41:03.873105', 'Credit Card', 1735.87, 'USD');
INSERT INTO Shipping (shipping_id, order_id, carrier, tracking_number, ship_date, delivery_date, status) VALUES (NULL, 235, 'DHL', 'TRK000235', '2025-04-17', '2025-03-05', 'Delivered');
INSERT INTO Orders (order_id, customer_id, order_date, status, shipping_address, total_amount) VALUES (236, 47, '2025-05-05 06:45:16.739287', 'Shipped', '64963 Christopher Centers Suite 163 Brooksfurt, HI 51476', 1196.87);
INSERT INTO Order_Items (order_item_id, order_id, product_id, quantity, unit_price, discount) VALUES (NULL, 236, 35, 3, 152.18, 5);
INSERT INTO Order_Items (order_item_id, order_id, product_id, quantity, unit_price, discount) VALUES (NULL, 236, 36, 1, 248.82, 10);
INSERT INTO Order_Items (order_item_id, order_id, product_id, quantity, unit_price, discount) VALUES (NULL, 236, 39, 2, 103.28, 0);
INSERT INTO Order_Items (order_item_id, order_id, product_id, quantity, unit_price, discount) VALUES (NULL, 236, 21, 3, 344.82, 5);
INSERT INTO Payments (payment_id, order_id, payment_date, payment_method, amount, currency) VALUES (NULL, 236, '2025-05-05 22:02:00.567861', 'Credit Card', 1196.87, 'USD');
INSERT INTO Shipping (shipping_id, order_id, carrier, tracking_number, ship_date, delivery_date, status) VALUES (NULL, 236, 'DHL', 'TRK000236', '2025-06-28', '2025-04-14', 'Delivered');
INSERT INTO Orders (order_id, customer_id, order_date, status, shipping_address, total_amount) VALUES (237, 186, '2025-07-13 00:03:07.452201', 'Shipped', '5386 James Plains Vegaburgh, AL 26308', 2453.38);
INSERT INTO Order_Items (order_item_id, order_id, product_id, quantity, unit_price, discount) VALUES (NULL, 237, 13, 1, 310.51, 5);
INSERT INTO Order_Items (order_item_id, order_id, product_id, quantity, unit_price, discount) VALUES (NULL, 237, 32, 1, 326.36, 10);
INSERT INTO Order_Items (order_item_id, order_id, product_id, quantity, unit_price, discount) VALUES (NULL, 237, 14, 3, 383.37, 0);
INSERT INTO Order_Items (order_item_id, order_id, product_id, quantity, unit_price, discount) VALUES (NULL, 237, 15, 1, 381.68, 10);
INSERT INTO Payments (payment_id, order_id, payment_date, payment_method, amount, currency) VALUES (NULL, 237, '2025-04-09 23:35:38.531353', 'Credit Card', 2453.38, 'USD');
INSERT INTO Shipping (shipping_id, order_id, carrier, tracking_number, ship_date, delivery_date, status) VALUES (NULL, 237, 'FedEx', 'TRK000237', '2025-01-28', '2025-03-26', 'Delivered');
INSERT INTO Orders (order_id, customer_id, order_date, status, shipping_address, total_amount) VALUES (238, 99, '2025-02-26 09:57:08.807021', 'Shipped', '2508 Adams Springs Jamesberg, OK 92866', 1287.15);
INSERT INTO Order_Items (order_item_id, order_id, product_id, quantity, unit_price, discount) VALUES (NULL, 238, 31, 1, 173.47, 5);
INSERT INTO Order_Items (order_item_id, order_id, product_id, quantity, unit_price, discount) VALUES (NULL, 238, 2, 1, 47.55, 15);
INSERT INTO Order_Items (order_item_id, order_id, product_id, quantity, unit_price, discount) VALUES (NULL, 238, 24, 3, 432.64, 10);
INSERT INTO Order_Items (order_item_id, order_id, product_id, quantity, unit_price, discount) VALUES (NULL, 238, 40, 3, 177.53, 0);
INSERT INTO Order_Items (order_item_id, order_id, product_id, quantity, unit_price, discount) VALUES (NULL, 238, 42, 2, 77.99, 5);
INSERT INTO Payments (payment_id, order_id, payment_date, payment_method, amount, currency) VALUES (NULL, 238, '2025-05-30 03:13:59.162393', 'PayPal', 1287.15, 'USD');
INSERT INTO Shipping (shipping_id, order_id, carrier, tracking_number, ship_date, delivery_date, status) VALUES (NULL, 238, 'FedEx', 'TRK000238', '2025-05-22', '2025-04-23', 'Delivered');
INSERT INTO Orders (order_id, customer_id, order_date, status, shipping_address, total_amount) VALUES (239, 182, '2025-06-16 11:04:41.077734', 'Shipped', '021 Brown Road Port Andreaburgh, HI 60172', 803.61);
INSERT INTO Order_Items (order_item_id, order_id, product_id, quantity, unit_price, discount) VALUES (NULL, 239, 8, 3, 277.31, 10);
INSERT INTO Order_Items (order_item_id, order_id, product_id, quantity, unit_price, discount) VALUES (NULL, 239, 2, 1, 140.55, 5);
INSERT INTO Payments (payment_id, order_id, payment_date, payment_method, amount, currency) VALUES (NULL, 239, '2025-05-03 18:07:17.999959', 'Credit Card', 803.61, 'USD');
INSERT INTO Shipping (shipping_id, order_id, carrier, tracking_number, ship_date, delivery_date, status) VALUES (NULL, 239, 'UPS', 'TRK000239', '2025-06-17', '2025-02-05', 'Delivered');
INSERT INTO Orders (order_id, customer_id, order_date, status, shipping_address, total_amount) VALUES (240, 178, '2025-09-03 08:35:23.951963', 'Shipped', '907 Jimenez Track Apt. 145 Kimberlychester, OK 31097', 193.51);
INSERT INTO Order_Items (order_item_id, order_id, product_id, quantity, unit_price, discount) VALUES (NULL, 240, 50, 3, 77.8, 5);
INSERT INTO Order_Items (order_item_id, order_id, product_id, quantity, unit_price, discount) VALUES (NULL, 240, 13, 2, 26.54, 15);
INSERT INTO Order_Items (order_item_id, order_id, product_id, quantity, unit_price, discount) VALUES (NULL, 240, 24, 2, 115.22, 15);
INSERT INTO Order_Items (order_item_id, order_id, product_id, quantity, unit_price, discount) VALUES (NULL, 240, 41, 1, 325.93, 10);
INSERT INTO Order_Items (order_item_id, order_id, product_id, quantity, unit_price, discount) VALUES (NULL, 240, 34, 1, 361.42, 0);
INSERT INTO Payments (payment_id, order_id, payment_date, payment_method, amount, currency) VALUES (NULL, 240, '2025-03-29 11:20:37.051547', 'PayPal', 193.51, 'USD');
INSERT INTO Shipping (shipping_id, order_id, carrier, tracking_number, ship_date, delivery_date, status) VALUES (NULL, 240, 'DHL', 'TRK000240', '2025-01-21', '2025-07-22', 'Delivered');
INSERT INTO Orders (order_id, customer_id, order_date, status, shipping_address, total_amount) VALUES (241, 125, '2025-03-20 08:53:21.051154', 'Shipped', '9755 Lonnie Pass Apt. 572 South Tiffany, FM 18202', 211.56);
INSERT INTO Order_Items (order_item_id, order_id, product_id, quantity, unit_price, discount) VALUES (NULL, 241, 39, 1, 102.1, 5);
INSERT INTO Order_Items (order_item_id, order_id, product_id, quantity, unit_price, discount) VALUES (NULL, 241, 12, 1, 42.23, 15);
INSERT INTO Order_Items (order_item_id, order_id, product_id, quantity, unit_price, discount) VALUES (NULL, 241, 16, 2, 392.77, 10);
INSERT INTO Order_Items (order_item_id, order_id, product_id, quantity, unit_price, discount) VALUES (NULL, 241, 26, 1, 299.36, 15);
INSERT INTO Order_Items (order_item_id, order_id, product_id, quantity, unit_price, discount) VALUES (NULL, 241, 41, 3, 479.39, 5);
INSERT INTO Payments (payment_id, order_id, payment_date, payment_method, amount, currency) VALUES (NULL, 241, '2025-07-27 15:09:52.435940', 'PayPal', 211.56, 'USD');
INSERT INTO Shipping (shipping_id, order_id, carrier, tracking_number, ship_date, delivery_date, status) VALUES (NULL, 241, 'FedEx', 'TRK000241', '2025-07-08', '2025-08-08', 'Delivered');
INSERT INTO Orders (order_id, customer_id, order_date, status, shipping_address, total_amount) VALUES (242, 160, '2025-07-30 06:41:29.930417', 'Shipped', 'Unit 3176 Box 6747 DPO AA 14104', 2378.08);
INSERT INTO Order_Items (order_item_id, order_id, product_id, quantity, unit_price, discount) VALUES (NULL, 242, 6, 1, 130.95, 15);
INSERT INTO Order_Items (order_item_id, order_id, product_id, quantity, unit_price, discount) VALUES (NULL, 242, 5, 1, 154.73, 0);
INSERT INTO Order_Items (order_item_id, order_id, product_id, quantity, unit_price, discount) VALUES (NULL, 242, 7, 2, 67.73, 15);
INSERT INTO Order_Items (order_item_id, order_id, product_id, quantity, unit_price, discount) VALUES (NULL, 242, 18, 2, 133.94, 10);
INSERT INTO Payments (payment_id, order_id, payment_date, payment_method, amount, currency) VALUES (NULL, 242, '2025-01-31 16:47:24.281576', 'Debit Card', 2378.08, 'USD');
INSERT INTO Shipping (shipping_id, order_id, carrier, tracking_number, ship_date, delivery_date, status) VALUES (NULL, 242, 'FedEx', 'TRK000242', '2025-01-28', '2025-01-20', 'Delivered');
INSERT INTO Orders (order_id, customer_id, order_date, status, shipping_address, total_amount) VALUES (243, 84, '2025-01-05 11:14:06.927376', 'Shipped', '78420 Miller Overpass Apt. 165 South Patriciastad, CA 88265', 713.7);
INSERT INTO Order_Items (order_item_id, order_id, product_id, quantity, unit_price, discount) VALUES (NULL, 243, 24, 2, 334.62, 15);
INSERT INTO Order_Items (order_item_id, order_id, product_id, quantity, unit_price, discount) VALUES (NULL, 243, 22, 1, 335.96, 0);
INSERT INTO Order_Items (order_item_id, order_id, product_id, quantity, unit_price, discount) VALUES (NULL, 243, 23, 1, 265.55, 0);
INSERT INTO Order_Items (order_item_id, order_id, product_id, quantity, unit_price, discount) VALUES (NULL, 243, 46, 1, 381.74, 5);
INSERT INTO Order_Items (order_item_id, order_id, product_id, quantity, unit_price, discount) VALUES (NULL, 243, 8, 2, 185.6, 5);
INSERT INTO Payments (payment_id, order_id, payment_date, payment_method, amount, currency) VALUES (NULL, 243, '2025-03-06 12:06:55.720532', 'Credit Card', 713.7, 'USD');
INSERT INTO Shipping (shipping_id, order_id, carrier, tracking_number, ship_date, delivery_date, status) VALUES (NULL, 243, 'DHL', 'TRK000243', '2025-06-04', '2025-05-08', 'Delivered');
INSERT INTO Orders (order_id, customer_id, order_date, status, shipping_address, total_amount) VALUES (244, 63, '2025-07-14 06:12:05.844088', 'Shipped', '1819 Anthony Skyway Suite 439 Carlyhaven, VI 85001', 1715.45);
INSERT INTO Order_Items (order_item_id, order_id, product_id, quantity, unit_price, discount) VALUES (NULL, 244, 46, 1, 382.46, 10);
INSERT INTO Payments (payment_id, order_id, payment_date, payment_method, amount, currency) VALUES (NULL, 244, '2025-06-06 18:23:47.173451', 'Debit Card', 1715.45, 'USD');
INSERT INTO Shipping (shipping_id, order_id, carrier, tracking_number, ship_date, delivery_date, status) VALUES (NULL, 244, 'DHL', 'TRK000244', '2025-07-05', '2025-06-03', 'Delivered');
INSERT INTO Orders (order_id, customer_id, order_date, status, shipping_address, total_amount) VALUES (245, 163, '2025-01-13 07:41:50.325769', 'Shipped', '0756 Anderson Island Micheleborough, NH 59476', 1688.27);
INSERT INTO Order_Items (order_item_id, order_id, product_id, quantity, unit_price, discount) VALUES (NULL, 245, 30, 1, 56.18, 0);
INSERT INTO Payments (payment_id, order_id, payment_date, payment_method, amount, currency) VALUES (NULL, 245, '2025-02-26 08:26:27.523842', 'Credit Card', 1688.27, 'USD');
INSERT INTO Shipping (shipping_id, order_id, carrier, tracking_number, ship_date, delivery_date, status) VALUES (NULL, 245, 'DHL', 'TRK000245', '2025-03-05', '2025-08-03', 'Delivered');
INSERT INTO Orders (order_id, customer_id, order_date, status, shipping_address, total_amount) VALUES (246, 147, '2025-05-23 20:31:28.788992', 'Shipped', 'Unit 0075 Box 7257 DPO AE 28442', 145.95);
INSERT INTO Order_Items (order_item_id, order_id, product_id, quantity, unit_price, discount) VALUES (NULL, 246, 14, 2, 310.33, 15);
INSERT INTO Payments (payment_id, order_id, payment_date, payment_method, amount, currency) VALUES (NULL, 246, '2025-06-24 11:47:38.401000', 'Credit Card', 145.95, 'USD');
INSERT INTO Shipping (shipping_id, order_id, carrier, tracking_number, ship_date, delivery_date, status) VALUES (NULL, 246, 'FedEx', 'TRK000246', '2025-05-27', '2025-02-12', 'Delivered');
INSERT INTO Orders (order_id, customer_id, order_date, status, shipping_address, total_amount) VALUES (247, 161, '2025-07-06 18:18:47.430606', 'Shipped', '9950 David Garden Lake Kevin, PR 48138', 657.63);
INSERT INTO Order_Items (order_item_id, order_id, product_id, quantity, unit_price, discount) VALUES (NULL, 247, 21, 1, 315.27, 15);
INSERT INTO Payments (payment_id, order_id, payment_date, payment_method, amount, currency) VALUES (NULL, 247, '2025-02-07 18:01:40.187159', 'Debit Card', 657.63, 'USD');
INSERT INTO Shipping (shipping_id, order_id, carrier, tracking_number, ship_date, delivery_date, status) VALUES (NULL, 247, 'UPS', 'TRK000247', '2025-05-13', '2025-08-26', 'Delivered');
INSERT INTO Orders (order_id, customer_id, order_date, status, shipping_address, total_amount) VALUES (248, 199, '2025-02-20 06:51:58.169668', 'Shipped', '72142 Kyle Greens Apt. 273 Amandahaven, NM 67278', 2038.11);
INSERT INTO Order_Items (order_item_id, order_id, product_id, quantity, unit_price, discount) VALUES (NULL, 248, 19, 1, 297.17, 0);
INSERT INTO Order_Items (order_item_id, order_id, product_id, quantity, unit_price, discount) VALUES (NULL, 248, 26, 1, 361.88, 15);
INSERT INTO Order_Items (order_item_id, order_id, product_id, quantity, unit_price, discount) VALUES (NULL, 248, 2, 3, 211.32, 10);
INSERT INTO Payments (payment_id, order_id, payment_date, payment_method, amount, currency) VALUES (NULL, 248, '2025-06-04 19:03:24.441863', 'Credit Card', 2038.11, 'USD');
INSERT INTO Shipping (shipping_id, order_id, carrier, tracking_number, ship_date, delivery_date, status) VALUES (NULL, 248, 'DHL', 'TRK000248', '2025-07-14', '2025-05-25', 'Delivered');
INSERT INTO Orders (order_id, customer_id, order_date, status, shipping_address, total_amount) VALUES (249, 177, '2025-04-25 23:15:23.604036', 'Shipped', '5517 Donald Island Christopherside, PR 51146', 1834.99);
INSERT INTO Order_Items (order_item_id, order_id, product_id, quantity, unit_price, discount) VALUES (NULL, 249, 2, 3, 241.13, 5);
INSERT INTO Order_Items (order_item_id, order_id, product_id, quantity, unit_price, discount) VALUES (NULL, 249, 44, 2, 333.71, 0);
INSERT INTO Order_Items (order_item_id, order_id, product_id, quantity, unit_price, discount) VALUES (NULL, 249, 30, 1, 415.23, 10);
INSERT INTO Payments (payment_id, order_id, payment_date, payment_method, amount, currency) VALUES (NULL, 249, '2025-05-14 05:40:10.953714', 'PayPal', 1834.99, 'USD');
INSERT INTO Shipping (shipping_id, order_id, carrier, tracking_number, ship_date, delivery_date, status) VALUES (NULL, 249, 'UPS', 'TRK000249', '2025-06-15', '2025-08-18', 'Delivered');
INSERT INTO Orders (order_id, customer_id, order_date, status, shipping_address, total_amount) VALUES (250, 118, '2025-01-28 12:27:01.169608', 'Shipped', '75584 Rachel Manor Suite 237 Petersborough, AR 32276', 2497.98);
INSERT INTO Order_Items (order_item_id, order_id, product_id, quantity, unit_price, discount) VALUES (NULL, 250, 29, 3, 247.68, 15);
INSERT INTO Order_Items (order_item_id, order_id, product_id, quantity, unit_price, discount) VALUES (NULL, 250, 9, 3, 148.25, 0);
INSERT INTO Order_Items (order_item_id, order_id, product_id, quantity, unit_price, discount) VALUES (NULL, 250, 5, 1, 351.73, 15);
INSERT INTO Order_Items (order_item_id, order_id, product_id, quantity, unit_price, discount) VALUES (NULL, 250, 34, 1, 368.11, 5);
INSERT INTO Order_Items (order_item_id, order_id, product_id, quantity, unit_price, discount) VALUES (NULL, 250, 26, 3, 226.38, 15);
INSERT INTO Payments (payment_id, order_id, payment_date, payment_method, amount, currency) VALUES (NULL, 250, '2025-07-04 03:58:03.830237', 'Credit Card', 2497.98, 'USD');
INSERT INTO Shipping (shipping_id, order_id, carrier, tracking_number, ship_date, delivery_date, status) VALUES (NULL, 250, 'UPS', 'TRK000250', '2025-02-12', '2025-03-30', 'Delivered');
INSERT INTO Orders (order_id, customer_id, order_date, status, shipping_address, total_amount) VALUES (251, 112, '2025-03-16 22:06:26.505710', 'Shipped', '3138 Martinez Road Anthonyfort, WV 78778', 588.4);
INSERT INTO Order_Items (order_item_id, order_id, product_id, quantity, unit_price, discount) VALUES (NULL, 251, 32, 3, 495.36, 15);
INSERT INTO Order_Items (order_item_id, order_id, product_id, quantity, unit_price, discount) VALUES (NULL, 251, 5, 2, 201.59, 15);
INSERT INTO Order_Items (order_item_id, order_id, product_id, quantity, unit_price, discount) VALUES (NULL, 251, 31, 1, 240.62, 10);
INSERT INTO Order_Items (order_item_id, order_id, product_id, quantity, unit_price, discount) VALUES (NULL, 251, 7, 1, 288.85, 15);
INSERT INTO Order_Items (order_item_id, order_id, product_id, quantity, unit_price, discount) VALUES (NULL, 251, 38, 2, 48.78, 10);
INSERT INTO Payments (payment_id, order_id, payment_date, payment_method, amount, currency) VALUES (NULL, 251, '2025-05-08 01:25:09.620276', 'Debit Card', 588.4, 'USD');
INSERT INTO Shipping (shipping_id, order_id, carrier, tracking_number, ship_date, delivery_date, status) VALUES (NULL, 251, 'DHL', 'TRK000251', '2025-03-25', '2025-02-07', 'Delivered');
INSERT INTO Orders (order_id, customer_id, order_date, status, shipping_address, total_amount) VALUES (252, 67, '2025-06-28 06:30:25.187948', 'Shipped', '42740 Fischer Island East James, KS 26775', 2387.75);
INSERT INTO Order_Items (order_item_id, order_id, product_id, quantity, unit_price, discount) VALUES (NULL, 252, 14, 3, 219.53, 15);
INSERT INTO Order_Items (order_item_id, order_id, product_id, quantity, unit_price, discount) VALUES (NULL, 252, 42, 2, 401.1, 5);
INSERT INTO Order_Items (order_item_id, order_id, product_id, quantity, unit_price, discount) VALUES (NULL, 252, 37, 3, 55.83, 15);
INSERT INTO Payments (payment_id, order_id, payment_date, payment_method, amount, currency) VALUES (NULL, 252, '2025-05-10 22:25:07.064243', 'PayPal', 2387.75, 'USD');
INSERT INTO Shipping (shipping_id, order_id, carrier, tracking_number, ship_date, delivery_date, status) VALUES (NULL, 252, 'UPS', 'TRK000252', '2025-01-21', '2025-08-26', 'Delivered');
INSERT INTO Orders (order_id, customer_id, order_date, status, shipping_address, total_amount) VALUES (253, 164, '2025-02-21 22:38:01.250802', 'Shipped', '68049 Ryan Vista Suite 605 Port David, MT 78281', 2623.3);
INSERT INTO Order_Items (order_item_id, order_id, product_id, quantity, unit_price, discount) VALUES (NULL, 253, 25, 2, 295.15, 0);
INSERT INTO Payments (payment_id, order_id, payment_date, payment_method, amount, currency) VALUES (NULL, 253, '2025-06-07 20:40:04.136422', 'PayPal', 2623.3, 'USD');
INSERT INTO Shipping (shipping_id, order_id, carrier, tracking_number, ship_date, delivery_date, status) VALUES (NULL, 253, 'UPS', 'TRK000253', '2025-05-11', '2025-03-11', 'Delivered');
INSERT INTO Orders (order_id, customer_id, order_date, status, shipping_address, total_amount) VALUES (254, 142, '2025-07-10 05:19:12.281634', 'Shipped', '33189 Christopher Fort East Melissa, WY 81260', 2356.6);
INSERT INTO Order_Items (order_item_id, order_id, product_id, quantity, unit_price, discount) VALUES (NULL, 254, 8, 1, 110.74, 15);
INSERT INTO Order_Items (order_item_id, order_id, product_id, quantity, unit_price, discount) VALUES (NULL, 254, 38, 1, 88.41, 0);
INSERT INTO Order_Items (order_item_id, order_id, product_id, quantity, unit_price, discount) VALUES (NULL, 254, 23, 1, 381.46, 0);
INSERT INTO Order_Items (order_item_id, order_id, product_id, quantity, unit_price, discount) VALUES (NULL, 254, 11, 1, 210.75, 10);
INSERT INTO Payments (payment_id, order_id, payment_date, payment_method, amount, currency) VALUES (NULL, 254, '2025-03-08 20:56:15.732678', 'PayPal', 2356.6, 'USD');
INSERT INTO Shipping (shipping_id, order_id, carrier, tracking_number, ship_date, delivery_date, status) VALUES (NULL, 254, 'UPS', 'TRK000254', '2025-08-01', '2025-04-21', 'Delivered');
INSERT INTO Orders (order_id, customer_id, order_date, status, shipping_address, total_amount) VALUES (255, 74, '2025-04-29 04:01:40.530606', 'Shipped', '01748 Louis Locks Martinborough, MS 62399', 2482.45);
INSERT INTO Order_Items (order_item_id, order_id, product_id, quantity, unit_price, discount) VALUES (NULL, 255, 14, 1, 411.31, 5);
INSERT INTO Order_Items (order_item_id, order_id, product_id, quantity, unit_price, discount) VALUES (NULL, 255, 6, 2, 266.05, 5);
INSERT INTO Order_Items (order_item_id, order_id, product_id, quantity, unit_price, discount) VALUES (NULL, 255, 12, 2, 311.77, 10);
INSERT INTO Payments (payment_id, order_id, payment_date, payment_method, amount, currency) VALUES (NULL, 255, '2025-06-02 16:29:32.133858', 'Credit Card', 2482.45, 'USD');
INSERT INTO Shipping (shipping_id, order_id, carrier, tracking_number, ship_date, delivery_date, status) VALUES (NULL, 255, 'UPS', 'TRK000255', '2025-06-08', '2025-01-11', 'Delivered');
INSERT INTO Orders (order_id, customer_id, order_date, status, shipping_address, total_amount) VALUES (256, 5, '2025-06-26 04:12:35.654090', 'Shipped', '500 Shelly Flats Suite 551 Lake Katelyn, RI 23439', 132.93);
INSERT INTO Order_Items (order_item_id, order_id, product_id, quantity, unit_price, discount) VALUES (NULL, 256, 21, 2, 150.85, 0);
INSERT INTO Order_Items (order_item_id, order_id, product_id, quantity, unit_price, discount) VALUES (NULL, 256, 41, 2, 96.85, 15);
INSERT INTO Payments (payment_id, order_id, payment_date, payment_method, amount, currency) VALUES (NULL, 256, '2025-04-10 14:17:29.141769', 'Debit Card', 132.93, 'USD');
INSERT INTO Shipping (shipping_id, order_id, carrier, tracking_number, ship_date, delivery_date, status) VALUES (NULL, 256, 'UPS', 'TRK000256', '2025-04-07', '2025-08-15', 'Delivered');
INSERT INTO Orders (order_id, customer_id, order_date, status, shipping_address, total_amount) VALUES (257, 115, '2025-08-09 11:29:50.647977', 'Shipped', '75254 Carl Courts Suite 832 East Joshua, GU 76986', 920.27);
INSERT INTO Order_Items (order_item_id, order_id, product_id, quantity, unit_price, discount) VALUES (NULL, 257, 40, 3, 339.11, 5);
INSERT INTO Order_Items (order_item_id, order_id, product_id, quantity, unit_price, discount) VALUES (NULL, 257, 36, 1, 58.64, 5);
INSERT INTO Order_Items (order_item_id, order_id, product_id, quantity, unit_price, discount) VALUES (NULL, 257, 21, 3, 166.15, 5);
INSERT INTO Order_Items (order_item_id, order_id, product_id, quantity, unit_price, discount) VALUES (NULL, 257, 29, 2, 272.43, 15);
INSERT INTO Payments (payment_id, order_id, payment_date, payment_method, amount, currency) VALUES (NULL, 257, '2025-03-03 04:23:45.122878', 'Credit Card', 920.27, 'USD');
INSERT INTO Shipping (shipping_id, order_id, carrier, tracking_number, ship_date, delivery_date, status) VALUES (NULL, 257, 'FedEx', 'TRK000257', '2025-07-22', '2025-06-19', 'Delivered');
INSERT INTO Orders (order_id, customer_id, order_date, status, shipping_address, total_amount) VALUES (258, 43, '2025-02-22 22:09:02.986742', 'Shipped', 'Unit 6832 Box 3327 DPO AP 13393', 37.4);
INSERT INTO Order_Items (order_item_id, order_id, product_id, quantity, unit_price, discount) VALUES (NULL, 258, 9, 3, 67.27, 10);
INSERT INTO Order_Items (order_item_id, order_id, product_id, quantity, unit_price, discount) VALUES (NULL, 258, 27, 1, 376.54, 0);
INSERT INTO Payments (payment_id, order_id, payment_date, payment_method, amount, currency) VALUES (NULL, 258, '2025-03-29 09:19:24.161906', 'PayPal', 37.4, 'USD');
INSERT INTO Shipping (shipping_id, order_id, carrier, tracking_number, ship_date, delivery_date, status) VALUES (NULL, 258, 'FedEx', 'TRK000258', '2025-07-26', '2025-08-01', 'Delivered');
INSERT INTO Orders (order_id, customer_id, order_date, status, shipping_address, total_amount) VALUES (259, 29, '2025-03-23 11:48:21.649779', 'Shipped', '613 Ward Vista Suite 936 Staceyside, OH 40824', 968.34);
INSERT INTO Order_Items (order_item_id, order_id, product_id, quantity, unit_price, discount) VALUES (NULL, 259, 32, 1, 75.95, 10);
INSERT INTO Order_Items (order_item_id, order_id, product_id, quantity, unit_price, discount) VALUES (NULL, 259, 2, 3, 496.73, 5);
INSERT INTO Order_Items (order_item_id, order_id, product_id, quantity, unit_price, discount) VALUES (NULL, 259, 47, 3, 147.0, 10);
INSERT INTO Order_Items (order_item_id, order_id, product_id, quantity, unit_price, discount) VALUES (NULL, 259, 30, 3, 496.57, 5);
INSERT INTO Order_Items (order_item_id, order_id, product_id, quantity, unit_price, discount) VALUES (NULL, 259, 46, 3, 460.0, 10);
INSERT INTO Payments (payment_id, order_id, payment_date, payment_method, amount, currency) VALUES (NULL, 259, '2025-05-05 11:30:08.666941', 'PayPal', 968.34, 'USD');
INSERT INTO Shipping (shipping_id, order_id, carrier, tracking_number, ship_date, delivery_date, status) VALUES (NULL, 259, 'DHL', 'TRK000259', '2025-01-05', '2025-07-16', 'Delivered');
INSERT INTO Orders (order_id, customer_id, order_date, status, shipping_address, total_amount) VALUES (260, 97, '2025-03-08 09:33:41.471258', 'Shipped', '99900 Charlene Stream Weaverberg, FL 59840', 1934.79);
INSERT INTO Order_Items (order_item_id, order_id, product_id, quantity, unit_price, discount) VALUES (NULL, 260, 15, 1, 266.15, 5);
INSERT INTO Order_Items (order_item_id, order_id, product_id, quantity, unit_price, discount) VALUES (NULL, 260, 36, 1, 498.42, 10);
INSERT INTO Payments (payment_id, order_id, payment_date, payment_method, amount, currency) VALUES (NULL, 260, '2025-05-28 06:37:35.183786', 'PayPal', 1934.79, 'USD');
INSERT INTO Shipping (shipping_id, order_id, carrier, tracking_number, ship_date, delivery_date, status) VALUES (NULL, 260, 'DHL', 'TRK000260', '2025-06-04', '2025-03-04', 'Delivered');
INSERT INTO Orders (order_id, customer_id, order_date, status, shipping_address, total_amount) VALUES (261, 96, '2025-05-13 04:43:53.102849', 'Shipped', '511 Katrina Vista New Jennifershire, SC 82387', 231.84);
INSERT INTO Order_Items (order_item_id, order_id, product_id, quantity, unit_price, discount) VALUES (NULL, 261, 10, 1, 494.88, 15);
INSERT INTO Order_Items (order_item_id, order_id, product_id, quantity, unit_price, discount) VALUES (NULL, 261, 39, 3, 91.68, 5);
INSERT INTO Order_Items (order_item_id, order_id, product_id, quantity, unit_price, discount) VALUES (NULL, 261, 32, 2, 444.72, 10);
INSERT INTO Order_Items (order_item_id, order_id, product_id, quantity, unit_price, discount) VALUES (NULL, 261, 46, 3, 411.88, 0);
INSERT INTO Order_Items (order_item_id, order_id, product_id, quantity, unit_price, discount) VALUES (NULL, 261, 44, 1, 59.63, 15);
INSERT INTO Payments (payment_id, order_id, payment_date, payment_method, amount, currency) VALUES (NULL, 261, '2025-02-13 21:33:22.237348', 'Debit Card', 231.84, 'USD');
INSERT INTO Shipping (shipping_id, order_id, carrier, tracking_number, ship_date, delivery_date, status) VALUES (NULL, 261, 'FedEx', 'TRK000261', '2025-08-03', '2025-02-12', 'Delivered');
INSERT INTO Orders (order_id, customer_id, order_date, status, shipping_address, total_amount) VALUES (262, 109, '2025-08-20 15:43:34.190251', 'Shipped', '383 Smith Locks Suite 032 North Monicaport, WV 70296', 1729.96);
INSERT INTO Order_Items (order_item_id, order_id, product_id, quantity, unit_price, discount) VALUES (NULL, 262, 8, 3, 363.98, 15);
INSERT INTO Order_Items (order_item_id, order_id, product_id, quantity, unit_price, discount) VALUES (NULL, 262, 43, 2, 90.78, 10);
INSERT INTO Payments (payment_id, order_id, payment_date, payment_method, amount, currency) VALUES (NULL, 262, '2025-08-02 03:17:31.783723', 'Debit Card', 1729.96, 'USD');
INSERT INTO Shipping (shipping_id, order_id, carrier, tracking_number, ship_date, delivery_date, status) VALUES (NULL, 262, 'UPS', 'TRK000262', '2025-04-26', '2025-03-11', 'Delivered');
INSERT INTO Orders (order_id, customer_id, order_date, status, shipping_address, total_amount) VALUES (263, 158, '2025-05-22 18:05:35.218228', 'Shipped', 'Unit 9036 Box 2543 DPO AE 83592', 295.2);
INSERT INTO Order_Items (order_item_id, order_id, product_id, quantity, unit_price, discount) VALUES (NULL, 263, 30, 1, 89.21, 0);
INSERT INTO Payments (payment_id, order_id, payment_date, payment_method, amount, currency) VALUES (NULL, 263, '2025-04-27 17:46:58.314573', 'Credit Card', 295.2, 'USD');
INSERT INTO Shipping (shipping_id, order_id, carrier, tracking_number, ship_date, delivery_date, status) VALUES (NULL, 263, 'UPS', 'TRK000263', '2025-02-06', '2025-06-04', 'Delivered');
INSERT INTO Orders (order_id, customer_id, order_date, status, shipping_address, total_amount) VALUES (264, 5, '2025-06-11 19:00:44.668624', 'Shipped', '24512 Derrick Place New Jorgemouth, WI 43526', 2935.14);
INSERT INTO Order_Items (order_item_id, order_id, product_id, quantity, unit_price, discount) VALUES (NULL, 264, 14, 2, 486.82, 5);
INSERT INTO Order_Items (order_item_id, order_id, product_id, quantity, unit_price, discount) VALUES (NULL, 264, 45, 2, 160.59, 10);
INSERT INTO Order_Items (order_item_id, order_id, product_id, quantity, unit_price, discount) VALUES (NULL, 264, 49, 3, 171.2, 15);
INSERT INTO Order_Items (order_item_id, order_id, product_id, quantity, unit_price, discount) VALUES (NULL, 264, 12, 2, 118.37, 15);
INSERT INTO Order_Items (order_item_id, order_id, product_id, quantity, unit_price, discount) VALUES (NULL, 264, 44, 2, 242.08, 0);
INSERT INTO Payments (payment_id, order_id, payment_date, payment_method, amount, currency) VALUES (NULL, 264, '2025-03-17 03:23:04.535838', 'PayPal', 2935.14, 'USD');
INSERT INTO Shipping (shipping_id, order_id, carrier, tracking_number, ship_date, delivery_date, status) VALUES (NULL, 264, 'DHL', 'TRK000264', '2025-08-13', '2025-06-14', 'Delivered');
INSERT INTO Orders (order_id, customer_id, order_date, status, shipping_address, total_amount) VALUES (265, 5, '2025-05-25 03:23:32.300973', 'Shipped', '26450 Casey Land Gibsonton, AZ 52936', 1384.6);
INSERT INTO Order_Items (order_item_id, order_id, product_id, quantity, unit_price, discount) VALUES (NULL, 265, 7, 1, 141.71, 10);
INSERT INTO Order_Items (order_item_id, order_id, product_id, quantity, unit_price, discount) VALUES (NULL, 265, 41, 3, 422.44, 10);
INSERT INTO Payments (payment_id, order_id, payment_date, payment_method, amount, currency) VALUES (NULL, 265, '2025-05-03 19:39:02.695181', 'PayPal', 1384.6, 'USD');
INSERT INTO Shipping (shipping_id, order_id, carrier, tracking_number, ship_date, delivery_date, status) VALUES (NULL, 265, 'FedEx', 'TRK000265', '2025-08-24', '2025-01-03', 'Delivered');
INSERT INTO Orders (order_id, customer_id, order_date, status, shipping_address, total_amount) VALUES (266, 120, '2025-06-26 08:44:25.979790', 'Shipped', '270 Danny Hills South Jasonton, MD 23004', 392.37);
INSERT INTO Order_Items (order_item_id, order_id, product_id, quantity, unit_price, discount) VALUES (NULL, 266, 15, 1, 101.93, 10);
INSERT INTO Payments (payment_id, order_id, payment_date, payment_method, amount, currency) VALUES (NULL, 266, '2025-02-05 02:04:42.394902', 'PayPal', 392.37, 'USD');
INSERT INTO Shipping (shipping_id, order_id, carrier, tracking_number, ship_date, delivery_date, status) VALUES (NULL, 266, 'UPS', 'TRK000266', '2025-02-26', '2025-05-22', 'Delivered');
INSERT INTO Orders (order_id, customer_id, order_date, status, shipping_address, total_amount) VALUES (267, 159, '2025-05-29 13:18:45.739452', 'Shipped', 'PSC 3468, Box 1552 APO AP 69871', 2709.02);
INSERT INTO Order_Items (order_item_id, order_id, product_id, quantity, unit_price, discount) VALUES (NULL, 267, 49, 3, 300.2, 5);
INSERT INTO Order_Items (order_item_id, order_id, product_id, quantity, unit_price, discount) VALUES (NULL, 267, 40, 3, 191.63, 15);
INSERT INTO Payments (payment_id, order_id, payment_date, payment_method, amount, currency) VALUES (NULL, 267, '2025-07-24 22:24:42.215437', 'Credit Card', 2709.02, 'USD');
INSERT INTO Shipping (shipping_id, order_id, carrier, tracking_number, ship_date, delivery_date, status) VALUES (NULL, 267, 'FedEx', 'TRK000267', '2025-07-27', '2025-04-15', 'Delivered');
INSERT INTO Orders (order_id, customer_id, order_date, status, shipping_address, total_amount) VALUES (268, 86, '2025-08-03 05:30:37.738950', 'Shipped', '0601 Schwartz Center Apt. 720 Jonesmouth, OH 96440', 2162.02);
INSERT INTO Order_Items (order_item_id, order_id, product_id, quantity, unit_price, discount) VALUES (NULL, 268, 42, 3, 290.37, 0);
INSERT INTO Order_Items (order_item_id, order_id, product_id, quantity, unit_price, discount) VALUES (NULL, 268, 23, 2, 296.3, 0);
INSERT INTO Payments (payment_id, order_id, payment_date, payment_method, amount, currency) VALUES (NULL, 268, '2025-03-03 07:36:11.169622', 'PayPal', 2162.02, 'USD');
INSERT INTO Shipping (shipping_id, order_id, carrier, tracking_number, ship_date, delivery_date, status) VALUES (NULL, 268, 'FedEx', 'TRK000268', '2025-01-13', '2025-01-18', 'Delivered');
INSERT INTO Orders (order_id, customer_id, order_date, status, shipping_address, total_amount) VALUES (269, 100, '2025-07-10 14:15:26.009763', 'Shipped', '186 Smith Parkways Nicholsville, DC 55849', 760.85);
INSERT INTO Order_Items (order_item_id, order_id, product_id, quantity, unit_price, discount) VALUES (NULL, 269, 43, 3, 222.08, 5);
INSERT INTO Payments (payment_id, order_id, payment_date, payment_method, amount, currency) VALUES (NULL, 269, '2025-01-30 07:44:22.042837', 'Debit Card', 760.85, 'USD');
INSERT INTO Shipping (shipping_id, order_id, carrier, tracking_number, ship_date, delivery_date, status) VALUES (NULL, 269, 'FedEx', 'TRK000269', '2025-08-11', '2025-01-19', 'Delivered');
INSERT INTO Orders (order_id, customer_id, order_date, status, shipping_address, total_amount) VALUES (270, 145, '2025-06-21 04:10:28.161240', 'Shipped', '55060 Laurie Villages Suite 662 Lake Christianchester, AR 17202', 1410.85);
INSERT INTO Order_Items (order_item_id, order_id, product_id, quantity, unit_price, discount) VALUES (NULL, 270, 12, 2, 52.86, 10);
INSERT INTO Order_Items (order_item_id, order_id, product_id, quantity, unit_price, discount) VALUES (NULL, 270, 36, 3, 163.87, 15);
INSERT INTO Order_Items (order_item_id, order_id, product_id, quantity, unit_price, discount) VALUES (NULL, 270, 16, 1, 239.92, 5);
INSERT INTO Payments (payment_id, order_id, payment_date, payment_method, amount, currency) VALUES (NULL, 270, '2025-03-15 02:26:14.331378', 'PayPal', 1410.85, 'USD');
INSERT INTO Shipping (shipping_id, order_id, carrier, tracking_number, ship_date, delivery_date, status) VALUES (NULL, 270, 'DHL', 'TRK000270', '2025-04-19', '2025-06-26', 'Delivered');
INSERT INTO Orders (order_id, customer_id, order_date, status, shipping_address, total_amount) VALUES (271, 186, '2025-06-10 20:34:18.675556', 'Shipped', '49269 Horn Forest Apt. 293 Cynthialand, SC 85121', 27.28);
INSERT INTO Order_Items (order_item_id, order_id, product_id, quantity, unit_price, discount) VALUES (NULL, 271, 3, 1, 208.85, 10);
INSERT INTO Order_Items (order_item_id, order_id, product_id, quantity, unit_price, discount) VALUES (NULL, 271, 18, 1, 72.65, 10);
INSERT INTO Payments (payment_id, order_id, payment_date, payment_method, amount, currency) VALUES (NULL, 271, '2025-03-23 17:36:59.974753', 'Credit Card', 27.28, 'USD');
INSERT INTO Shipping (shipping_id, order_id, carrier, tracking_number, ship_date, delivery_date, status) VALUES (NULL, 271, 'UPS', 'TRK000271', '2025-06-21', '2025-07-11', 'Delivered');
INSERT INTO Orders (order_id, customer_id, order_date, status, shipping_address, total_amount) VALUES (272, 46, '2025-02-19 01:33:12.310617', 'Shipped', '3464 Ruiz Hills Apt. 334 North Michaelmouth, CT 26868', 197.81);
INSERT INTO Order_Items (order_item_id, order_id, product_id, quantity, unit_price, discount) VALUES (NULL, 272, 42, 2, 134.33, 10);
INSERT INTO Order_Items (order_item_id, order_id, product_id, quantity, unit_price, discount) VALUES (NULL, 272, 16, 1, 228.51, 15);
INSERT INTO Payments (payment_id, order_id, payment_date, payment_method, amount, currency) VALUES (NULL, 272, '2025-04-30 18:42:13.400377', 'PayPal', 197.81, 'USD');
INSERT INTO Shipping (shipping_id, order_id, carrier, tracking_number, ship_date, delivery_date, status) VALUES (NULL, 272, 'FedEx', 'TRK000272', '2025-06-03', '2025-05-03', 'Delivered');
INSERT INTO Orders (order_id, customer_id, order_date, status, shipping_address, total_amount) VALUES (273, 193, '2025-07-30 16:39:47.672053', 'Shipped', '39391 Cohen Hill Moniqueland, IA 95335', 2001.44);
INSERT INTO Order_Items (order_item_id, order_id, product_id, quantity, unit_price, discount) VALUES (NULL, 273, 38, 3, 144.11, 15);
INSERT INTO Order_Items (order_item_id, order_id, product_id, quantity, unit_price, discount) VALUES (NULL, 273, 25, 2, 121.73, 10);
INSERT INTO Payments (payment_id, order_id, payment_date, payment_method, amount, currency) VALUES (NULL, 273, '2025-04-14 19:09:34.405050', 'Credit Card', 2001.44, 'USD');
INSERT INTO Shipping (shipping_id, order_id, carrier, tracking_number, ship_date, delivery_date, status) VALUES (NULL, 273, 'FedEx', 'TRK000273', '2025-05-23', '2025-07-04', 'Delivered');
INSERT INTO Orders (order_id, customer_id, order_date, status, shipping_address, total_amount) VALUES (274, 11, '2025-07-19 07:17:48.663752', 'Shipped', '039 Jonathon River West Anthony, NJ 23972', 2148.53);
INSERT INTO Order_Items (order_item_id, order_id, product_id, quantity, unit_price, discount) VALUES (NULL, 274, 40, 3, 315.45, 5);
INSERT INTO Order_Items (order_item_id, order_id, product_id, quantity, unit_price, discount) VALUES (NULL, 274, 3, 2, 91.06, 15);
INSERT INTO Order_Items (order_item_id, order_id, product_id, quantity, unit_price, discount) VALUES (NULL, 274, 48, 1, 270.27, 5);
INSERT INTO Order_Items (order_item_id, order_id, product_id, quantity, unit_price, discount) VALUES (NULL, 274, 12, 1, 474.81, 0);
INSERT INTO Order_Items (order_item_id, order_id, product_id, quantity, unit_price, discount) VALUES (NULL, 274, 30, 1, 108.29, 0);
INSERT INTO Payments (payment_id, order_id, payment_date, payment_method, amount, currency) VALUES (NULL, 274, '2025-06-11 14:23:25.477685', 'Credit Card', 2148.53, 'USD');
INSERT INTO Shipping (shipping_id, order_id, carrier, tracking_number, ship_date, delivery_date, status) VALUES (NULL, 274, 'UPS', 'TRK000274', '2025-06-03', '2025-05-03', 'Delivered');
INSERT INTO Orders (order_id, customer_id, order_date, status, shipping_address, total_amount) VALUES (275, 102, '2025-06-18 10:30:56.457501', 'Shipped', '5248 Smith Row Apt. 653 East Kaylaland, ND 46675', 1817.41);
INSERT INTO Order_Items (order_item_id, order_id, product_id, quantity, unit_price, discount) VALUES (NULL, 275, 31, 3, 109.37, 5);
INSERT INTO Order_Items (order_item_id, order_id, product_id, quantity, unit_price, discount) VALUES (NULL, 275, 22, 2, 149.13, 15);
INSERT INTO Order_Items (order_item_id, order_id, product_id, quantity, unit_price, discount) VALUES (NULL, 275, 22, 2, 342.43, 10);
INSERT INTO Order_Items (order_item_id, order_id, product_id, quantity, unit_price, discount) VALUES (NULL, 275, 36, 3, 209.12, 5);
INSERT INTO Order_Items (order_item_id, order_id, product_id, quantity, unit_price, discount) VALUES (NULL, 275, 28, 3, 344.95, 5);
INSERT INTO Payments (payment_id, order_id, payment_date, payment_method, amount, currency) VALUES (NULL, 275, '2025-08-26 15:24:56.400953', 'PayPal', 1817.41, 'USD');
INSERT INTO Shipping (shipping_id, order_id, carrier, tracking_number, ship_date, delivery_date, status) VALUES (NULL, 275, 'UPS', 'TRK000275', '2025-05-24', '2025-01-23', 'Delivered');
INSERT INTO Orders (order_id, customer_id, order_date, status, shipping_address, total_amount) VALUES (276, 57, '2025-01-05 21:15:42.904274', 'Shipped', '39559 Dominique Valley Suite 819 Adrianchester, IL 46009', 1793.05);
INSERT INTO Order_Items (order_item_id, order_id, product_id, quantity, unit_price, discount) VALUES (NULL, 276, 11, 1, 104.99, 0);
INSERT INTO Order_Items (order_item_id, order_id, product_id, quantity, unit_price, discount) VALUES (NULL, 276, 13, 3, 445.23, 5);
INSERT INTO Payments (payment_id, order_id, payment_date, payment_method, amount, currency) VALUES (NULL, 276, '2025-04-19 22:56:53.180496', 'Debit Card', 1793.05, 'USD');
INSERT INTO Shipping (shipping_id, order_id, carrier, tracking_number, ship_date, delivery_date, status) VALUES (NULL, 276, 'DHL', 'TRK000276', '2025-02-26', '2025-05-10', 'Delivered');
INSERT INTO Orders (order_id, customer_id, order_date, status, shipping_address, total_amount) VALUES (277, 144, '2025-05-04 03:35:29.637074', 'Shipped', '268 Christina Views Suite 646 South Christina, SC 43430', 2524.8);
INSERT INTO Order_Items (order_item_id, order_id, product_id, quantity, unit_price, discount) VALUES (NULL, 277, 46, 2, 411.88, 15);
INSERT INTO Order_Items (order_item_id, order_id, product_id, quantity, unit_price, discount) VALUES (NULL, 277, 28, 2, 488.47, 15);
INSERT INTO Order_Items (order_item_id, order_id, product_id, quantity, unit_price, discount) VALUES (NULL, 277, 4, 1, 474.15, 15);
INSERT INTO Order_Items (order_item_id, order_id, product_id, quantity, unit_price, discount) VALUES (NULL, 277, 48, 1, 56.51, 0);
INSERT INTO Order_Items (order_item_id, order_id, product_id, quantity, unit_price, discount) VALUES (NULL, 277, 10, 3, 288.21, 5);
INSERT INTO Payments (payment_id, order_id, payment_date, payment_method, amount, currency) VALUES (NULL, 277, '2025-03-15 00:10:20.571158', 'PayPal', 2524.8, 'USD');
INSERT INTO Shipping (shipping_id, order_id, carrier, tracking_number, ship_date, delivery_date, status) VALUES (NULL, 277, 'DHL', 'TRK000277', '2025-04-04', '2025-01-05', 'Delivered');
INSERT INTO Orders (order_id, customer_id, order_date, status, shipping_address, total_amount) VALUES (278, 69, '2025-03-23 19:25:13.974567', 'Shipped', '8130 Sheila Shores Suite 111 Rachelfort, MT 80573', 39.53);
INSERT INTO Order_Items (order_item_id, order_id, product_id, quantity, unit_price, discount) VALUES (NULL, 278, 29, 1, 180.68, 10);
INSERT INTO Order_Items (order_item_id, order_id, product_id, quantity, unit_price, discount) VALUES (NULL, 278, 24, 1, 468.27, 10);
INSERT INTO Order_Items (order_item_id, order_id, product_id, quantity, unit_price, discount) VALUES (NULL, 278, 34, 3, 125.36, 10);
INSERT INTO Order_Items (order_item_id, order_id, product_id, quantity, unit_price, discount) VALUES (NULL, 278, 49, 3, 114.54, 0);
INSERT INTO Order_Items (order_item_id, order_id, product_id, quantity, unit_price, discount) VALUES (NULL, 278, 7, 3, 481.8, 0);
INSERT INTO Payments (payment_id, order_id, payment_date, payment_method, amount, currency) VALUES (NULL, 278, '2025-03-06 23:59:38.251965', 'Credit Card', 39.53, 'USD');
INSERT INTO Shipping (shipping_id, order_id, carrier, tracking_number, ship_date, delivery_date, status) VALUES (NULL, 278, 'UPS', 'TRK000278', '2025-03-20', '2025-05-01', 'Delivered');
INSERT INTO Orders (order_id, customer_id, order_date, status, shipping_address, total_amount) VALUES (279, 126, '2025-07-06 22:28:22.086226', 'Shipped', '849 Robinson Turnpike Christianport, PW 62490', 2432.72);
INSERT INTO Order_Items (order_item_id, order_id, product_id, quantity, unit_price, discount) VALUES (NULL, 279, 27, 1, 326.53, 15);
INSERT INTO Payments (payment_id, order_id, payment_date, payment_method, amount, currency) VALUES (NULL, 279, '2025-04-30 22:45:28.691000', 'PayPal', 2432.72, 'USD');
INSERT INTO Shipping (shipping_id, order_id, carrier, tracking_number, ship_date, delivery_date, status) VALUES (NULL, 279, 'UPS', 'TRK000279', '2025-05-07', '2025-01-09', 'Delivered');
INSERT INTO Orders (order_id, customer_id, order_date, status, shipping_address, total_amount) VALUES (280, 29, '2025-06-04 09:09:44.566354', 'Shipped', 'Unit 3167 Box 9708 DPO AA 25445', 2331.75);
INSERT INTO Order_Items (order_item_id, order_id, product_id, quantity, unit_price, discount) VALUES (NULL, 280, 11, 2, 495.18, 15);
INSERT INTO Order_Items (order_item_id, order_id, product_id, quantity, unit_price, discount) VALUES (NULL, 280, 8, 3, 44.95, 10);
INSERT INTO Payments (payment_id, order_id, payment_date, payment_method, amount, currency) VALUES (NULL, 280, '2025-02-22 19:04:05.033761', 'Credit Card', 2331.75, 'USD');
INSERT INTO Shipping (shipping_id, order_id, carrier, tracking_number, ship_date, delivery_date, status) VALUES (NULL, 280, 'FedEx', 'TRK000280', '2025-05-04', '2025-06-15', 'Delivered');
INSERT INTO Orders (order_id, customer_id, order_date, status, shipping_address, total_amount) VALUES (281, 32, '2025-03-16 19:30:46.954627', 'Shipped', '3059 Richard Cape Lake Martinmouth, UT 88053', 1219.48);
INSERT INTO Order_Items (order_item_id, order_id, product_id, quantity, unit_price, discount) VALUES (NULL, 281, 20, 2, 246.56, 0);
INSERT INTO Order_Items (order_item_id, order_id, product_id, quantity, unit_price, discount) VALUES (NULL, 281, 42, 3, 31.44, 10);
INSERT INTO Order_Items (order_item_id, order_id, product_id, quantity, unit_price, discount) VALUES (NULL, 281, 37, 3, 396.19, 0);
INSERT INTO Order_Items (order_item_id, order_id, product_id, quantity, unit_price, discount) VALUES (NULL, 281, 8, 2, 393.18, 0);
INSERT INTO Payments (payment_id, order_id, payment_date, payment_method, amount, currency) VALUES (NULL, 281, '2025-07-13 12:58:12.341683', 'PayPal', 1219.48, 'USD');
INSERT INTO Shipping (shipping_id, order_id, carrier, tracking_number, ship_date, delivery_date, status) VALUES (NULL, 281, 'UPS', 'TRK000281', '2025-03-16', '2025-05-17', 'Delivered');
INSERT INTO Orders (order_id, customer_id, order_date, status, shipping_address, total_amount) VALUES (282, 145, '2025-01-15 15:24:32.221550', 'Shipped', '67697 Michelle Centers Suite 407 Port Davidbury, PA 80213', 2184.24);
INSERT INTO Order_Items (order_item_id, order_id, product_id, quantity, unit_price, discount) VALUES (NULL, 282, 35, 3, 58.61, 10);
INSERT INTO Payments (payment_id, order_id, payment_date, payment_method, amount, currency) VALUES (NULL, 282, '2025-01-03 00:11:10.751077', 'Debit Card', 2184.24, 'USD');
INSERT INTO Shipping (shipping_id, order_id, carrier, tracking_number, ship_date, delivery_date, status) VALUES (NULL, 282, 'DHL', 'TRK000282', '2025-03-18', '2025-04-04', 'Delivered');
INSERT INTO Orders (order_id, customer_id, order_date, status, shipping_address, total_amount) VALUES (283, 195, '2025-01-23 13:14:59.115969', 'Shipped', '1043 Clark Park North Russellmouth, SC 54946', 1117.8);
INSERT INTO Order_Items (order_item_id, order_id, product_id, quantity, unit_price, discount) VALUES (NULL, 283, 13, 2, 228.88, 15);
INSERT INTO Order_Items (order_item_id, order_id, product_id, quantity, unit_price, discount) VALUES (NULL, 283, 25, 3, 305.58, 5);
INSERT INTO Order_Items (order_item_id, order_id, product_id, quantity, unit_price, discount) VALUES (NULL, 283, 19, 1, 191.51, 15);
INSERT INTO Order_Items (order_item_id, order_id, product_id, quantity, unit_price, discount) VALUES (NULL, 283, 17, 1, 253.78, 10);
INSERT INTO Payments (payment_id, order_id, payment_date, payment_method, amount, currency) VALUES (NULL, 283, '2025-01-28 02:13:06.126630', 'PayPal', 1117.8, 'USD');
INSERT INTO Shipping (shipping_id, order_id, carrier, tracking_number, ship_date, delivery_date, status) VALUES (NULL, 283, 'FedEx', 'TRK000283', '2025-06-12', '2025-02-19', 'Delivered');
INSERT INTO Orders (order_id, customer_id, order_date, status, shipping_address, total_amount) VALUES (284, 200, '2025-02-12 23:51:55.840877', 'Shipped', '09926 Hopkins Port Suite 327 East Jason, OK 28635', 2401.21);
INSERT INTO Order_Items (order_item_id, order_id, product_id, quantity, unit_price, discount) VALUES (NULL, 284, 28, 1, 423.81, 0);
INSERT INTO Payments (payment_id, order_id, payment_date, payment_method, amount, currency) VALUES (NULL, 284, '2025-04-19 03:27:14.619322', 'PayPal', 2401.21, 'USD');
INSERT INTO Shipping (shipping_id, order_id, carrier, tracking_number, ship_date, delivery_date, status) VALUES (NULL, 284, 'UPS', 'TRK000284', '2025-06-23', '2025-05-17', 'Delivered');
INSERT INTO Orders (order_id, customer_id, order_date, status, shipping_address, total_amount) VALUES (285, 98, '2025-05-06 10:34:20.734702', 'Shipped', '6291 Bryant Corner New Elizabeth, IL 35091', 2323.2);
INSERT INTO Order_Items (order_item_id, order_id, product_id, quantity, unit_price, discount) VALUES (NULL, 285, 20, 2, 94.33, 15);
INSERT INTO Order_Items (order_item_id, order_id, product_id, quantity, unit_price, discount) VALUES (NULL, 285, 44, 1, 374.75, 10);
INSERT INTO Order_Items (order_item_id, order_id, product_id, quantity, unit_price, discount) VALUES (NULL, 285, 40, 3, 281.77, 10);
INSERT INTO Payments (payment_id, order_id, payment_date, payment_method, amount, currency) VALUES (NULL, 285, '2025-01-01 08:19:41.429880', 'Debit Card', 2323.2, 'USD');
INSERT INTO Shipping (shipping_id, order_id, carrier, tracking_number, ship_date, delivery_date, status) VALUES (NULL, 285, 'UPS', 'TRK000285', '2025-02-19', '2025-08-26', 'Delivered');
INSERT INTO Orders (order_id, customer_id, order_date, status, shipping_address, total_amount) VALUES (286, 3, '2025-08-06 04:31:55.053002', 'Shipped', '92064 Hardy Wells Apt. 810 Sandraview, MA 56950', 675.33);
INSERT INTO Order_Items (order_item_id, order_id, product_id, quantity, unit_price, discount) VALUES (NULL, 286, 20, 1, 69.92, 15);
INSERT INTO Payments (payment_id, order_id, payment_date, payment_method, amount, currency) VALUES (NULL, 286, '2025-01-15 18:34:53.662344', 'Credit Card', 675.33, 'USD');
INSERT INTO Shipping (shipping_id, order_id, carrier, tracking_number, ship_date, delivery_date, status) VALUES (NULL, 286, 'UPS', 'TRK000286', '2025-05-30', '2025-01-31', 'Delivered');
INSERT INTO Orders (order_id, customer_id, order_date, status, shipping_address, total_amount) VALUES (287, 158, '2025-05-24 05:52:44.176352', 'Shipped', '6714 Justin Causeway Apt. 044 New Brandi, DE 47673', 239.38);
INSERT INTO Order_Items (order_item_id, order_id, product_id, quantity, unit_price, discount) VALUES (NULL, 287, 46, 1, 44.19, 10);
INSERT INTO Order_Items (order_item_id, order_id, product_id, quantity, unit_price, discount) VALUES (NULL, 287, 45, 3, 411.72, 15);
INSERT INTO Order_Items (order_item_id, order_id, product_id, quantity, unit_price, discount) VALUES (NULL, 287, 20, 2, 38.01, 15);
INSERT INTO Payments (payment_id, order_id, payment_date, payment_method, amount, currency) VALUES (NULL, 287, '2025-03-25 21:14:27.199143', 'PayPal', 239.38, 'USD');
INSERT INTO Shipping (shipping_id, order_id, carrier, tracking_number, ship_date, delivery_date, status) VALUES (NULL, 287, 'UPS', 'TRK000287', '2025-07-26', '2025-07-09', 'Delivered');
INSERT INTO Orders (order_id, customer_id, order_date, status, shipping_address, total_amount) VALUES (288, 129, '2025-07-31 10:29:44.957932', 'Shipped', '5796 William Trail New Nicole, OR 97051', 2387.78);
INSERT INTO Order_Items (order_item_id, order_id, product_id, quantity, unit_price, discount) VALUES (NULL, 288, 23, 2, 155.74, 0);
INSERT INTO Order_Items (order_item_id, order_id, product_id, quantity, unit_price, discount) VALUES (NULL, 288, 34, 2, 460.64, 5);
INSERT INTO Payments (payment_id, order_id, payment_date, payment_method, amount, currency) VALUES (NULL, 288, '2025-01-21 13:10:24.405580', 'Credit Card', 2387.78, 'USD');
INSERT INTO Shipping (shipping_id, order_id, carrier, tracking_number, ship_date, delivery_date, status) VALUES (NULL, 288, 'FedEx', 'TRK000288', '2025-05-07', '2025-06-10', 'Delivered');
INSERT INTO Orders (order_id, customer_id, order_date, status, shipping_address, total_amount) VALUES (289, 36, '2025-01-08 14:44:54.756641', 'Shipped', '83329 Meyers Avenue Port Daniel, WV 11877', 1634.65);
INSERT INTO Order_Items (order_item_id, order_id, product_id, quantity, unit_price, discount) VALUES (NULL, 289, 6, 3, 283.52, 5);
INSERT INTO Order_Items (order_item_id, order_id, product_id, quantity, unit_price, discount) VALUES (NULL, 289, 37, 1, 187.35, 10);
INSERT INTO Payments (payment_id, order_id, payment_date, payment_method, amount, currency) VALUES (NULL, 289, '2025-05-25 02:12:51.455575', 'PayPal', 1634.65, 'USD');
INSERT INTO Shipping (shipping_id, order_id, carrier, tracking_number, ship_date, delivery_date, status) VALUES (NULL, 289, 'FedEx', 'TRK000289', '2025-07-13', '2025-04-18', 'Delivered');
INSERT INTO Orders (order_id, customer_id, order_date, status, shipping_address, total_amount) VALUES (290, 3, '2025-07-13 09:51:58.876208', 'Shipped', '0899 Leah Spurs West Megan, MS 52051', 2816.66);
INSERT INTO Order_Items (order_item_id, order_id, product_id, quantity, unit_price, discount) VALUES (NULL, 290, 40, 1, 373.44, 0);
INSERT INTO Order_Items (order_item_id, order_id, product_id, quantity, unit_price, discount) VALUES (NULL, 290, 16, 3, 154.51, 0);
INSERT INTO Order_Items (order_item_id, order_id, product_id, quantity, unit_price, discount) VALUES (NULL, 290, 13, 1, 185.86, 15);
INSERT INTO Order_Items (order_item_id, order_id, product_id, quantity, unit_price, discount) VALUES (NULL, 290, 30, 2, 231.55, 10);
INSERT INTO Order_Items (order_item_id, order_id, product_id, quantity, unit_price, discount) VALUES (NULL, 290, 46, 1, 310.71, 0);
INSERT INTO Payments (payment_id, order_id, payment_date, payment_method, amount, currency) VALUES (NULL, 290, '2025-03-16 10:48:34.893462', 'Credit Card', 2816.66, 'USD');
INSERT INTO Shipping (shipping_id, order_id, carrier, tracking_number, ship_date, delivery_date, status) VALUES (NULL, 290, 'DHL', 'TRK000290', '2025-01-27', '2025-06-22', 'Delivered');
INSERT INTO Orders (order_id, customer_id, order_date, status, shipping_address, total_amount) VALUES (291, 2, '2025-07-06 09:10:12.728795', 'Shipped', '380 James Gardens Danielbury, TN 51914', 865.1);
INSERT INTO Order_Items (order_item_id, order_id, product_id, quantity, unit_price, discount) VALUES (NULL, 291, 49, 1, 236.08, 15);
INSERT INTO Payments (payment_id, order_id, payment_date, payment_method, amount, currency) VALUES (NULL, 291, '2025-06-18 02:13:42.962590', 'Credit Card', 865.1, 'USD');
INSERT INTO Shipping (shipping_id, order_id, carrier, tracking_number, ship_date, delivery_date, status) VALUES (NULL, 291, 'DHL', 'TRK000291', '2025-07-20', '2025-06-13', 'Delivered');
INSERT INTO Orders (order_id, customer_id, order_date, status, shipping_address, total_amount) VALUES (292, 73, '2025-07-04 10:08:44.382828', 'Shipped', '18101 Davis Points Apt. 174 New Shawn, MP 95401', 1830.48);
INSERT INTO Order_Items (order_item_id, order_id, product_id, quantity, unit_price, discount) VALUES (NULL, 292, 1, 1, 168.74, 15);
INSERT INTO Payments (payment_id, order_id, payment_date, payment_method, amount, currency) VALUES (NULL, 292, '2025-04-24 04:20:06.393549', 'Debit Card', 1830.48, 'USD');
INSERT INTO Shipping (shipping_id, order_id, carrier, tracking_number, ship_date, delivery_date, status) VALUES (NULL, 292, 'UPS', 'TRK000292', '2025-02-28', '2025-07-05', 'Delivered');
INSERT INTO Orders (order_id, customer_id, order_date, status, shipping_address, total_amount) VALUES (293, 48, '2025-03-21 06:06:28.462470', 'Shipped', '88438 Kathryn Common West Stephanie, GU 71576', 2711.34);
INSERT INTO Order_Items (order_item_id, order_id, product_id, quantity, unit_price, discount) VALUES (NULL, 293, 25, 2, 455.3, 10);
INSERT INTO Order_Items (order_item_id, order_id, product_id, quantity, unit_price, discount) VALUES (NULL, 293, 13, 3, 396.38, 5);
INSERT INTO Order_Items (order_item_id, order_id, product_id, quantity, unit_price, discount) VALUES (NULL, 293, 22, 2, 148.47, 10);
INSERT INTO Order_Items (order_item_id, order_id, product_id, quantity, unit_price, discount) VALUES (NULL, 293, 22, 2, 261.05, 10);
INSERT INTO Payments (payment_id, order_id, payment_date, payment_method, amount, currency) VALUES (NULL, 293, '2025-08-01 22:10:22.396322', 'PayPal', 2711.34, 'USD');
INSERT INTO Shipping (shipping_id, order_id, carrier, tracking_number, ship_date, delivery_date, status) VALUES (NULL, 293, 'UPS', 'TRK000293', '2025-08-03', '2025-06-06', 'Delivered');
INSERT INTO Orders (order_id, customer_id, order_date, status, shipping_address, total_amount) VALUES (294, 38, '2025-05-16 13:52:48.902396', 'Shipped', '8330 Burton Extensions Apt. 617 Maryborough, UT 40647', 1486.76);
INSERT INTO Order_Items (order_item_id, order_id, product_id, quantity, unit_price, discount) VALUES (NULL, 294, 34, 3, 276.82, 0);
INSERT INTO Order_Items (order_item_id, order_id, product_id, quantity, unit_price, discount) VALUES (NULL, 294, 35, 3, 71.88, 0);
INSERT INTO Order_Items (order_item_id, order_id, product_id, quantity, unit_price, discount) VALUES (NULL, 294, 31, 1, 274.14, 5);
INSERT INTO Order_Items (order_item_id, order_id, product_id, quantity, unit_price, discount) VALUES (NULL, 294, 7, 2, 384.47, 5);
INSERT INTO Order_Items (order_item_id, order_id, product_id, quantity, unit_price, discount) VALUES (NULL, 294, 46, 1, 196.05, 5);
INSERT INTO Payments (payment_id, order_id, payment_date, payment_method, amount, currency) VALUES (NULL, 294, '2025-09-02 23:08:50.390632', 'PayPal', 1486.76, 'USD');
INSERT INTO Shipping (shipping_id, order_id, carrier, tracking_number, ship_date, delivery_date, status) VALUES (NULL, 294, 'DHL', 'TRK000294', '2025-08-26', '2025-07-12', 'Delivered');
INSERT INTO Orders (order_id, customer_id, order_date, status, shipping_address, total_amount) VALUES (295, 94, '2025-07-21 16:11:09.547887', 'Shipped', '806 Wiggins Neck Suite 771 West Sheri, AZ 65904', 1384.85);
INSERT INTO Order_Items (order_item_id, order_id, product_id, quantity, unit_price, discount) VALUES (NULL, 295, 27, 1, 190.95, 0);
INSERT INTO Order_Items (order_item_id, order_id, product_id, quantity, unit_price, discount) VALUES (NULL, 295, 42, 1, 189.27, 10);
INSERT INTO Order_Items (order_item_id, order_id, product_id, quantity, unit_price, discount) VALUES (NULL, 295, 43, 3, 145.2, 10);
INSERT INTO Order_Items (order_item_id, order_id, product_id, quantity, unit_price, discount) VALUES (NULL, 295, 35, 2, 181.92, 5);
INSERT INTO Order_Items (order_item_id, order_id, product_id, quantity, unit_price, discount) VALUES (NULL, 295, 19, 3, 59.74, 0);
INSERT INTO Payments (payment_id, order_id, payment_date, payment_method, amount, currency) VALUES (NULL, 295, '2025-04-13 03:05:42.408714', 'PayPal', 1384.85, 'USD');
INSERT INTO Shipping (shipping_id, order_id, carrier, tracking_number, ship_date, delivery_date, status) VALUES (NULL, 295, 'DHL', 'TRK000295', '2025-07-20', '2025-02-27', 'Delivered');
INSERT INTO Orders (order_id, customer_id, order_date, status, shipping_address, total_amount) VALUES (296, 145, '2025-08-20 22:08:44.755799', 'Shipped', 'USNS Delacruz FPO AE 16959', 2914.03);
INSERT INTO Order_Items (order_item_id, order_id, product_id, quantity, unit_price, discount) VALUES (NULL, 296, 42, 3, 41.92, 5);
INSERT INTO Order_Items (order_item_id, order_id, product_id, quantity, unit_price, discount) VALUES (NULL, 296, 18, 1, 339.92, 5);
INSERT INTO Order_Items (order_item_id, order_id, product_id, quantity, unit_price, discount) VALUES (NULL, 296, 10, 2, 71.25, 5);
INSERT INTO Payments (payment_id, order_id, payment_date, payment_method, amount, currency) VALUES (NULL, 296, '2025-02-03 16:54:30.934770', 'PayPal', 2914.03, 'USD');
INSERT INTO Shipping (shipping_id, order_id, carrier, tracking_number, ship_date, delivery_date, status) VALUES (NULL, 296, 'UPS', 'TRK000296', '2025-02-12', '2025-04-24', 'Delivered');
INSERT INTO Orders (order_id, customer_id, order_date, status, shipping_address, total_amount) VALUES (297, 122, '2025-05-19 00:27:58.886580', 'Shipped', '131 Roberta Walks Lukeborough, PA 08006', 216.48);
INSERT INTO Order_Items (order_item_id, order_id, product_id, quantity, unit_price, discount) VALUES (NULL, 297, 46, 2, 47.77, 15);
INSERT INTO Order_Items (order_item_id, order_id, product_id, quantity, unit_price, discount) VALUES (NULL, 297, 15, 3, 331.87, 0);
INSERT INTO Order_Items (order_item_id, order_id, product_id, quantity, unit_price, discount) VALUES (NULL, 297, 49, 2, 491.21, 15);
INSERT INTO Payments (payment_id, order_id, payment_date, payment_method, amount, currency) VALUES (NULL, 297, '2025-03-02 03:59:38.063423', 'Credit Card', 216.48, 'USD');
INSERT INTO Shipping (shipping_id, order_id, carrier, tracking_number, ship_date, delivery_date, status) VALUES (NULL, 297, 'UPS', 'TRK000297', '2025-08-21', '2025-02-08', 'Delivered');
INSERT INTO Orders (order_id, customer_id, order_date, status, shipping_address, total_amount) VALUES (298, 51, '2025-01-11 21:27:07.187843', 'Shipped', '9298 Kirby Junctions Washingtonchester, TX 88083', 2193.8);
INSERT INTO Order_Items (order_item_id, order_id, product_id, quantity, unit_price, discount) VALUES (NULL, 298, 50, 1, 247.27, 5);
INSERT INTO Order_Items (order_item_id, order_id, product_id, quantity, unit_price, discount) VALUES (NULL, 298, 28, 1, 412.84, 15);
INSERT INTO Order_Items (order_item_id, order_id, product_id, quantity, unit_price, discount) VALUES (NULL, 298, 40, 2, 447.13, 15);
INSERT INTO Order_Items (order_item_id, order_id, product_id, quantity, unit_price, discount) VALUES (NULL, 298, 33, 2, 196.73, 0);
INSERT INTO Order_Items (order_item_id, order_id, product_id, quantity, unit_price, discount) VALUES (NULL, 298, 3, 2, 255.38, 5);
INSERT INTO Payments (payment_id, order_id, payment_date, payment_method, amount, currency) VALUES (NULL, 298, '2025-01-07 18:58:45.598534', 'Credit Card', 2193.8, 'USD');
INSERT INTO Shipping (shipping_id, order_id, carrier, tracking_number, ship_date, delivery_date, status) VALUES (NULL, 298, 'UPS', 'TRK000298', '2025-07-22', '2025-02-12', 'Delivered');
INSERT INTO Orders (order_id, customer_id, order_date, status, shipping_address, total_amount) VALUES (299, 125, '2025-08-29 06:24:38.823335', 'Shipped', 'Unit 9398 Box 2071 DPO AA 80774', 1381.81);
INSERT INTO Order_Items (order_item_id, order_id, product_id, quantity, unit_price, discount) VALUES (NULL, 299, 47, 2, 280.95, 10);
INSERT INTO Order_Items (order_item_id, order_id, product_id, quantity, unit_price, discount) VALUES (NULL, 299, 1, 3, 244.47, 0);
INSERT INTO Order_Items (order_item_id, order_id, product_id, quantity, unit_price, discount) VALUES (NULL, 299, 31, 3, 40.92, 5);
INSERT INTO Order_Items (order_item_id, order_id, product_id, quantity, unit_price, discount) VALUES (NULL, 299, 48, 2, 411.28, 0);
INSERT INTO Payments (payment_id, order_id, payment_date, payment_method, amount, currency) VALUES (NULL, 299, '2025-03-07 09:34:56.155198', 'Debit Card', 1381.81, 'USD');
INSERT INTO Shipping (shipping_id, order_id, carrier, tracking_number, ship_date, delivery_date, status) VALUES (NULL, 299, 'UPS', 'TRK000299', '2025-04-11', '2025-08-04', 'Delivered');
INSERT INTO Orders (order_id, customer_id, order_date, status, shipping_address, total_amount) VALUES (300, 131, '2025-01-07 16:31:20.349554', 'Shipped', '94572 Matthew Gateway Suite 172 West Josephberg, GU 38142', 878.66);
INSERT INTO Order_Items (order_item_id, order_id, product_id, quantity, unit_price, discount) VALUES (NULL, 300, 39, 3, 29.97, 10);
INSERT INTO Order_Items (order_item_id, order_id, product_id, quantity, unit_price, discount) VALUES (NULL, 300, 2, 1, 223.8, 0);
INSERT INTO Order_Items (order_item_id, order_id, product_id, quantity, unit_price, discount) VALUES (NULL, 300, 18, 2, 222.67, 10);
INSERT INTO Order_Items (order_item_id, order_id, product_id, quantity, unit_price, discount) VALUES (NULL, 300, 19, 3, 359.51, 10);
INSERT INTO Order_Items (order_item_id, order_id, product_id, quantity, unit_price, discount) VALUES (NULL, 300, 4, 3, 445.17, 0);
INSERT INTO Payments (payment_id, order_id, payment_date, payment_method, amount, currency) VALUES (NULL, 300, '2025-07-28 14:27:48.712083', 'Credit Card', 878.66, 'USD');
INSERT INTO Shipping (shipping_id, order_id, carrier, tracking_number, ship_date, delivery_date, status) VALUES (NULL, 300, 'FedEx', 'TRK000300', '2025-05-06', '2025-01-25', 'Delivered');
INSERT INTO Orders (order_id, customer_id, order_date, status, shipping_address, total_amount) VALUES (301, 119, '2025-01-08 06:59:19.420204', 'Shipped', '6284 Richards Vista Suite 180 Port Claire, NJ 01265', 600.9);
INSERT INTO Order_Items (order_item_id, order_id, product_id, quantity, unit_price, discount) VALUES (NULL, 301, 50, 1, 44.47, 10);
INSERT INTO Order_Items (order_item_id, order_id, product_id, quantity, unit_price, discount) VALUES (NULL, 301, 2, 2, 262.94, 15);
INSERT INTO Order_Items (order_item_id, order_id, product_id, quantity, unit_price, discount) VALUES (NULL, 301, 33, 1, 497.87, 0);
INSERT INTO Payments (payment_id, order_id, payment_date, payment_method, amount, currency) VALUES (NULL, 301, '2025-07-11 06:37:00.087571', 'PayPal', 600.9, 'USD');
INSERT INTO Shipping (shipping_id, order_id, carrier, tracking_number, ship_date, delivery_date, status) VALUES (NULL, 301, 'DHL', 'TRK000301', '2025-03-04', '2025-07-18', 'Delivered');
INSERT INTO Orders (order_id, customer_id, order_date, status, shipping_address, total_amount) VALUES (302, 29, '2025-04-27 17:19:06.298326', 'Shipped', '863 Lopez Springs Batesfurt, IN 85406', 941.66);
INSERT INTO Order_Items (order_item_id, order_id, product_id, quantity, unit_price, discount) VALUES (NULL, 302, 14, 3, 452.08, 15);
INSERT INTO Order_Items (order_item_id, order_id, product_id, quantity, unit_price, discount) VALUES (NULL, 302, 9, 1, 279.13, 0);
INSERT INTO Order_Items (order_item_id, order_id, product_id, quantity, unit_price, discount) VALUES (NULL, 302, 22, 1, 240.72, 5);
INSERT INTO Order_Items (order_item_id, order_id, product_id, quantity, unit_price, discount) VALUES (NULL, 302, 7, 1, 453.57, 0);
INSERT INTO Payments (payment_id, order_id, payment_date, payment_method, amount, currency) VALUES (NULL, 302, '2025-08-02 16:43:40.374659', 'PayPal', 941.66, 'USD');
INSERT INTO Shipping (shipping_id, order_id, carrier, tracking_number, ship_date, delivery_date, status) VALUES (NULL, 302, 'FedEx', 'TRK000302', '2025-07-25', '2025-03-13', 'Delivered');
INSERT INTO Orders (order_id, customer_id, order_date, status, shipping_address, total_amount) VALUES (303, 141, '2025-05-29 22:12:10.954555', 'Shipped', '871 Tyrone Path Apt. 162 Williamsonstad, NE 91806', 1309.08);
INSERT INTO Order_Items (order_item_id, order_id, product_id, quantity, unit_price, discount) VALUES (NULL, 303, 47, 2, 228.34, 0);
INSERT INTO Payments (payment_id, order_id, payment_date, payment_method, amount, currency) VALUES (NULL, 303, '2025-01-01 06:11:40.038219', 'PayPal', 1309.08, 'USD');
INSERT INTO Shipping (shipping_id, order_id, carrier, tracking_number, ship_date, delivery_date, status) VALUES (NULL, 303, 'UPS', 'TRK000303', '2025-08-03', '2025-01-30', 'Delivered');
INSERT INTO Orders (order_id, customer_id, order_date, status, shipping_address, total_amount) VALUES (304, 77, '2025-05-09 06:39:20.021677', 'Shipped', '05902 Washington Meadows Port Samuelview, PW 61605', 1708.49);
INSERT INTO Order_Items (order_item_id, order_id, product_id, quantity, unit_price, discount) VALUES (NULL, 304, 43, 2, 258.02, 15);
INSERT INTO Order_Items (order_item_id, order_id, product_id, quantity, unit_price, discount) VALUES (NULL, 304, 36, 3, 319.23, 5);
INSERT INTO Order_Items (order_item_id, order_id, product_id, quantity, unit_price, discount) VALUES (NULL, 304, 25, 2, 117.5, 10);
INSERT INTO Order_Items (order_item_id, order_id, product_id, quantity, unit_price, discount) VALUES (NULL, 304, 28, 2, 111.72, 0);
INSERT INTO Payments (payment_id, order_id, payment_date, payment_method, amount, currency) VALUES (NULL, 304, '2025-08-27 05:18:22.353706', 'PayPal', 1708.49, 'USD');
INSERT INTO Shipping (shipping_id, order_id, carrier, tracking_number, ship_date, delivery_date, status) VALUES (NULL, 304, 'FedEx', 'TRK000304', '2025-03-20', '2025-02-20', 'Delivered');
INSERT INTO Orders (order_id, customer_id, order_date, status, shipping_address, total_amount) VALUES (305, 181, '2025-06-06 23:25:01.223340', 'Shipped', '9019 Johnston Plain Apt. 963 Thomaston, MA 83422', 1272.88);
INSERT INTO Order_Items (order_item_id, order_id, product_id, quantity, unit_price, discount) VALUES (NULL, 305, 29, 3, 247.29, 15);
INSERT INTO Order_Items (order_item_id, order_id, product_id, quantity, unit_price, discount) VALUES (NULL, 305, 31, 3, 15.31, 15);
INSERT INTO Order_Items (order_item_id, order_id, product_id, quantity, unit_price, discount) VALUES (NULL, 305, 20, 2, 422.28, 15);
INSERT INTO Order_Items (order_item_id, order_id, product_id, quantity, unit_price, discount) VALUES (NULL, 305, 8, 2, 416.94, 5);
INSERT INTO Payments (payment_id, order_id, payment_date, payment_method, amount, currency) VALUES (NULL, 305, '2025-02-16 15:33:43.194347', 'Credit Card', 1272.88, 'USD');
INSERT INTO Shipping (shipping_id, order_id, carrier, tracking_number, ship_date, delivery_date, status) VALUES (NULL, 305, 'DHL', 'TRK000305', '2025-04-13', '2025-02-28', 'Delivered');
INSERT INTO Orders (order_id, customer_id, order_date, status, shipping_address, total_amount) VALUES (306, 82, '2025-06-23 15:46:47.840392', 'Shipped', '8044 Janet Freeway West Isabeltown, MH 76265', 839.91);
INSERT INTO Order_Items (order_item_id, order_id, product_id, quantity, unit_price, discount) VALUES (NULL, 306, 38, 2, 490.36, 10);
INSERT INTO Payments (payment_id, order_id, payment_date, payment_method, amount, currency) VALUES (NULL, 306, '2025-08-07 05:05:21.048508', 'Debit Card', 839.91, 'USD');
INSERT INTO Shipping (shipping_id, order_id, carrier, tracking_number, ship_date, delivery_date, status) VALUES (NULL, 306, 'FedEx', 'TRK000306', '2025-03-03', '2025-01-08', 'Delivered');
INSERT INTO Orders (order_id, customer_id, order_date, status, shipping_address, total_amount) VALUES (307, 128, '2025-02-10 00:48:14.140459', 'Shipped', '0242 Wells Streets Suite 827 Benjaminburgh, PR 05864', 1241.73);
INSERT INTO Order_Items (order_item_id, order_id, product_id, quantity, unit_price, discount) VALUES (NULL, 307, 2, 2, 242.56, 0);
INSERT INTO Order_Items (order_item_id, order_id, product_id, quantity, unit_price, discount) VALUES (NULL, 307, 23, 1, 414.4, 15);
INSERT INTO Order_Items (order_item_id, order_id, product_id, quantity, unit_price, discount) VALUES (NULL, 307, 18, 3, 99.73, 10);
INSERT INTO Order_Items (order_item_id, order_id, product_id, quantity, unit_price, discount) VALUES (NULL, 307, 7, 1, 302.73, 15);
INSERT INTO Order_Items (order_item_id, order_id, product_id, quantity, unit_price, discount) VALUES (NULL, 307, 7, 2, 237.37, 5);
INSERT INTO Payments (payment_id, order_id, payment_date, payment_method, amount, currency) VALUES (NULL, 307, '2025-04-26 14:00:41.868718', 'Debit Card', 1241.73, 'USD');
INSERT INTO Shipping (shipping_id, order_id, carrier, tracking_number, ship_date, delivery_date, status) VALUES (NULL, 307, 'FedEx', 'TRK000307', '2025-08-21', '2025-03-02', 'Delivered');
INSERT INTO Orders (order_id, customer_id, order_date, status, shipping_address, total_amount) VALUES (308, 27, '2025-02-14 03:09:01.189967', 'Shipped', '18419 Leslie Freeway Suite 523 Port Brettshire, AZ 86108', 2584.18);
INSERT INTO Order_Items (order_item_id, order_id, product_id, quantity, unit_price, discount) VALUES (NULL, 308, 50, 2, 192.1, 10);
INSERT INTO Payments (payment_id, order_id, payment_date, payment_method, amount, currency) VALUES (NULL, 308, '2025-04-28 19:41:02.089377', 'Credit Card', 2584.18, 'USD');
INSERT INTO Shipping (shipping_id, order_id, carrier, tracking_number, ship_date, delivery_date, status) VALUES (NULL, 308, 'UPS', 'TRK000308', '2025-04-24', '2025-01-10', 'Delivered');
INSERT INTO Orders (order_id, customer_id, order_date, status, shipping_address, total_amount) VALUES (309, 25, '2025-06-23 07:34:54.530251', 'Shipped', '3293 Stephen Lake North Matthewfurt, VT 97601', 508.02);
INSERT INTO Order_Items (order_item_id, order_id, product_id, quantity, unit_price, discount) VALUES (NULL, 309, 18, 3, 271.06, 15);
INSERT INTO Order_Items (order_item_id, order_id, product_id, quantity, unit_price, discount) VALUES (NULL, 309, 18, 3, 319.5, 15);
INSERT INTO Order_Items (order_item_id, order_id, product_id, quantity, unit_price, discount) VALUES (NULL, 309, 20, 3, 368.05, 5);
INSERT INTO Order_Items (order_item_id, order_id, product_id, quantity, unit_price, discount) VALUES (NULL, 309, 39, 2, 22.99, 10);
INSERT INTO Payments (payment_id, order_id, payment_date, payment_method, amount, currency) VALUES (NULL, 309, '2025-03-13 13:47:36.794035', 'PayPal', 508.02, 'USD');
INSERT INTO Shipping (shipping_id, order_id, carrier, tracking_number, ship_date, delivery_date, status) VALUES (NULL, 309, 'DHL', 'TRK000309', '2025-06-11', '2025-03-21', 'Delivered');
INSERT INTO Orders (order_id, customer_id, order_date, status, shipping_address, total_amount) VALUES (310, 40, '2025-04-05 16:05:04.122962', 'Shipped', '95050 Stewart Extension Wongbury, ID 44352', 727.93);
INSERT INTO Order_Items (order_item_id, order_id, product_id, quantity, unit_price, discount) VALUES (NULL, 310, 44, 3, 393.2, 10);
INSERT INTO Order_Items (order_item_id, order_id, product_id, quantity, unit_price, discount) VALUES (NULL, 310, 47, 3, 96.77, 10);
INSERT INTO Order_Items (order_item_id, order_id, product_id, quantity, unit_price, discount) VALUES (NULL, 310, 34, 2, 490.88, 15);
INSERT INTO Payments (payment_id, order_id, payment_date, payment_method, amount, currency) VALUES (NULL, 310, '2025-03-26 05:04:57.356693', 'Debit Card', 727.93, 'USD');
INSERT INTO Shipping (shipping_id, order_id, carrier, tracking_number, ship_date, delivery_date, status) VALUES (NULL, 310, 'DHL', 'TRK000310', '2025-04-02', '2025-05-23', 'Delivered');
INSERT INTO Orders (order_id, customer_id, order_date, status, shipping_address, total_amount) VALUES (311, 148, '2025-05-25 15:03:23.097770', 'Shipped', '2482 Christina Drives New Joshua, UT 91908', 2223.04);
INSERT INTO Order_Items (order_item_id, order_id, product_id, quantity, unit_price, discount) VALUES (NULL, 311, 12, 2, 147.97, 5);
INSERT INTO Order_Items (order_item_id, order_id, product_id, quantity, unit_price, discount) VALUES (NULL, 311, 11, 1, 388.2, 0);
INSERT INTO Order_Items (order_item_id, order_id, product_id, quantity, unit_price, discount) VALUES (NULL, 311, 22, 3, 85.92, 10);
INSERT INTO Order_Items (order_item_id, order_id, product_id, quantity, unit_price, discount) VALUES (NULL, 311, 43, 1, 35.68, 15);
INSERT INTO Order_Items (order_item_id, order_id, product_id, quantity, unit_price, discount) VALUES (NULL, 311, 14, 1, 110.38, 0);
INSERT INTO Payments (payment_id, order_id, payment_date, payment_method, amount, currency) VALUES (NULL, 311, '2025-08-03 12:32:26.148405', 'PayPal', 2223.04, 'USD');
INSERT INTO Shipping (shipping_id, order_id, carrier, tracking_number, ship_date, delivery_date, status) VALUES (NULL, 311, 'DHL', 'TRK000311', '2025-01-27', '2025-08-27', 'Delivered');
INSERT INTO Orders (order_id, customer_id, order_date, status, shipping_address, total_amount) VALUES (312, 125, '2025-05-09 14:43:28.585729', 'Shipped', '123 Timothy Club East Jacquelinemouth, MI 23696', 1109.49);
INSERT INTO Order_Items (order_item_id, order_id, product_id, quantity, unit_price, discount) VALUES (NULL, 312, 44, 2, 75.21, 0);
INSERT INTO Payments (payment_id, order_id, payment_date, payment_method, amount, currency) VALUES (NULL, 312, '2025-08-10 19:50:12.160900', 'Credit Card', 1109.49, 'USD');
INSERT INTO Shipping (shipping_id, order_id, carrier, tracking_number, ship_date, delivery_date, status) VALUES (NULL, 312, 'UPS', 'TRK000312', '2025-04-03', '2025-07-25', 'Delivered');
INSERT INTO Orders (order_id, customer_id, order_date, status, shipping_address, total_amount) VALUES (313, 44, '2025-05-12 21:06:35.630134', 'Shipped', '3900 Bradley Corners Apt. 645 Isaiahborough, AR 72066', 2478.9);
INSERT INTO Order_Items (order_item_id, order_id, product_id, quantity, unit_price, discount) VALUES (NULL, 313, 20, 1, 483.17, 10);
INSERT INTO Order_Items (order_item_id, order_id, product_id, quantity, unit_price, discount) VALUES (NULL, 313, 25, 1, 379.6, 0);
INSERT INTO Payments (payment_id, order_id, payment_date, payment_method, amount, currency) VALUES (NULL, 313, '2025-05-29 18:10:19.489860', 'Credit Card', 2478.9, 'USD');
INSERT INTO Shipping (shipping_id, order_id, carrier, tracking_number, ship_date, delivery_date, status) VALUES (NULL, 313, 'FedEx', 'TRK000313', '2025-06-07', '2025-04-04', 'Delivered');
INSERT INTO Orders (order_id, customer_id, order_date, status, shipping_address, total_amount) VALUES (314, 31, '2025-03-12 02:47:31.870205', 'Shipped', '27876 Cisneros Keys Suite 507 Kellistad, MS 75346', 1003.73);
INSERT INTO Order_Items (order_item_id, order_id, product_id, quantity, unit_price, discount) VALUES (NULL, 314, 33, 3, 328.35, 15);
INSERT INTO Order_Items (order_item_id, order_id, product_id, quantity, unit_price, discount) VALUES (NULL, 314, 6, 1, 213.13, 15);
INSERT INTO Order_Items (order_item_id, order_id, product_id, quantity, unit_price, discount) VALUES (NULL, 314, 14, 3, 228.26, 0);
INSERT INTO Order_Items (order_item_id, order_id, product_id, quantity, unit_price, discount) VALUES (NULL, 314, 27, 3, 328.0, 5);
INSERT INTO Payments (payment_id, order_id, payment_date, payment_method, amount, currency) VALUES (NULL, 314, '2025-06-07 10:47:53.265705', 'PayPal', 1003.73, 'USD');
INSERT INTO Shipping (shipping_id, order_id, carrier, tracking_number, ship_date, delivery_date, status) VALUES (NULL, 314, 'UPS', 'TRK000314', '2025-08-28', '2025-06-28', 'Delivered');
INSERT INTO Orders (order_id, customer_id, order_date, status, shipping_address, total_amount) VALUES (315, 111, '2025-03-26 21:38:47.772632', 'Shipped', '292 Hayley Point Port Paigeville, MD 04255', 2630.78);
INSERT INTO Order_Items (order_item_id, order_id, product_id, quantity, unit_price, discount) VALUES (NULL, 315, 30, 3, 489.06, 10);
INSERT INTO Order_Items (order_item_id, order_id, product_id, quantity, unit_price, discount) VALUES (NULL, 315, 28, 3, 339.63, 10);
INSERT INTO Order_Items (order_item_id, order_id, product_id, quantity, unit_price, discount) VALUES (NULL, 315, 34, 1, 331.62, 15);
INSERT INTO Order_Items (order_item_id, order_id, product_id, quantity, unit_price, discount) VALUES (NULL, 315, 13, 2, 309.66, 10);
INSERT INTO Payments (payment_id, order_id, payment_date, payment_method, amount, currency) VALUES (NULL, 315, '2025-05-23 04:51:37.104428', 'Debit Card', 2630.78, 'USD');
INSERT INTO Shipping (shipping_id, order_id, carrier, tracking_number, ship_date, delivery_date, status) VALUES (NULL, 315, 'FedEx', 'TRK000315', '2025-08-14', '2025-07-03', 'Delivered');
INSERT INTO Orders (order_id, customer_id, order_date, status, shipping_address, total_amount) VALUES (316, 84, '2025-08-20 22:20:34.842431', 'Shipped', 'PSC 7973, Box 9926 APO AP 62664', 997.01);
INSERT INTO Order_Items (order_item_id, order_id, product_id, quantity, unit_price, discount) VALUES (NULL, 316, 25, 2, 369.53, 15);
INSERT INTO Order_Items (order_item_id, order_id, product_id, quantity, unit_price, discount) VALUES (NULL, 316, 42, 2, 279.53, 15);
INSERT INTO Order_Items (order_item_id, order_id, product_id, quantity, unit_price, discount) VALUES (NULL, 316, 19, 1, 416.6, 15);
INSERT INTO Order_Items (order_item_id, order_id, product_id, quantity, unit_price, discount) VALUES (NULL, 316, 13, 3, 353.35, 0);
INSERT INTO Payments (payment_id, order_id, payment_date, payment_method, amount, currency) VALUES (NULL, 316, '2025-03-14 14:12:36.266191', 'Debit Card', 997.01, 'USD');
INSERT INTO Shipping (shipping_id, order_id, carrier, tracking_number, ship_date, delivery_date, status) VALUES (NULL, 316, 'FedEx', 'TRK000316', '2025-08-28', '2025-08-01', 'Delivered');
INSERT INTO Orders (order_id, customer_id, order_date, status, shipping_address, total_amount) VALUES (317, 101, '2025-03-19 02:31:04.326138', 'Shipped', '8544 Chapman Canyon Suite 080 Edwardview, MH 37575', 1472.42);
INSERT INTO Order_Items (order_item_id, order_id, product_id, quantity, unit_price, discount) VALUES (NULL, 317, 39, 1, 120.36, 10);
INSERT INTO Order_Items (order_item_id, order_id, product_id, quantity, unit_price, discount) VALUES (NULL, 317, 15, 3, 433.91, 5);
INSERT INTO Order_Items (order_item_id, order_id, product_id, quantity, unit_price, discount) VALUES (NULL, 317, 28, 3, 36.39, 0);
INSERT INTO Payments (payment_id, order_id, payment_date, payment_method, amount, currency) VALUES (NULL, 317, '2025-04-06 14:46:38.353593', 'PayPal', 1472.42, 'USD');
INSERT INTO Shipping (shipping_id, order_id, carrier, tracking_number, ship_date, delivery_date, status) VALUES (NULL, 317, 'FedEx', 'TRK000317', '2025-06-05', '2025-07-26', 'Delivered');
INSERT INTO Orders (order_id, customer_id, order_date, status, shipping_address, total_amount) VALUES (318, 102, '2025-04-23 19:48:54.707887', 'Shipped', '8128 Tucker Ford Paulside, NY 44544', 2143.46);
INSERT INTO Order_Items (order_item_id, order_id, product_id, quantity, unit_price, discount) VALUES (NULL, 318, 42, 3, 399.09, 0);
INSERT INTO Order_Items (order_item_id, order_id, product_id, quantity, unit_price, discount) VALUES (NULL, 318, 22, 3, 47.33, 10);
INSERT INTO Order_Items (order_item_id, order_id, product_id, quantity, unit_price, discount) VALUES (NULL, 318, 18, 2, 465.24, 10);
INSERT INTO Order_Items (order_item_id, order_id, product_id, quantity, unit_price, discount) VALUES (NULL, 318, 21, 1, 441.42, 15);
INSERT INTO Payments (payment_id, order_id, payment_date, payment_method, amount, currency) VALUES (NULL, 318, '2025-07-18 15:25:45.788774', 'Credit Card', 2143.46, 'USD');
INSERT INTO Shipping (shipping_id, order_id, carrier, tracking_number, ship_date, delivery_date, status) VALUES (NULL, 318, 'FedEx', 'TRK000318', '2025-08-05', '2025-08-15', 'Delivered');
INSERT INTO Orders (order_id, customer_id, order_date, status, shipping_address, total_amount) VALUES (319, 46, '2025-08-10 21:54:24.416926', 'Shipped', 'Unit 7614 Box 4342 DPO AA 10737', 959.82);
INSERT INTO Order_Items (order_item_id, order_id, product_id, quantity, unit_price, discount) VALUES (NULL, 319, 20, 2, 19.1, 15);
INSERT INTO Payments (payment_id, order_id, payment_date, payment_method, amount, currency) VALUES (NULL, 319, '2025-03-21 06:55:25.106448', 'PayPal', 959.82, 'USD');
INSERT INTO Shipping (shipping_id, order_id, carrier, tracking_number, ship_date, delivery_date, status) VALUES (NULL, 319, 'FedEx', 'TRK000319', '2025-01-07', '2025-06-17', 'Delivered');
INSERT INTO Orders (order_id, customer_id, order_date, status, shipping_address, total_amount) VALUES (320, 96, '2025-05-07 08:15:19.140597', 'Shipped', '3570 Angela Oval Suite 808 Brianville, VI 52022', 1746.74);
INSERT INTO Order_Items (order_item_id, order_id, product_id, quantity, unit_price, discount) VALUES (NULL, 320, 7, 3, 284.16, 15);
INSERT INTO Order_Items (order_item_id, order_id, product_id, quantity, unit_price, discount) VALUES (NULL, 320, 14, 3, 269.94, 0);
INSERT INTO Order_Items (order_item_id, order_id, product_id, quantity, unit_price, discount) VALUES (NULL, 320, 22, 1, 381.59, 5);
INSERT INTO Order_Items (order_item_id, order_id, product_id, quantity, unit_price, discount) VALUES (NULL, 320, 4, 1, 283.88, 15);
INSERT INTO Payments (payment_id, order_id, payment_date, payment_method, amount, currency) VALUES (NULL, 320, '2025-04-05 06:35:18.881241', 'Credit Card', 1746.74, 'USD');
INSERT INTO Shipping (shipping_id, order_id, carrier, tracking_number, ship_date, delivery_date, status) VALUES (NULL, 320, 'FedEx', 'TRK000320', '2025-06-03', '2025-01-24', 'Delivered');
INSERT INTO Orders (order_id, customer_id, order_date, status, shipping_address, total_amount) VALUES (321, 93, '2025-04-02 22:15:49.801151', 'Shipped', '7631 Shannon Grove Suite 464 Vanessatown, DC 82014', 1554.02);
INSERT INTO Order_Items (order_item_id, order_id, product_id, quantity, unit_price, discount) VALUES (NULL, 321, 46, 1, 229.73, 10);
INSERT INTO Order_Items (order_item_id, order_id, product_id, quantity, unit_price, discount) VALUES (NULL, 321, 23, 3, 226.18, 5);
INSERT INTO Payments (payment_id, order_id, payment_date, payment_method, amount, currency) VALUES (NULL, 321, '2025-02-22 14:37:32.285563', 'Debit Card', 1554.02, 'USD');
INSERT INTO Shipping (shipping_id, order_id, carrier, tracking_number, ship_date, delivery_date, status) VALUES (NULL, 321, 'UPS', 'TRK000321', '2025-09-02', '2025-07-15', 'Delivered');
INSERT INTO Orders (order_id, customer_id, order_date, status, shipping_address, total_amount) VALUES (322, 157, '2025-08-01 22:29:09.414199', 'Shipped', '2017 Fernandez Ridge Suite 215 Richardsonville, OK 39895', 900.76);
INSERT INTO Order_Items (order_item_id, order_id, product_id, quantity, unit_price, discount) VALUES (NULL, 322, 16, 2, 27.86, 0);
INSERT INTO Order_Items (order_item_id, order_id, product_id, quantity, unit_price, discount) VALUES (NULL, 322, 42, 1, 232.32, 0);
INSERT INTO Order_Items (order_item_id, order_id, product_id, quantity, unit_price, discount) VALUES (NULL, 322, 12, 3, 120.32, 5);
INSERT INTO Payments (payment_id, order_id, payment_date, payment_method, amount, currency) VALUES (NULL, 322, '2025-01-26 06:15:37.405382', 'PayPal', 900.76, 'USD');
INSERT INTO Shipping (shipping_id, order_id, carrier, tracking_number, ship_date, delivery_date, status) VALUES (NULL, 322, 'DHL', 'TRK000322', '2025-04-24', '2025-06-28', 'Delivered');
INSERT INTO Orders (order_id, customer_id, order_date, status, shipping_address, total_amount) VALUES (323, 155, '2025-01-15 03:32:19.547279', 'Shipped', '21869 Williams Burgs Apt. 821 South Michael, HI 44479', 2769.26);
INSERT INTO Order_Items (order_item_id, order_id, product_id, quantity, unit_price, discount) VALUES (NULL, 323, 33, 1, 100.48, 5);
INSERT INTO Order_Items (order_item_id, order_id, product_id, quantity, unit_price, discount) VALUES (NULL, 323, 28, 1, 285.33, 5);
INSERT INTO Order_Items (order_item_id, order_id, product_id, quantity, unit_price, discount) VALUES (NULL, 323, 41, 2, 177.1, 10);
INSERT INTO Order_Items (order_item_id, order_id, product_id, quantity, unit_price, discount) VALUES (NULL, 323, 36, 2, 367.65, 5);
INSERT INTO Order_Items (order_item_id, order_id, product_id, quantity, unit_price, discount) VALUES (NULL, 323, 43, 1, 379.67, 15);
INSERT INTO Payments (payment_id, order_id, payment_date, payment_method, amount, currency) VALUES (NULL, 323, '2025-02-23 21:56:09.618042', 'Debit Card', 2769.26, 'USD');
INSERT INTO Shipping (shipping_id, order_id, carrier, tracking_number, ship_date, delivery_date, status) VALUES (NULL, 323, 'UPS', 'TRK000323', '2025-05-12', '2025-03-14', 'Delivered');
INSERT INTO Orders (order_id, customer_id, order_date, status, shipping_address, total_amount) VALUES (324, 130, '2025-01-19 06:10:33.488956', 'Shipped', '7414 Rios Vista Apt. 589 Johnsonborough, OR 73970', 106.81);
INSERT INTO Order_Items (order_item_id, order_id, product_id, quantity, unit_price, discount) VALUES (NULL, 324, 8, 3, 259.97, 15);
INSERT INTO Order_Items (order_item_id, order_id, product_id, quantity, unit_price, discount) VALUES (NULL, 324, 20, 2, 36.73, 5);
INSERT INTO Order_Items (order_item_id, order_id, product_id, quantity, unit_price, discount) VALUES (NULL, 324, 10, 1, 290.92, 5);
INSERT INTO Payments (payment_id, order_id, payment_date, payment_method, amount, currency) VALUES (NULL, 324, '2025-08-21 16:56:06.965850', 'Debit Card', 106.81, 'USD');
INSERT INTO Shipping (shipping_id, order_id, carrier, tracking_number, ship_date, delivery_date, status) VALUES (NULL, 324, 'DHL', 'TRK000324', '2025-07-26', '2025-07-22', 'Delivered');
INSERT INTO Orders (order_id, customer_id, order_date, status, shipping_address, total_amount) VALUES (325, 149, '2025-04-04 14:09:22.059465', 'Shipped', '56006 Reed Avenue Port Anthony, SC 12178', 2486.16);
INSERT INTO Order_Items (order_item_id, order_id, product_id, quantity, unit_price, discount) VALUES (NULL, 325, 29, 3, 424.05, 5);
INSERT INTO Payments (payment_id, order_id, payment_date, payment_method, amount, currency) VALUES (NULL, 325, '2025-07-20 15:20:47.012335', 'PayPal', 2486.16, 'USD');
INSERT INTO Shipping (shipping_id, order_id, carrier, tracking_number, ship_date, delivery_date, status) VALUES (NULL, 325, 'UPS', 'TRK000325', '2025-05-31', '2025-02-27', 'Delivered');
INSERT INTO Orders (order_id, customer_id, order_date, status, shipping_address, total_amount) VALUES (326, 154, '2025-07-10 19:46:19.696316', 'Shipped', '05575 Manuel Key Lake Ginaview, PR 91379', 2573.89);
INSERT INTO Order_Items (order_item_id, order_id, product_id, quantity, unit_price, discount) VALUES (NULL, 326, 19, 1, 284.26, 5);
INSERT INTO Order_Items (order_item_id, order_id, product_id, quantity, unit_price, discount) VALUES (NULL, 326, 42, 2, 490.62, 5);
INSERT INTO Order_Items (order_item_id, order_id, product_id, quantity, unit_price, discount) VALUES (NULL, 326, 8, 2, 428.01, 0);
INSERT INTO Payments (payment_id, order_id, payment_date, payment_method, amount, currency) VALUES (NULL, 326, '2025-08-07 20:36:18.277530', 'PayPal', 2573.89, 'USD');
INSERT INTO Shipping (shipping_id, order_id, carrier, tracking_number, ship_date, delivery_date, status) VALUES (NULL, 326, 'FedEx', 'TRK000326', '2025-04-26', '2025-01-31', 'Delivered');
INSERT INTO Orders (order_id, customer_id, order_date, status, shipping_address, total_amount) VALUES (327, 181, '2025-04-10 07:57:57.679492', 'Shipped', '846 Alejandro Harbors New Williamview, GA 66201', 2661.58);
INSERT INTO Order_Items (order_item_id, order_id, product_id, quantity, unit_price, discount) VALUES (NULL, 327, 49, 1, 123.08, 5);
INSERT INTO Payments (payment_id, order_id, payment_date, payment_method, amount, currency) VALUES (NULL, 327, '2025-03-26 04:40:37.020469', 'Credit Card', 2661.58, 'USD');
INSERT INTO Shipping (shipping_id, order_id, carrier, tracking_number, ship_date, delivery_date, status) VALUES (NULL, 327, 'DHL', 'TRK000327', '2025-02-19', '2025-04-02', 'Delivered');
INSERT INTO Orders (order_id, customer_id, order_date, status, shipping_address, total_amount) VALUES (328, 104, '2025-05-15 09:48:46.117175', 'Shipped', '030 Rachel Stravenue East Pamelaland, TX 35039', 2933.31);
INSERT INTO Order_Items (order_item_id, order_id, product_id, quantity, unit_price, discount) VALUES (NULL, 328, 9, 2, 369.42, 15);
INSERT INTO Order_Items (order_item_id, order_id, product_id, quantity, unit_price, discount) VALUES (NULL, 328, 45, 3, 78.37, 0);
INSERT INTO Order_Items (order_item_id, order_id, product_id, quantity, unit_price, discount) VALUES (NULL, 328, 25, 2, 363.82, 5);
INSERT INTO Payments (payment_id, order_id, payment_date, payment_method, amount, currency) VALUES (NULL, 328, '2025-03-08 08:50:53.983917', 'Debit Card', 2933.31, 'USD');
INSERT INTO Shipping (shipping_id, order_id, carrier, tracking_number, ship_date, delivery_date, status) VALUES (NULL, 328, 'FedEx', 'TRK000328', '2025-08-13', '2025-03-19', 'Delivered');
INSERT INTO Orders (order_id, customer_id, order_date, status, shipping_address, total_amount) VALUES (329, 128, '2025-03-19 11:54:50.462394', 'Shipped', 'USCGC Williams FPO AP 16592', 1218.5);
INSERT INTO Order_Items (order_item_id, order_id, product_id, quantity, unit_price, discount) VALUES (NULL, 329, 43, 3, 113.04, 0);
INSERT INTO Order_Items (order_item_id, order_id, product_id, quantity, unit_price, discount) VALUES (NULL, 329, 18, 3, 221.06, 10);
INSERT INTO Payments (payment_id, order_id, payment_date, payment_method, amount, currency) VALUES (NULL, 329, '2025-04-10 20:19:26.353457', 'Credit Card', 1218.5, 'USD');
INSERT INTO Shipping (shipping_id, order_id, carrier, tracking_number, ship_date, delivery_date, status) VALUES (NULL, 329, 'UPS', 'TRK000329', '2025-06-07', '2025-08-21', 'Delivered');
INSERT INTO Orders (order_id, customer_id, order_date, status, shipping_address, total_amount) VALUES (330, 85, '2025-06-13 11:54:40.584081', 'Shipped', '2451 Michelle Crossing Suite 460 Lake Jennifer, MH 56381', 1933.63);
INSERT INTO Order_Items (order_item_id, order_id, product_id, quantity, unit_price, discount) VALUES (NULL, 330, 41, 1, 423.69, 0);
INSERT INTO Payments (payment_id, order_id, payment_date, payment_method, amount, currency) VALUES (NULL, 330, '2025-04-20 08:18:49.863485', 'PayPal', 1933.63, 'USD');
INSERT INTO Shipping (shipping_id, order_id, carrier, tracking_number, ship_date, delivery_date, status) VALUES (NULL, 330, 'FedEx', 'TRK000330', '2025-04-14', '2025-06-30', 'Delivered');
INSERT INTO Orders (order_id, customer_id, order_date, status, shipping_address, total_amount) VALUES (331, 65, '2025-08-14 18:50:12.453857', 'Shipped', '0922 Herman Islands Suite 536 Biancafort, OR 19684', 2004.41);
INSERT INTO Order_Items (order_item_id, order_id, product_id, quantity, unit_price, discount) VALUES (NULL, 331, 23, 1, 204.34, 5);
INSERT INTO Order_Items (order_item_id, order_id, product_id, quantity, unit_price, discount) VALUES (NULL, 331, 23, 2, 102.28, 10);
INSERT INTO Order_Items (order_item_id, order_id, product_id, quantity, unit_price, discount) VALUES (NULL, 331, 10, 1, 199.05, 10);
INSERT INTO Order_Items (order_item_id, order_id, product_id, quantity, unit_price, discount) VALUES (NULL, 331, 40, 1, 141.24, 0);
INSERT INTO Payments (payment_id, order_id, payment_date, payment_method, amount, currency) VALUES (NULL, 331, '2025-08-29 17:22:11.199363', 'Credit Card', 2004.41, 'USD');
INSERT INTO Shipping (shipping_id, order_id, carrier, tracking_number, ship_date, delivery_date, status) VALUES (NULL, 331, 'FedEx', 'TRK000331', '2025-02-06', '2025-04-26', 'Delivered');
INSERT INTO Orders (order_id, customer_id, order_date, status, shipping_address, total_amount) VALUES (332, 24, '2025-03-29 02:11:20.612510', 'Shipped', '814 Thomas View Suite 170 Wilsonchester, GU 84370', 1976.62);
INSERT INTO Order_Items (order_item_id, order_id, product_id, quantity, unit_price, discount) VALUES (NULL, 332, 6, 2, 302.15, 5);
INSERT INTO Order_Items (order_item_id, order_id, product_id, quantity, unit_price, discount) VALUES (NULL, 332, 1, 2, 229.71, 0);
INSERT INTO Order_Items (order_item_id, order_id, product_id, quantity, unit_price, discount) VALUES (NULL, 332, 29, 1, 122.78, 5);
INSERT INTO Payments (payment_id, order_id, payment_date, payment_method, amount, currency) VALUES (NULL, 332, '2025-07-17 02:53:03.288335', 'Credit Card', 1976.62, 'USD');
INSERT INTO Shipping (shipping_id, order_id, carrier, tracking_number, ship_date, delivery_date, status) VALUES (NULL, 332, 'DHL', 'TRK000332', '2025-04-27', '2025-08-13', 'Delivered');
INSERT INTO Orders (order_id, customer_id, order_date, status, shipping_address, total_amount) VALUES (333, 13, '2025-02-10 03:42:24.583172', 'Shipped', '727 Cody Tunnel West Ryan, MH 01664', 430.51);
INSERT INTO Order_Items (order_item_id, order_id, product_id, quantity, unit_price, discount) VALUES (NULL, 333, 20, 2, 403.16, 0);
INSERT INTO Order_Items (order_item_id, order_id, product_id, quantity, unit_price, discount) VALUES (NULL, 333, 31, 3, 433.82, 10);
INSERT INTO Order_Items (order_item_id, order_id, product_id, quantity, unit_price, discount) VALUES (NULL, 333, 37, 1, 498.67, 5);
INSERT INTO Order_Items (order_item_id, order_id, product_id, quantity, unit_price, discount) VALUES (NULL, 333, 32, 3, 29.78, 5);
INSERT INTO Payments (payment_id, order_id, payment_date, payment_method, amount, currency) VALUES (NULL, 333, '2025-08-10 18:21:34.321244', 'PayPal', 430.51, 'USD');
INSERT INTO Shipping (shipping_id, order_id, carrier, tracking_number, ship_date, delivery_date, status) VALUES (NULL, 333, 'FedEx', 'TRK000333', '2025-03-23', '2025-07-18', 'Delivered');
INSERT INTO Orders (order_id, customer_id, order_date, status, shipping_address, total_amount) VALUES (334, 125, '2025-08-15 13:35:48.297773', 'Shipped', 'USS Gonzalez FPO AE 81791', 1782.26);
INSERT INTO Order_Items (order_item_id, order_id, product_id, quantity, unit_price, discount) VALUES (NULL, 334, 16, 3, 131.45, 15);
INSERT INTO Order_Items (order_item_id, order_id, product_id, quantity, unit_price, discount) VALUES (NULL, 334, 43, 1, 247.21, 10);
INSERT INTO Order_Items (order_item_id, order_id, product_id, quantity, unit_price, discount) VALUES (NULL, 334, 25, 1, 415.51, 5);
INSERT INTO Order_Items (order_item_id, order_id, product_id, quantity, unit_price, discount) VALUES (NULL, 334, 15, 1, 183.8, 5);
INSERT INTO Order_Items (order_item_id, order_id, product_id, quantity, unit_price, discount) VALUES (NULL, 334, 22, 1, 222.52, 15);
INSERT INTO Payments (payment_id, order_id, payment_date, payment_method, amount, currency) VALUES (NULL, 334, '2025-07-11 06:26:37.456142', 'Credit Card', 1782.26, 'USD');
INSERT INTO Shipping (shipping_id, order_id, carrier, tracking_number, ship_date, delivery_date, status) VALUES (NULL, 334, 'DHL', 'TRK000334', '2025-03-23', '2025-03-14', 'Delivered');
INSERT INTO Orders (order_id, customer_id, order_date, status, shipping_address, total_amount) VALUES (335, 173, '2025-06-05 08:49:37.730219', 'Shipped', '32239 Jeremy Divide East Juliefurt, OK 46733', 1496.64);
INSERT INTO Order_Items (order_item_id, order_id, product_id, quantity, unit_price, discount) VALUES (NULL, 335, 16, 2, 278.19, 5);
INSERT INTO Order_Items (order_item_id, order_id, product_id, quantity, unit_price, discount) VALUES (NULL, 335, 20, 3, 20.14, 10);
INSERT INTO Order_Items (order_item_id, order_id, product_id, quantity, unit_price, discount) VALUES (NULL, 335, 39, 3, 181.57, 5);
INSERT INTO Order_Items (order_item_id, order_id, product_id, quantity, unit_price, discount) VALUES (NULL, 335, 46, 3, 122.78, 0);
INSERT INTO Payments (payment_id, order_id, payment_date, payment_method, amount, currency) VALUES (NULL, 335, '2025-04-05 20:52:14.054940', 'PayPal', 1496.64, 'USD');
INSERT INTO Shipping (shipping_id, order_id, carrier, tracking_number, ship_date, delivery_date, status) VALUES (NULL, 335, 'FedEx', 'TRK000335', '2025-06-07', '2025-01-10', 'Delivered');
INSERT INTO Orders (order_id, customer_id, order_date, status, shipping_address, total_amount) VALUES (336, 57, '2025-05-20 10:33:52.356206', 'Shipped', '0869 Ricky Summit Apt. 013 Lake Micheleside, IA 06243', 761.75);
INSERT INTO Order_Items (order_item_id, order_id, product_id, quantity, unit_price, discount) VALUES (NULL, 336, 36, 3, 499.77, 0);
INSERT INTO Order_Items (order_item_id, order_id, product_id, quantity, unit_price, discount) VALUES (NULL, 336, 41, 1, 357.68, 10);
INSERT INTO Order_Items (order_item_id, order_id, product_id, quantity, unit_price, discount) VALUES (NULL, 336, 8, 2, 207.49, 15);
INSERT INTO Order_Items (order_item_id, order_id, product_id, quantity, unit_price, discount) VALUES (NULL, 336, 21, 3, 355.35, 15);
INSERT INTO Order_Items (order_item_id, order_id, product_id, quantity, unit_price, discount) VALUES (NULL, 336, 22, 1, 198.18, 10);
INSERT INTO Payments (payment_id, order_id, payment_date, payment_method, amount, currency) VALUES (NULL, 336, '2025-08-14 00:52:57.059192', 'PayPal', 761.75, 'USD');
INSERT INTO Shipping (shipping_id, order_id, carrier, tracking_number, ship_date, delivery_date, status) VALUES (NULL, 336, 'UPS', 'TRK000336', '2025-05-16', '2025-01-30', 'Delivered');
INSERT INTO Orders (order_id, customer_id, order_date, status, shipping_address, total_amount) VALUES (337, 153, '2025-03-11 04:56:22.787187', 'Shipped', '9015 Li Ports Apt. 435 North Tyler, MO 88458', 2077.67);
INSERT INTO Order_Items (order_item_id, order_id, product_id, quantity, unit_price, discount) VALUES (NULL, 337, 28, 2, 284.17, 5);
INSERT INTO Order_Items (order_item_id, order_id, product_id, quantity, unit_price, discount) VALUES (NULL, 337, 22, 1, 279.3, 15);
INSERT INTO Payments (payment_id, order_id, payment_date, payment_method, amount, currency) VALUES (NULL, 337, '2025-06-14 07:06:20.757670', 'Credit Card', 2077.67, 'USD');
INSERT INTO Shipping (shipping_id, order_id, carrier, tracking_number, ship_date, delivery_date, status) VALUES (NULL, 337, 'DHL', 'TRK000337', '2025-03-13', '2025-07-16', 'Delivered');
INSERT INTO Orders (order_id, customer_id, order_date, status, shipping_address, total_amount) VALUES (338, 56, '2025-01-01 12:52:49.189765', 'Shipped', '53081 Lawrence Expressway Davilabury, MH 15544', 676.32);
INSERT INTO Order_Items (order_item_id, order_id, product_id, quantity, unit_price, discount) VALUES (NULL, 338, 14, 3, 349.03, 10);
INSERT INTO Order_Items (order_item_id, order_id, product_id, quantity, unit_price, discount) VALUES (NULL, 338, 17, 1, 427.74, 10);
INSERT INTO Order_Items (order_item_id, order_id, product_id, quantity, unit_price, discount) VALUES (NULL, 338, 25, 2, 493.98, 0);
INSERT INTO Order_Items (order_item_id, order_id, product_id, quantity, unit_price, discount) VALUES (NULL, 338, 6, 3, 229.55, 5);
INSERT INTO Payments (payment_id, order_id, payment_date, payment_method, amount, currency) VALUES (NULL, 338, '2025-06-16 00:04:29.033314', 'PayPal', 676.32, 'USD');
INSERT INTO Shipping (shipping_id, order_id, carrier, tracking_number, ship_date, delivery_date, status) VALUES (NULL, 338, 'UPS', 'TRK000338', '2025-02-13', '2025-05-06', 'Delivered');
INSERT INTO Orders (order_id, customer_id, order_date, status, shipping_address, total_amount) VALUES (339, 46, '2025-07-10 10:58:12.393478', 'Shipped', '3071 Berry Junction North Deanna, NJ 36209', 535.87);
INSERT INTO Order_Items (order_item_id, order_id, product_id, quantity, unit_price, discount) VALUES (NULL, 339, 46, 1, 311.42, 10);
INSERT INTO Order_Items (order_item_id, order_id, product_id, quantity, unit_price, discount) VALUES (NULL, 339, 21, 1, 343.5, 5);
INSERT INTO Order_Items (order_item_id, order_id, product_id, quantity, unit_price, discount) VALUES (NULL, 339, 20, 2, 495.97, 0);
INSERT INTO Order_Items (order_item_id, order_id, product_id, quantity, unit_price, discount) VALUES (NULL, 339, 12, 1, 188.16, 15);
INSERT INTO Order_Items (order_item_id, order_id, product_id, quantity, unit_price, discount) VALUES (NULL, 339, 10, 3, 187.03, 0);
INSERT INTO Payments (payment_id, order_id, payment_date, payment_method, amount, currency) VALUES (NULL, 339, '2025-09-01 04:02:27.111623', 'Credit Card', 535.87, 'USD');
INSERT INTO Shipping (shipping_id, order_id, carrier, tracking_number, ship_date, delivery_date, status) VALUES (NULL, 339, 'UPS', 'TRK000339', '2025-03-23', '2025-04-25', 'Delivered');
INSERT INTO Orders (order_id, customer_id, order_date, status, shipping_address, total_amount) VALUES (340, 18, '2025-04-15 22:57:44.453105', 'Shipped', '350 Donna Streets Myersview, NE 10367', 2789.63);
INSERT INTO Order_Items (order_item_id, order_id, product_id, quantity, unit_price, discount) VALUES (NULL, 340, 16, 2, 227.55, 10);
INSERT INTO Order_Items (order_item_id, order_id, product_id, quantity, unit_price, discount) VALUES (NULL, 340, 32, 2, 170.04, 5);
INSERT INTO Order_Items (order_item_id, order_id, product_id, quantity, unit_price, discount) VALUES (NULL, 340, 7, 3, 320.63, 15);
INSERT INTO Order_Items (order_item_id, order_id, product_id, quantity, unit_price, discount) VALUES (NULL, 340, 11, 1, 442.72, 0);
INSERT INTO Payments (payment_id, order_id, payment_date, payment_method, amount, currency) VALUES (NULL, 340, '2025-01-29 05:01:57.443601', 'PayPal', 2789.63, 'USD');
INSERT INTO Shipping (shipping_id, order_id, carrier, tracking_number, ship_date, delivery_date, status) VALUES (NULL, 340, 'UPS', 'TRK000340', '2025-07-23', '2025-02-25', 'Delivered');
INSERT INTO Orders (order_id, customer_id, order_date, status, shipping_address, total_amount) VALUES (341, 161, '2025-03-11 06:54:48.171472', 'Shipped', '168 Griffin Mill Suite 515 Jamieview, IN 53895', 191.46);
INSERT INTO Order_Items (order_item_id, order_id, product_id, quantity, unit_price, discount) VALUES (NULL, 341, 33, 2, 487.75, 15);
INSERT INTO Order_Items (order_item_id, order_id, product_id, quantity, unit_price, discount) VALUES (NULL, 341, 42, 2, 408.51, 10);
INSERT INTO Payments (payment_id, order_id, payment_date, payment_method, amount, currency) VALUES (NULL, 341, '2025-07-22 23:35:07.439658', 'Credit Card', 191.46, 'USD');
INSERT INTO Shipping (shipping_id, order_id, carrier, tracking_number, ship_date, delivery_date, status) VALUES (NULL, 341, 'FedEx', 'TRK000341', '2025-03-08', '2025-04-15', 'Delivered');
INSERT INTO Orders (order_id, customer_id, order_date, status, shipping_address, total_amount) VALUES (342, 94, '2025-01-27 22:49:26.084992', 'Shipped', '9823 Lori Burgs Apt. 927 West Jean, CA 16488', 1595.18);
INSERT INTO Order_Items (order_item_id, order_id, product_id, quantity, unit_price, discount) VALUES (NULL, 342, 38, 1, 325.67, 10);
INSERT INTO Order_Items (order_item_id, order_id, product_id, quantity, unit_price, discount) VALUES (NULL, 342, 26, 3, 487.51, 15);
INSERT INTO Order_Items (order_item_id, order_id, product_id, quantity, unit_price, discount) VALUES (NULL, 342, 7, 1, 404.59, 15);
INSERT INTO Order_Items (order_item_id, order_id, product_id, quantity, unit_price, discount) VALUES (NULL, 342, 2, 2, 256.97, 15);
INSERT INTO Payments (payment_id, order_id, payment_date, payment_method, amount, currency) VALUES (NULL, 342, '2025-08-30 22:25:57.238843', 'Credit Card', 1595.18, 'USD');
INSERT INTO Shipping (shipping_id, order_id, carrier, tracking_number, ship_date, delivery_date, status) VALUES (NULL, 342, 'UPS', 'TRK000342', '2025-01-17', '2025-04-16', 'Delivered');
INSERT INTO Orders (order_id, customer_id, order_date, status, shipping_address, total_amount) VALUES (343, 8, '2025-04-20 23:41:26.487554', 'Shipped', '99817 Tasha Lock Wareville, IA 96557', 1773.78);
INSERT INTO Order_Items (order_item_id, order_id, product_id, quantity, unit_price, discount) VALUES (NULL, 343, 26, 2, 149.45, 15);
INSERT INTO Payments (payment_id, order_id, payment_date, payment_method, amount, currency) VALUES (NULL, 343, '2025-02-15 19:29:46.823350', 'Debit Card', 1773.78, 'USD');
INSERT INTO Shipping (shipping_id, order_id, carrier, tracking_number, ship_date, delivery_date, status) VALUES (NULL, 343, 'FedEx', 'TRK000343', '2025-02-28', '2025-02-11', 'Delivered');
INSERT INTO Orders (order_id, customer_id, order_date, status, shipping_address, total_amount) VALUES (344, 199, '2025-07-21 07:47:21.656794', 'Shipped', '38805 Nicholas Turnpike Lisaton, VI 93440', 1332.36);
INSERT INTO Order_Items (order_item_id, order_id, product_id, quantity, unit_price, discount) VALUES (NULL, 344, 1, 1, 458.05, 15);
INSERT INTO Order_Items (order_item_id, order_id, product_id, quantity, unit_price, discount) VALUES (NULL, 344, 16, 2, 421.55, 15);
INSERT INTO Order_Items (order_item_id, order_id, product_id, quantity, unit_price, discount) VALUES (NULL, 344, 21, 3, 80.18, 10);
INSERT INTO Payments (payment_id, order_id, payment_date, payment_method, amount, currency) VALUES (NULL, 344, '2025-08-05 07:58:34.133386', 'Debit Card', 1332.36, 'USD');
INSERT INTO Shipping (shipping_id, order_id, carrier, tracking_number, ship_date, delivery_date, status) VALUES (NULL, 344, 'UPS', 'TRK000344', '2025-07-07', '2025-03-04', 'Delivered');
INSERT INTO Orders (order_id, customer_id, order_date, status, shipping_address, total_amount) VALUES (345, 93, '2025-05-08 10:55:27.561245', 'Shipped', 'USCGC Martinez FPO AE 17481', 2131.62);
INSERT INTO Order_Items (order_item_id, order_id, product_id, quantity, unit_price, discount) VALUES (NULL, 345, 36, 2, 189.22, 0);
INSERT INTO Order_Items (order_item_id, order_id, product_id, quantity, unit_price, discount) VALUES (NULL, 345, 17, 1, 396.59, 5);
INSERT INTO Payments (payment_id, order_id, payment_date, payment_method, amount, currency) VALUES (NULL, 345, '2025-06-07 03:30:22.491052', 'Credit Card', 2131.62, 'USD');
INSERT INTO Shipping (shipping_id, order_id, carrier, tracking_number, ship_date, delivery_date, status) VALUES (NULL, 345, 'DHL', 'TRK000345', '2025-08-19', '2025-07-07', 'Delivered');
INSERT INTO Orders (order_id, customer_id, order_date, status, shipping_address, total_amount) VALUES (346, 122, '2025-06-09 11:20:34.630084', 'Shipped', '8573 Peterson Lane Apt. 796 Tinaside, FM 81052', 467.01);
INSERT INTO Order_Items (order_item_id, order_id, product_id, quantity, unit_price, discount) VALUES (NULL, 346, 42, 1, 360.36, 10);
INSERT INTO Order_Items (order_item_id, order_id, product_id, quantity, unit_price, discount) VALUES (NULL, 346, 27, 3, 255.48, 0);
INSERT INTO Payments (payment_id, order_id, payment_date, payment_method, amount, currency) VALUES (NULL, 346, '2025-04-19 07:16:14.461421', 'Credit Card', 467.01, 'USD');
INSERT INTO Shipping (shipping_id, order_id, carrier, tracking_number, ship_date, delivery_date, status) VALUES (NULL, 346, 'UPS', 'TRK000346', '2025-05-16', '2025-07-22', 'Delivered');
INSERT INTO Orders (order_id, customer_id, order_date, status, shipping_address, total_amount) VALUES (347, 161, '2025-03-19 20:49:49.212625', 'Shipped', '6535 Morris Park West Timothy, SC 04576', 2620.67);
INSERT INTO Order_Items (order_item_id, order_id, product_id, quantity, unit_price, discount) VALUES (NULL, 347, 46, 3, 28.09, 15);
INSERT INTO Order_Items (order_item_id, order_id, product_id, quantity, unit_price, discount) VALUES (NULL, 347, 2, 1, 145.27, 0);
INSERT INTO Payments (payment_id, order_id, payment_date, payment_method, amount, currency) VALUES (NULL, 347, '2025-08-01 15:10:23.684916', 'Credit Card', 2620.67, 'USD');
INSERT INTO Shipping (shipping_id, order_id, carrier, tracking_number, ship_date, delivery_date, status) VALUES (NULL, 347, 'UPS', 'TRK000347', '2025-07-09', '2025-01-17', 'Delivered');
INSERT INTO Orders (order_id, customer_id, order_date, status, shipping_address, total_amount) VALUES (348, 41, '2025-06-23 00:04:40.247516', 'Shipped', '662 Day Drives Suite 825 Bartonshire, FL 01937', 2355.57);
INSERT INTO Order_Items (order_item_id, order_id, product_id, quantity, unit_price, discount) VALUES (NULL, 348, 19, 1, 182.33, 10);
INSERT INTO Order_Items (order_item_id, order_id, product_id, quantity, unit_price, discount) VALUES (NULL, 348, 40, 2, 35.32, 0);
INSERT INTO Order_Items (order_item_id, order_id, product_id, quantity, unit_price, discount) VALUES (NULL, 348, 38, 3, 262.82, 5);
INSERT INTO Payments (payment_id, order_id, payment_date, payment_method, amount, currency) VALUES (NULL, 348, '2025-04-02 17:58:32.478244', 'Debit Card', 2355.57, 'USD');
INSERT INTO Shipping (shipping_id, order_id, carrier, tracking_number, ship_date, delivery_date, status) VALUES (NULL, 348, 'UPS', 'TRK000348', '2025-04-13', '2025-07-15', 'Delivered');
INSERT INTO Orders (order_id, customer_id, order_date, status, shipping_address, total_amount) VALUES (349, 52, '2025-02-24 18:28:50.646213', 'Shipped', '8535 Sanchez Meadows Suite 477 Valenciatown, LA 98822', 1183.96);
INSERT INTO Order_Items (order_item_id, order_id, product_id, quantity, unit_price, discount) VALUES (NULL, 349, 17, 2, 472.52, 5);
INSERT INTO Order_Items (order_item_id, order_id, product_id, quantity, unit_price, discount) VALUES (NULL, 349, 27, 2, 446.28, 0);
INSERT INTO Order_Items (order_item_id, order_id, product_id, quantity, unit_price, discount) VALUES (NULL, 349, 36, 1, 86.06, 15);
INSERT INTO Order_Items (order_item_id, order_id, product_id, quantity, unit_price, discount) VALUES (NULL, 349, 43, 2, 464.73, 10);
INSERT INTO Order_Items (order_item_id, order_id, product_id, quantity, unit_price, discount) VALUES (NULL, 349, 26, 1, 423.02, 15);
INSERT INTO Payments (payment_id, order_id, payment_date, payment_method, amount, currency) VALUES (NULL, 349, '2025-04-09 01:45:56.532339', 'PayPal', 1183.96, 'USD');
INSERT INTO Shipping (shipping_id, order_id, carrier, tracking_number, ship_date, delivery_date, status) VALUES (NULL, 349, 'FedEx', 'TRK000349', '2025-07-09', '2025-02-07', 'Delivered');
INSERT INTO Orders (order_id, customer_id, order_date, status, shipping_address, total_amount) VALUES (350, 104, '2025-01-23 02:43:58.479238', 'Shipped', '454 Vargas Islands Suite 326 Andrewland, OH 32742', 837.44);
INSERT INTO Order_Items (order_item_id, order_id, product_id, quantity, unit_price, discount) VALUES (NULL, 350, 30, 1, 99.34, 0);
INSERT INTO Order_Items (order_item_id, order_id, product_id, quantity, unit_price, discount) VALUES (NULL, 350, 36, 1, 496.93, 10);
INSERT INTO Order_Items (order_item_id, order_id, product_id, quantity, unit_price, discount) VALUES (NULL, 350, 23, 1, 442.72, 10);
INSERT INTO Order_Items (order_item_id, order_id, product_id, quantity, unit_price, discount) VALUES (NULL, 350, 23, 3, 37.15, 10);
INSERT INTO Payments (payment_id, order_id, payment_date, payment_method, amount, currency) VALUES (NULL, 350, '2025-06-17 10:14:33.172120', 'PayPal', 837.44, 'USD');
INSERT INTO Shipping (shipping_id, order_id, carrier, tracking_number, ship_date, delivery_date, status) VALUES (NULL, 350, 'FedEx', 'TRK000350', '2025-04-25', '2025-04-03', 'Delivered');
INSERT INTO Orders (order_id, customer_id, order_date, status, shipping_address, total_amount) VALUES (351, 187, '2025-07-08 02:30:17.170079', 'Shipped', '1943 Peter Flats Caseyborough, AK 97287', 122.19);
INSERT INTO Order_Items (order_item_id, order_id, product_id, quantity, unit_price, discount) VALUES (NULL, 351, 1, 1, 28.62, 10);
INSERT INTO Order_Items (order_item_id, order_id, product_id, quantity, unit_price, discount) VALUES (NULL, 351, 7, 3, 438.37, 0);
INSERT INTO Order_Items (order_item_id, order_id, product_id, quantity, unit_price, discount) VALUES (NULL, 351, 31, 2, 326.4, 0);
INSERT INTO Order_Items (order_item_id, order_id, product_id, quantity, unit_price, discount) VALUES (NULL, 351, 40, 3, 11.95, 0);
INSERT INTO Payments (payment_id, order_id, payment_date, payment_method, amount, currency) VALUES (NULL, 351, '2025-06-18 02:15:39.174816', 'Credit Card', 122.19, 'USD');
INSERT INTO Shipping (shipping_id, order_id, carrier, tracking_number, ship_date, delivery_date, status) VALUES (NULL, 351, 'DHL', 'TRK000351', '2025-05-31', '2025-01-20', 'Delivered');
INSERT INTO Orders (order_id, customer_id, order_date, status, shipping_address, total_amount) VALUES (352, 193, '2025-06-30 10:19:47.612586', 'Shipped', 'PSC 3573, Box 2915 APO AE 11628', 2576.07);
INSERT INTO Order_Items (order_item_id, order_id, product_id, quantity, unit_price, discount) VALUES (NULL, 352, 7, 3, 475.13, 10);
INSERT INTO Payments (payment_id, order_id, payment_date, payment_method, amount, currency) VALUES (NULL, 352, '2025-03-28 12:16:02.467525', 'PayPal', 2576.07, 'USD');
INSERT INTO Shipping (shipping_id, order_id, carrier, tracking_number, ship_date, delivery_date, status) VALUES (NULL, 352, 'DHL', 'TRK000352', '2025-03-03', '2025-01-05', 'Delivered');
INSERT INTO Orders (order_id, customer_id, order_date, status, shipping_address, total_amount) VALUES (353, 94, '2025-06-29 06:33:57.501361', 'Shipped', '1821 Patricia Forest Apt. 976 South Donna, PA 81914', 820.68);
INSERT INTO Order_Items (order_item_id, order_id, product_id, quantity, unit_price, discount) VALUES (NULL, 353, 9, 2, 183.13, 5);
INSERT INTO Order_Items (order_item_id, order_id, product_id, quantity, unit_price, discount) VALUES (NULL, 353, 3, 1, 476.39, 0);
INSERT INTO Payments (payment_id, order_id, payment_date, payment_method, amount, currency) VALUES (NULL, 353, '2025-02-18 00:39:17.893138', 'Credit Card', 820.68, 'USD');
INSERT INTO Shipping (shipping_id, order_id, carrier, tracking_number, ship_date, delivery_date, status) VALUES (NULL, 353, 'UPS', 'TRK000353', '2025-02-23', '2025-06-18', 'Delivered');
INSERT INTO Orders (order_id, customer_id, order_date, status, shipping_address, total_amount) VALUES (354, 78, '2025-02-08 19:28:23.104789', 'Shipped', 'Unit 3129 Box 0394 DPO AE 38633', 1017.08);
INSERT INTO Order_Items (order_item_id, order_id, product_id, quantity, unit_price, discount) VALUES (NULL, 354, 30, 1, 452.77, 5);
INSERT INTO Order_Items (order_item_id, order_id, product_id, quantity, unit_price, discount) VALUES (NULL, 354, 36, 3, 218.23, 0);
INSERT INTO Order_Items (order_item_id, order_id, product_id, quantity, unit_price, discount) VALUES (NULL, 354, 39, 1, 195.31, 15);
INSERT INTO Payments (payment_id, order_id, payment_date, payment_method, amount, currency) VALUES (NULL, 354, '2025-03-22 20:39:21.524765', 'PayPal', 1017.08, 'USD');
INSERT INTO Shipping (shipping_id, order_id, carrier, tracking_number, ship_date, delivery_date, status) VALUES (NULL, 354, 'FedEx', 'TRK000354', '2025-08-31', '2025-06-25', 'Delivered');
INSERT INTO Orders (order_id, customer_id, order_date, status, shipping_address, total_amount) VALUES (355, 185, '2025-03-28 09:07:57.505133', 'Shipped', '9132 Smith Gardens Suite 687 South Sarahfort, LA 11234', 2777.34);
INSERT INTO Order_Items (order_item_id, order_id, product_id, quantity, unit_price, discount) VALUES (NULL, 355, 47, 1, 333.93, 5);
INSERT INTO Order_Items (order_item_id, order_id, product_id, quantity, unit_price, discount) VALUES (NULL, 355, 8, 1, 267.53, 15);
INSERT INTO Order_Items (order_item_id, order_id, product_id, quantity, unit_price, discount) VALUES (NULL, 355, 25, 1, 290.58, 15);
INSERT INTO Order_Items (order_item_id, order_id, product_id, quantity, unit_price, discount) VALUES (NULL, 355, 14, 2, 391.54, 5);
INSERT INTO Payments (payment_id, order_id, payment_date, payment_method, amount, currency) VALUES (NULL, 355, '2025-04-20 11:01:28.802599', 'Debit Card', 2777.34, 'USD');
INSERT INTO Shipping (shipping_id, order_id, carrier, tracking_number, ship_date, delivery_date, status) VALUES (NULL, 355, 'UPS', 'TRK000355', '2025-06-28', '2025-02-11', 'Delivered');
INSERT INTO Orders (order_id, customer_id, order_date, status, shipping_address, total_amount) VALUES (356, 63, '2025-05-31 23:15:21.664061', 'Shipped', 'USS Greene FPO AA 28092', 2984.27);
INSERT INTO Order_Items (order_item_id, order_id, product_id, quantity, unit_price, discount) VALUES (NULL, 356, 49, 1, 81.0, 5);
INSERT INTO Order_Items (order_item_id, order_id, product_id, quantity, unit_price, discount) VALUES (NULL, 356, 5, 1, 109.22, 5);
INSERT INTO Order_Items (order_item_id, order_id, product_id, quantity, unit_price, discount) VALUES (NULL, 356, 29, 2, 46.51, 10);
INSERT INTO Order_Items (order_item_id, order_id, product_id, quantity, unit_price, discount) VALUES (NULL, 356, 17, 1, 148.37, 10);
INSERT INTO Order_Items (order_item_id, order_id, product_id, quantity, unit_price, discount) VALUES (NULL, 356, 42, 2, 63.57, 5);
INSERT INTO Payments (payment_id, order_id, payment_date, payment_method, amount, currency) VALUES (NULL, 356, '2025-08-05 21:20:37.941948', 'PayPal', 2984.27, 'USD');
INSERT INTO Shipping (shipping_id, order_id, carrier, tracking_number, ship_date, delivery_date, status) VALUES (NULL, 356, 'DHL', 'TRK000356', '2025-08-20', '2025-07-24', 'Delivered');
INSERT INTO Orders (order_id, customer_id, order_date, status, shipping_address, total_amount) VALUES (357, 72, '2025-03-13 02:12:54.167309', 'Shipped', '71831 Courtney Mount Suite 199 Griffithchester, SD 30579', 897.44);
INSERT INTO Order_Items (order_item_id, order_id, product_id, quantity, unit_price, discount) VALUES (NULL, 357, 39, 2, 206.81, 10);
INSERT INTO Payments (payment_id, order_id, payment_date, payment_method, amount, currency) VALUES (NULL, 357, '2025-02-14 15:24:22.057916', 'Debit Card', 897.44, 'USD');
INSERT INTO Shipping (shipping_id, order_id, carrier, tracking_number, ship_date, delivery_date, status) VALUES (NULL, 357, 'DHL', 'TRK000357', '2025-03-02', '2025-01-27', 'Delivered');
INSERT INTO Orders (order_id, customer_id, order_date, status, shipping_address, total_amount) VALUES (358, 42, '2025-02-20 08:21:20.163274', 'Shipped', '76384 Robertson Bridge Suite 415 West Juan, PA 78056', 1629.76);
INSERT INTO Order_Items (order_item_id, order_id, product_id, quantity, unit_price, discount) VALUES (NULL, 358, 48, 3, 364.13, 0);
INSERT INTO Payments (payment_id, order_id, payment_date, payment_method, amount, currency) VALUES (NULL, 358, '2025-02-25 23:14:54.637500', 'PayPal', 1629.76, 'USD');
INSERT INTO Shipping (shipping_id, order_id, carrier, tracking_number, ship_date, delivery_date, status) VALUES (NULL, 358, 'UPS', 'TRK000358', '2025-05-24', '2025-06-11', 'Delivered');
INSERT INTO Orders (order_id, customer_id, order_date, status, shipping_address, total_amount) VALUES (359, 66, '2025-01-09 13:49:58.019055', 'Shipped', '84984 Thompson Plain Apt. 930 Conwayville, MA 00702', 2912.16);
INSERT INTO Order_Items (order_item_id, order_id, product_id, quantity, unit_price, discount) VALUES (NULL, 359, 19, 3, 457.07, 0);
INSERT INTO Payments (payment_id, order_id, payment_date, payment_method, amount, currency) VALUES (NULL, 359, '2025-07-06 21:56:14.940956', 'PayPal', 2912.16, 'USD');
INSERT INTO Shipping (shipping_id, order_id, carrier, tracking_number, ship_date, delivery_date, status) VALUES (NULL, 359, 'FedEx', 'TRK000359', '2025-01-28', '2025-03-11', 'Delivered');
INSERT INTO Orders (order_id, customer_id, order_date, status, shipping_address, total_amount) VALUES (360, 142, '2025-04-12 23:10:36.989508', 'Shipped', '969 Alvarez Port Suite 962 Brianmouth, KY 87478', 716.25);
INSERT INTO Order_Items (order_item_id, order_id, product_id, quantity, unit_price, discount) VALUES (NULL, 360, 39, 2, 148.87, 15);
INSERT INTO Order_Items (order_item_id, order_id, product_id, quantity, unit_price, discount) VALUES (NULL, 360, 22, 3, 164.67, 10);
INSERT INTO Order_Items (order_item_id, order_id, product_id, quantity, unit_price, discount) VALUES (NULL, 360, 32, 2, 77.01, 5);
INSERT INTO Payments (payment_id, order_id, payment_date, payment_method, amount, currency) VALUES (NULL, 360, '2025-03-21 18:03:26.124123', 'Credit Card', 716.25, 'USD');
INSERT INTO Shipping (shipping_id, order_id, carrier, tracking_number, ship_date, delivery_date, status) VALUES (NULL, 360, 'UPS', 'TRK000360', '2025-07-21', '2025-06-01', 'Delivered');
INSERT INTO Orders (order_id, customer_id, order_date, status, shipping_address, total_amount) VALUES (361, 54, '2025-01-26 04:55:22.098836', 'Shipped', '795 James Pike Gregoryfurt, IN 83564', 2964.82);
INSERT INTO Order_Items (order_item_id, order_id, product_id, quantity, unit_price, discount) VALUES (NULL, 361, 1, 1, 353.24, 5);
INSERT INTO Order_Items (order_item_id, order_id, product_id, quantity, unit_price, discount) VALUES (NULL, 361, 16, 1, 209.3, 15);
INSERT INTO Order_Items (order_item_id, order_id, product_id, quantity, unit_price, discount) VALUES (NULL, 361, 11, 2, 131.54, 5);
INSERT INTO Order_Items (order_item_id, order_id, product_id, quantity, unit_price, discount) VALUES (NULL, 361, 16, 2, 411.34, 15);
INSERT INTO Payments (payment_id, order_id, payment_date, payment_method, amount, currency) VALUES (NULL, 361, '2025-03-28 06:39:23.633236', 'Debit Card', 2964.82, 'USD');
INSERT INTO Shipping (shipping_id, order_id, carrier, tracking_number, ship_date, delivery_date, status) VALUES (NULL, 361, 'UPS', 'TRK000361', '2025-01-27', '2025-04-26', 'Delivered');
INSERT INTO Orders (order_id, customer_id, order_date, status, shipping_address, total_amount) VALUES (362, 58, '2025-03-22 13:36:57.344849', 'Shipped', '66302 Fuentes Trail Andrewbury, MT 65897', 2881.56);
INSERT INTO Order_Items (order_item_id, order_id, product_id, quantity, unit_price, discount) VALUES (NULL, 362, 25, 3, 204.93, 10);
INSERT INTO Order_Items (order_item_id, order_id, product_id, quantity, unit_price, discount) VALUES (NULL, 362, 16, 1, 329.33, 5);
INSERT INTO Order_Items (order_item_id, order_id, product_id, quantity, unit_price, discount) VALUES (NULL, 362, 35, 1, 498.29, 10);
INSERT INTO Payments (payment_id, order_id, payment_date, payment_method, amount, currency) VALUES (NULL, 362, '2025-04-17 19:28:08.438960', 'PayPal', 2881.56, 'USD');
INSERT INTO Shipping (shipping_id, order_id, carrier, tracking_number, ship_date, delivery_date, status) VALUES (NULL, 362, 'DHL', 'TRK000362', '2025-04-16', '2025-01-15', 'Delivered');
INSERT INTO Orders (order_id, customer_id, order_date, status, shipping_address, total_amount) VALUES (363, 113, '2025-07-18 20:56:08.783981', 'Shipped', '685 Christian Spurs Apt. 277 Elizabethmouth, FM 44502', 2747.69);
INSERT INTO Order_Items (order_item_id, order_id, product_id, quantity, unit_price, discount) VALUES (NULL, 363, 43, 1, 301.42, 10);
INSERT INTO Payments (payment_id, order_id, payment_date, payment_method, amount, currency) VALUES (NULL, 363, '2025-05-19 09:06:00.445390', 'Debit Card', 2747.69, 'USD');
INSERT INTO Shipping (shipping_id, order_id, carrier, tracking_number, ship_date, delivery_date, status) VALUES (NULL, 363, 'UPS', 'TRK000363', '2025-02-20', '2025-07-12', 'Delivered');
INSERT INTO Orders (order_id, customer_id, order_date, status, shipping_address, total_amount) VALUES (364, 122, '2025-04-06 13:05:05.563619', 'Shipped', '777 Snyder Junction Suite 259 Martinland, DC 39582', 1542.85);
INSERT INTO Order_Items (order_item_id, order_id, product_id, quantity, unit_price, discount) VALUES (NULL, 364, 32, 3, 460.11, 0);
INSERT INTO Payments (payment_id, order_id, payment_date, payment_method, amount, currency) VALUES (NULL, 364, '2025-03-04 05:27:07.260478', 'PayPal', 1542.85, 'USD');
INSERT INTO Shipping (shipping_id, order_id, carrier, tracking_number, ship_date, delivery_date, status) VALUES (NULL, 364, 'UPS', 'TRK000364', '2025-02-28', '2025-08-10', 'Delivered');
INSERT INTO Orders (order_id, customer_id, order_date, status, shipping_address, total_amount) VALUES (365, 113, '2025-06-08 08:04:24.483791', 'Shipped', '095 Castillo Cape New Stephaniebury, SC 61465', 1333.24);
INSERT INTO Order_Items (order_item_id, order_id, product_id, quantity, unit_price, discount) VALUES (NULL, 365, 25, 3, 466.88, 15);
INSERT INTO Order_Items (order_item_id, order_id, product_id, quantity, unit_price, discount) VALUES (NULL, 365, 17, 2, 491.51, 15);
INSERT INTO Order_Items (order_item_id, order_id, product_id, quantity, unit_price, discount) VALUES (NULL, 365, 35, 1, 250.47, 15);
INSERT INTO Order_Items (order_item_id, order_id, product_id, quantity, unit_price, discount) VALUES (NULL, 365, 33, 2, 488.75, 5);
INSERT INTO Order_Items (order_item_id, order_id, product_id, quantity, unit_price, discount) VALUES (NULL, 365, 44, 2, 323.92, 0);
INSERT INTO Payments (payment_id, order_id, payment_date, payment_method, amount, currency) VALUES (NULL, 365, '2025-03-07 08:47:04.196705', 'Debit Card', 1333.24, 'USD');
INSERT INTO Shipping (shipping_id, order_id, carrier, tracking_number, ship_date, delivery_date, status) VALUES (NULL, 365, 'DHL', 'TRK000365', '2025-05-29', '2025-07-18', 'Delivered');
INSERT INTO Orders (order_id, customer_id, order_date, status, shipping_address, total_amount) VALUES (366, 137, '2025-08-06 07:16:32.287976', 'Shipped', '06434 Rubio Lodge Apt. 861 Amandaside, IL 01189', 434.87);
INSERT INTO Order_Items (order_item_id, order_id, product_id, quantity, unit_price, discount) VALUES (NULL, 366, 10, 2, 288.82, 10);
INSERT INTO Order_Items (order_item_id, order_id, product_id, quantity, unit_price, discount) VALUES (NULL, 366, 2, 1, 356.59, 5);
INSERT INTO Order_Items (order_item_id, order_id, product_id, quantity, unit_price, discount) VALUES (NULL, 366, 41, 3, 376.11, 5);
INSERT INTO Order_Items (order_item_id, order_id, product_id, quantity, unit_price, discount) VALUES (NULL, 366, 18, 2, 301.96, 10);
INSERT INTO Payments (payment_id, order_id, payment_date, payment_method, amount, currency) VALUES (NULL, 366, '2025-05-05 21:15:23.246598', 'Credit Card', 434.87, 'USD');
INSERT INTO Shipping (shipping_id, order_id, carrier, tracking_number, ship_date, delivery_date, status) VALUES (NULL, 366, 'UPS', 'TRK000366', '2025-03-30', '2025-06-14', 'Delivered');
INSERT INTO Orders (order_id, customer_id, order_date, status, shipping_address, total_amount) VALUES (367, 182, '2025-03-05 21:07:11.524998', 'Shipped', 'PSC 7807, Box 8504 APO AE 45432', 2795.77);
INSERT INTO Order_Items (order_item_id, order_id, product_id, quantity, unit_price, discount) VALUES (NULL, 367, 23, 3, 368.08, 15);
INSERT INTO Payments (payment_id, order_id, payment_date, payment_method, amount, currency) VALUES (NULL, 367, '2025-05-11 16:28:11.731129', 'Debit Card', 2795.77, 'USD');
INSERT INTO Shipping (shipping_id, order_id, carrier, tracking_number, ship_date, delivery_date, status) VALUES (NULL, 367, 'FedEx', 'TRK000367', '2025-07-04', '2025-04-03', 'Delivered');
INSERT INTO Orders (order_id, customer_id, order_date, status, shipping_address, total_amount) VALUES (368, 50, '2025-07-26 12:08:21.589796', 'Shipped', '3452 John Causeway Port Kaylatown, MP 00612', 638.19);
INSERT INTO Order_Items (order_item_id, order_id, product_id, quantity, unit_price, discount) VALUES (NULL, 368, 22, 1, 400.26, 5);
INSERT INTO Order_Items (order_item_id, order_id, product_id, quantity, unit_price, discount) VALUES (NULL, 368, 8, 3, 408.48, 10);
INSERT INTO Order_Items (order_item_id, order_id, product_id, quantity, unit_price, discount) VALUES (NULL, 368, 37, 1, 195.09, 0);
INSERT INTO Order_Items (order_item_id, order_id, product_id, quantity, unit_price, discount) VALUES (NULL, 368, 8, 2, 18.55, 15);
INSERT INTO Payments (payment_id, order_id, payment_date, payment_method, amount, currency) VALUES (NULL, 368, '2025-03-08 05:38:09.542092', 'Debit Card', 638.19, 'USD');
INSERT INTO Shipping (shipping_id, order_id, carrier, tracking_number, ship_date, delivery_date, status) VALUES (NULL, 368, 'UPS', 'TRK000368', '2025-06-29', '2025-09-02', 'Delivered');
INSERT INTO Orders (order_id, customer_id, order_date, status, shipping_address, total_amount) VALUES (369, 108, '2025-05-24 22:54:17.442638', 'Shipped', '003 Miller Falls New Claudiabury, CT 39885', 1925.22);
INSERT INTO Order_Items (order_item_id, order_id, product_id, quantity, unit_price, discount) VALUES (NULL, 369, 12, 3, 183.38, 0);
INSERT INTO Order_Items (order_item_id, order_id, product_id, quantity, unit_price, discount) VALUES (NULL, 369, 44, 1, 54.93, 0);
INSERT INTO Order_Items (order_item_id, order_id, product_id, quantity, unit_price, discount) VALUES (NULL, 369, 48, 3, 70.25, 5);
INSERT INTO Payments (payment_id, order_id, payment_date, payment_method, amount, currency) VALUES (NULL, 369, '2025-02-01 21:20:32.528901', 'PayPal', 1925.22, 'USD');
INSERT INTO Shipping (shipping_id, order_id, carrier, tracking_number, ship_date, delivery_date, status) VALUES (NULL, 369, 'FedEx', 'TRK000369', '2025-05-02', '2025-04-29', 'Delivered');
INSERT INTO Orders (order_id, customer_id, order_date, status, shipping_address, total_amount) VALUES (370, 192, '2025-07-15 02:32:39.321643', 'Shipped', '52057 Angela Inlet Scottstad, WI 97955', 1423.66);
INSERT INTO Order_Items (order_item_id, order_id, product_id, quantity, unit_price, discount) VALUES (NULL, 370, 21, 1, 415.05, 10);
INSERT INTO Order_Items (order_item_id, order_id, product_id, quantity, unit_price, discount) VALUES (NULL, 370, 1, 3, 143.48, 15);
INSERT INTO Payments (payment_id, order_id, payment_date, payment_method, amount, currency) VALUES (NULL, 370, '2025-05-18 04:59:41.314963', 'Debit Card', 1423.66, 'USD');
INSERT INTO Shipping (shipping_id, order_id, carrier, tracking_number, ship_date, delivery_date, status) VALUES (NULL, 370, 'DHL', 'TRK000370', '2025-04-06', '2025-05-10', 'Delivered');
INSERT INTO Orders (order_id, customer_id, order_date, status, shipping_address, total_amount) VALUES (371, 13, '2025-06-30 22:26:50.854219', 'Shipped', '7954 Carolyn Loop Apt. 560 Campbellchester, NC 28622', 1118.76);
INSERT INTO Order_Items (order_item_id, order_id, product_id, quantity, unit_price, discount) VALUES (NULL, 371, 2, 2, 465.13, 10);
INSERT INTO Order_Items (order_item_id, order_id, product_id, quantity, unit_price, discount) VALUES (NULL, 371, 48, 3, 247.84, 0);
INSERT INTO Order_Items (order_item_id, order_id, product_id, quantity, unit_price, discount) VALUES (NULL, 371, 3, 3, 214.61, 10);
INSERT INTO Order_Items (order_item_id, order_id, product_id, quantity, unit_price, discount) VALUES (NULL, 371, 39, 2, 55.5, 0);
INSERT INTO Order_Items (order_item_id, order_id, product_id, quantity, unit_price, discount) VALUES (NULL, 371, 28, 2, 61.79, 10);
INSERT INTO Payments (payment_id, order_id, payment_date, payment_method, amount, currency) VALUES (NULL, 371, '2025-03-22 08:27:52.086000', 'Debit Card', 1118.76, 'USD');
INSERT INTO Shipping (shipping_id, order_id, carrier, tracking_number, ship_date, delivery_date, status) VALUES (NULL, 371, 'DHL', 'TRK000371', '2025-06-17', '2025-05-15', 'Delivered');
INSERT INTO Orders (order_id, customer_id, order_date, status, shipping_address, total_amount) VALUES (372, 128, '2025-06-19 03:53:49.051773', 'Shipped', '601 Mark Creek Apt. 216 Port Jamesfort, ND 12978', 1933.92);
INSERT INTO Order_Items (order_item_id, order_id, product_id, quantity, unit_price, discount) VALUES (NULL, 372, 35, 1, 411.1, 5);
INSERT INTO Order_Items (order_item_id, order_id, product_id, quantity, unit_price, discount) VALUES (NULL, 372, 8, 3, 391.6, 0);
INSERT INTO Order_Items (order_item_id, order_id, product_id, quantity, unit_price, discount) VALUES (NULL, 372, 12, 1, 389.65, 0);
INSERT INTO Order_Items (order_item_id, order_id, product_id, quantity, unit_price, discount) VALUES (NULL, 372, 15, 2, 308.05, 0);
INSERT INTO Payments (payment_id, order_id, payment_date, payment_method, amount, currency) VALUES (NULL, 372, '2025-08-24 09:59:38.120283', 'PayPal', 1933.92, 'USD');
INSERT INTO Shipping (shipping_id, order_id, carrier, tracking_number, ship_date, delivery_date, status) VALUES (NULL, 372, 'DHL', 'TRK000372', '2025-06-05', '2025-01-28', 'Delivered');
INSERT INTO Orders (order_id, customer_id, order_date, status, shipping_address, total_amount) VALUES (373, 125, '2025-07-31 03:07:07.827306', 'Shipped', 'USCGC Schmidt FPO AP 35296', 1707.15);
INSERT INTO Order_Items (order_item_id, order_id, product_id, quantity, unit_price, discount) VALUES (NULL, 373, 17, 2, 247.18, 10);
INSERT INTO Order_Items (order_item_id, order_id, product_id, quantity, unit_price, discount) VALUES (NULL, 373, 11, 3, 111.85, 5);
INSERT INTO Order_Items (order_item_id, order_id, product_id, quantity, unit_price, discount) VALUES (NULL, 373, 32, 3, 201.65, 15);
INSERT INTO Order_Items (order_item_id, order_id, product_id, quantity, unit_price, discount) VALUES (NULL, 373, 43, 1, 27.99, 0);
INSERT INTO Order_Items (order_item_id, order_id, product_id, quantity, unit_price, discount) VALUES (NULL, 373, 20, 3, 260.36, 15);
INSERT INTO Payments (payment_id, order_id, payment_date, payment_method, amount, currency) VALUES (NULL, 373, '2025-05-30 07:28:21.315547', 'PayPal', 1707.15, 'USD');
INSERT INTO Shipping (shipping_id, order_id, carrier, tracking_number, ship_date, delivery_date, status) VALUES (NULL, 373, 'DHL', 'TRK000373', '2025-03-12', '2025-01-26', 'Delivered');
INSERT INTO Orders (order_id, customer_id, order_date, status, shipping_address, total_amount) VALUES (374, 6, '2025-06-24 05:48:02.682086', 'Shipped', '33627 Stephanie Mill Apt. 634 Robertsonview, MO 70337', 732.62);
INSERT INTO Order_Items (order_item_id, order_id, product_id, quantity, unit_price, discount) VALUES (NULL, 374, 11, 1, 319.85, 15);
INSERT INTO Order_Items (order_item_id, order_id, product_id, quantity, unit_price, discount) VALUES (NULL, 374, 17, 1, 163.05, 0);
INSERT INTO Order_Items (order_item_id, order_id, product_id, quantity, unit_price, discount) VALUES (NULL, 374, 5, 3, 375.69, 0);
INSERT INTO Order_Items (order_item_id, order_id, product_id, quantity, unit_price, discount) VALUES (NULL, 374, 35, 2, 193.63, 10);
INSERT INTO Order_Items (order_item_id, order_id, product_id, quantity, unit_price, discount) VALUES (NULL, 374, 32, 3, 106.22, 5);
INSERT INTO Payments (payment_id, order_id, payment_date, payment_method, amount, currency) VALUES (NULL, 374, '2025-08-17 23:02:59.728192', 'Debit Card', 732.62, 'USD');
INSERT INTO Shipping (shipping_id, order_id, carrier, tracking_number, ship_date, delivery_date, status) VALUES (NULL, 374, 'UPS', 'TRK000374', '2025-05-10', '2025-07-30', 'Delivered');
INSERT INTO Orders (order_id, customer_id, order_date, status, shipping_address, total_amount) VALUES (375, 121, '2025-07-16 12:19:24.659314', 'Shipped', '9942 Michelle Ports Apt. 963 Port Davidchester, MS 58145', 713.95);
INSERT INTO Order_Items (order_item_id, order_id, product_id, quantity, unit_price, discount) VALUES (NULL, 375, 4, 3, 101.78, 15);
INSERT INTO Payments (payment_id, order_id, payment_date, payment_method, amount, currency) VALUES (NULL, 375, '2025-07-28 09:06:56.105154', 'Credit Card', 713.95, 'USD');
INSERT INTO Shipping (shipping_id, order_id, carrier, tracking_number, ship_date, delivery_date, status) VALUES (NULL, 375, 'FedEx', 'TRK000375', '2025-01-03', '2025-01-28', 'Delivered');
INSERT INTO Orders (order_id, customer_id, order_date, status, shipping_address, total_amount) VALUES (376, 115, '2025-01-03 03:05:21.975344', 'Shipped', '527 Traci Summit Apt. 312 Port Melissa, OR 32730', 833.97);
INSERT INTO Order_Items (order_item_id, order_id, product_id, quantity, unit_price, discount) VALUES (NULL, 376, 15, 3, 327.77, 15);
INSERT INTO Order_Items (order_item_id, order_id, product_id, quantity, unit_price, discount) VALUES (NULL, 376, 4, 1, 15.67, 5);
INSERT INTO Order_Items (order_item_id, order_id, product_id, quantity, unit_price, discount) VALUES (NULL, 376, 33, 2, 70.55, 10);
INSERT INTO Payments (payment_id, order_id, payment_date, payment_method, amount, currency) VALUES (NULL, 376, '2025-03-28 08:36:36.535129', 'PayPal', 833.97, 'USD');
INSERT INTO Shipping (shipping_id, order_id, carrier, tracking_number, ship_date, delivery_date, status) VALUES (NULL, 376, 'FedEx', 'TRK000376', '2025-01-05', '2025-07-09', 'Delivered');
INSERT INTO Orders (order_id, customer_id, order_date, status, shipping_address, total_amount) VALUES (377, 148, '2025-02-19 17:17:00.509975', 'Shipped', '9458 David Street Suite 597 East Michele, AL 17962', 1833.31);
INSERT INTO Order_Items (order_item_id, order_id, product_id, quantity, unit_price, discount) VALUES (NULL, 377, 9, 1, 299.2, 10);
INSERT INTO Order_Items (order_item_id, order_id, product_id, quantity, unit_price, discount) VALUES (NULL, 377, 27, 1, 203.43, 0);
INSERT INTO Order_Items (order_item_id, order_id, product_id, quantity, unit_price, discount) VALUES (NULL, 377, 26, 2, 230.02, 10);
INSERT INTO Order_Items (order_item_id, order_id, product_id, quantity, unit_price, discount) VALUES (NULL, 377, 27, 1, 257.44, 10);
INSERT INTO Order_Items (order_item_id, order_id, product_id, quantity, unit_price, discount) VALUES (NULL, 377, 16, 1, 268.76, 10);
INSERT INTO Payments (payment_id, order_id, payment_date, payment_method, amount, currency) VALUES (NULL, 377, '2025-03-12 09:34:29.652438', 'Debit Card', 1833.31, 'USD');
INSERT INTO Shipping (shipping_id, order_id, carrier, tracking_number, ship_date, delivery_date, status) VALUES (NULL, 377, 'UPS', 'TRK000377', '2025-03-05', '2025-01-22', 'Delivered');
INSERT INTO Orders (order_id, customer_id, order_date, status, shipping_address, total_amount) VALUES (378, 69, '2025-02-26 14:48:02.734492', 'Shipped', '9065 Billy Crossing Suite 797 Walkerport, AS 76215', 2595.16);
INSERT INTO Order_Items (order_item_id, order_id, product_id, quantity, unit_price, discount) VALUES (NULL, 378, 25, 3, 141.48, 10);
INSERT INTO Payments (payment_id, order_id, payment_date, payment_method, amount, currency) VALUES (NULL, 378, '2025-03-24 05:18:10.757962', 'Credit Card', 2595.16, 'USD');
INSERT INTO Shipping (shipping_id, order_id, carrier, tracking_number, ship_date, delivery_date, status) VALUES (NULL, 378, 'DHL', 'TRK000378', '2025-08-19', '2025-01-25', 'Delivered');
INSERT INTO Orders (order_id, customer_id, order_date, status, shipping_address, total_amount) VALUES (379, 20, '2025-05-06 00:36:45.712144', 'Shipped', '43869 Becky Trafficway Apt. 890 Christinabury, IA 96918', 1561.69);
INSERT INTO Order_Items (order_item_id, order_id, product_id, quantity, unit_price, discount) VALUES (NULL, 379, 36, 3, 251.45, 10);
INSERT INTO Order_Items (order_item_id, order_id, product_id, quantity, unit_price, discount) VALUES (NULL, 379, 12, 2, 440.86, 15);
INSERT INTO Order_Items (order_item_id, order_id, product_id, quantity, unit_price, discount) VALUES (NULL, 379, 50, 3, 260.7, 5);
INSERT INTO Payments (payment_id, order_id, payment_date, payment_method, amount, currency) VALUES (NULL, 379, '2025-02-20 20:56:50.739155', 'Debit Card', 1561.69, 'USD');
INSERT INTO Shipping (shipping_id, order_id, carrier, tracking_number, ship_date, delivery_date, status) VALUES (NULL, 379, 'DHL', 'TRK000379', '2025-08-25', '2025-06-20', 'Delivered');
INSERT INTO Orders (order_id, customer_id, order_date, status, shipping_address, total_amount) VALUES (380, 28, '2025-02-04 06:59:59.724645', 'Shipped', '862 Jennings Wells Debraborough, IN 90881', 1354.44);
INSERT INTO Order_Items (order_item_id, order_id, product_id, quantity, unit_price, discount) VALUES (NULL, 380, 42, 2, 103.34, 0);
INSERT INTO Order_Items (order_item_id, order_id, product_id, quantity, unit_price, discount) VALUES (NULL, 380, 40, 1, 335.16, 0);
INSERT INTO Order_Items (order_item_id, order_id, product_id, quantity, unit_price, discount) VALUES (NULL, 380, 38, 3, 482.32, 0);
INSERT INTO Order_Items (order_item_id, order_id, product_id, quantity, unit_price, discount) VALUES (NULL, 380, 35, 2, 285.44, 10);
INSERT INTO Payments (payment_id, order_id, payment_date, payment_method, amount, currency) VALUES (NULL, 380, '2025-01-03 21:26:54.452311', 'Credit Card', 1354.44, 'USD');
INSERT INTO Shipping (shipping_id, order_id, carrier, tracking_number, ship_date, delivery_date, status) VALUES (NULL, 380, 'FedEx', 'TRK000380', '2025-06-07', '2025-08-06', 'Delivered');
INSERT INTO Orders (order_id, customer_id, order_date, status, shipping_address, total_amount) VALUES (381, 121, '2025-08-22 11:56:02.460010', 'Shipped', '19353 Shirley Isle Port Jean, NE 10827', 1449.32);
INSERT INTO Order_Items (order_item_id, order_id, product_id, quantity, unit_price, discount) VALUES (NULL, 381, 34, 1, 337.72, 0);
INSERT INTO Payments (payment_id, order_id, payment_date, payment_method, amount, currency) VALUES (NULL, 381, '2025-02-05 21:23:59.433211', 'PayPal', 1449.32, 'USD');
INSERT INTO Shipping (shipping_id, order_id, carrier, tracking_number, ship_date, delivery_date, status) VALUES (NULL, 381, 'FedEx', 'TRK000381', '2025-06-11', '2025-07-05', 'Delivered');
INSERT INTO Orders (order_id, customer_id, order_date, status, shipping_address, total_amount) VALUES (382, 196, '2025-08-19 03:17:34.990129', 'Shipped', '7433 Sean Meadow West Derrick, CO 79319', 1628.2);
INSERT INTO Order_Items (order_item_id, order_id, product_id, quantity, unit_price, discount) VALUES (NULL, 382, 46, 2, 99.08, 15);
INSERT INTO Payments (payment_id, order_id, payment_date, payment_method, amount, currency) VALUES (NULL, 382, '2025-09-01 21:22:45.359949', 'PayPal', 1628.2, 'USD');
INSERT INTO Shipping (shipping_id, order_id, carrier, tracking_number, ship_date, delivery_date, status) VALUES (NULL, 382, 'DHL', 'TRK000382', '2025-05-30', '2025-03-14', 'Delivered');
INSERT INTO Orders (order_id, customer_id, order_date, status, shipping_address, total_amount) VALUES (383, 199, '2025-07-20 13:16:34.196024', 'Shipped', '12276 Patrick Plains West Megan, PR 08737', 428.77);
INSERT INTO Order_Items (order_item_id, order_id, product_id, quantity, unit_price, discount) VALUES (NULL, 383, 4, 3, 27.61, 0);
INSERT INTO Order_Items (order_item_id, order_id, product_id, quantity, unit_price, discount) VALUES (NULL, 383, 15, 3, 452.65, 15);
INSERT INTO Order_Items (order_item_id, order_id, product_id, quantity, unit_price, discount) VALUES (NULL, 383, 8, 2, 441.7, 5);
INSERT INTO Order_Items (order_item_id, order_id, product_id, quantity, unit_price, discount) VALUES (NULL, 383, 28, 3, 102.03, 0);
INSERT INTO Order_Items (order_item_id, order_id, product_id, quantity, unit_price, discount) VALUES (NULL, 383, 3, 3, 179.12, 15);
INSERT INTO Payments (payment_id, order_id, payment_date, payment_method, amount, currency) VALUES (NULL, 383, '2025-03-16 03:44:21.578486', 'Debit Card', 428.77, 'USD');
INSERT INTO Shipping (shipping_id, order_id, carrier, tracking_number, ship_date, delivery_date, status) VALUES (NULL, 383, 'DHL', 'TRK000383', '2025-03-28', '2025-01-12', 'Delivered');
INSERT INTO Orders (order_id, customer_id, order_date, status, shipping_address, total_amount) VALUES (384, 149, '2025-05-04 10:10:47.111883', 'Shipped', 'PSC 9186, Box 5316 APO AE 52190', 2474.37);
INSERT INTO Order_Items (order_item_id, order_id, product_id, quantity, unit_price, discount) VALUES (NULL, 384, 18, 1, 353.07, 5);
INSERT INTO Payments (payment_id, order_id, payment_date, payment_method, amount, currency) VALUES (NULL, 384, '2025-08-05 16:30:47.409012', 'Debit Card', 2474.37, 'USD');
INSERT INTO Shipping (shipping_id, order_id, carrier, tracking_number, ship_date, delivery_date, status) VALUES (NULL, 384, 'FedEx', 'TRK000384', '2025-05-07', '2025-06-02', 'Delivered');
INSERT INTO Orders (order_id, customer_id, order_date, status, shipping_address, total_amount) VALUES (385, 181, '2025-02-07 23:39:16.630610', 'Shipped', '7815 Wendy Stravenue Apt. 142 Lake Dylan, NC 02973', 1876.28);
INSERT INTO Order_Items (order_item_id, order_id, product_id, quantity, unit_price, discount) VALUES (NULL, 385, 48, 2, 357.23, 10);
INSERT INTO Order_Items (order_item_id, order_id, product_id, quantity, unit_price, discount) VALUES (NULL, 385, 25, 1, 338.51, 15);
INSERT INTO Order_Items (order_item_id, order_id, product_id, quantity, unit_price, discount) VALUES (NULL, 385, 20, 1, 18.17, 0);
INSERT INTO Order_Items (order_item_id, order_id, product_id, quantity, unit_price, discount) VALUES (NULL, 385, 31, 3, 85.7, 15);
INSERT INTO Payments (payment_id, order_id, payment_date, payment_method, amount, currency) VALUES (NULL, 385, '2025-07-14 01:31:49.825739', 'Debit Card', 1876.28, 'USD');
INSERT INTO Shipping (shipping_id, order_id, carrier, tracking_number, ship_date, delivery_date, status) VALUES (NULL, 385, 'UPS', 'TRK000385', '2025-08-23', '2025-03-09', 'Delivered');
INSERT INTO Orders (order_id, customer_id, order_date, status, shipping_address, total_amount) VALUES (386, 115, '2025-01-15 20:05:59.228724', 'Shipped', '8997 Ortega Passage Suite 857 Phillipville, OR 71895', 246.7);
INSERT INTO Order_Items (order_item_id, order_id, product_id, quantity, unit_price, discount) VALUES (NULL, 386, 22, 2, 24.44, 10);
INSERT INTO Payments (payment_id, order_id, payment_date, payment_method, amount, currency) VALUES (NULL, 386, '2025-08-14 19:56:43.306837', 'Debit Card', 246.7, 'USD');
INSERT INTO Shipping (shipping_id, order_id, carrier, tracking_number, ship_date, delivery_date, status) VALUES (NULL, 386, 'UPS', 'TRK000386', '2025-06-02', '2025-02-22', 'Delivered');
INSERT INTO Orders (order_id, customer_id, order_date, status, shipping_address, total_amount) VALUES (387, 22, '2025-04-19 12:52:17.189500', 'Shipped', '6541 Hodge Divide Apt. 996 Guerreroside, SD 03018', 202.09);
INSERT INTO Order_Items (order_item_id, order_id, product_id, quantity, unit_price, discount) VALUES (NULL, 387, 50, 2, 11.88, 5);
INSERT INTO Payments (payment_id, order_id, payment_date, payment_method, amount, currency) VALUES (NULL, 387, '2025-07-08 19:37:20.541665', 'PayPal', 202.09, 'USD');
INSERT INTO Shipping (shipping_id, order_id, carrier, tracking_number, ship_date, delivery_date, status) VALUES (NULL, 387, 'DHL', 'TRK000387', '2025-07-15', '2025-04-06', 'Delivered');
INSERT INTO Orders (order_id, customer_id, order_date, status, shipping_address, total_amount) VALUES (388, 117, '2025-08-13 00:57:34.012281', 'Shipped', '8337 Gross Stravenue Suite 483 South Michael, SC 86213', 1077.97);
INSERT INTO Order_Items (order_item_id, order_id, product_id, quantity, unit_price, discount) VALUES (NULL, 388, 46, 1, 482.78, 15);
INSERT INTO Payments (payment_id, order_id, payment_date, payment_method, amount, currency) VALUES (NULL, 388, '2025-01-29 12:45:20.012267', 'Credit Card', 1077.97, 'USD');
INSERT INTO Shipping (shipping_id, order_id, carrier, tracking_number, ship_date, delivery_date, status) VALUES (NULL, 388, 'DHL', 'TRK000388', '2025-02-23', '2025-08-19', 'Delivered');
INSERT INTO Orders (order_id, customer_id, order_date, status, shipping_address, total_amount) VALUES (389, 35, '2025-03-29 13:12:58.291138', 'Shipped', '17568 Jones Ramp West Joseph, MP 41056', 476.16);
INSERT INTO Order_Items (order_item_id, order_id, product_id, quantity, unit_price, discount) VALUES (NULL, 389, 30, 3, 346.58, 5);
INSERT INTO Order_Items (order_item_id, order_id, product_id, quantity, unit_price, discount) VALUES (NULL, 389, 5, 3, 218.53, 0);
INSERT INTO Order_Items (order_item_id, order_id, product_id, quantity, unit_price, discount) VALUES (NULL, 389, 27, 2, 111.41, 0);
INSERT INTO Order_Items (order_item_id, order_id, product_id, quantity, unit_price, discount) VALUES (NULL, 389, 35, 2, 105.52, 10);
INSERT INTO Payments (payment_id, order_id, payment_date, payment_method, amount, currency) VALUES (NULL, 389, '2025-03-18 09:08:14.630878', 'Credit Card', 476.16, 'USD');
INSERT INTO Shipping (shipping_id, order_id, carrier, tracking_number, ship_date, delivery_date, status) VALUES (NULL, 389, 'FedEx', 'TRK000389', '2025-01-09', '2025-02-05', 'Delivered');
INSERT INTO Orders (order_id, customer_id, order_date, status, shipping_address, total_amount) VALUES (390, 43, '2025-03-12 00:59:41.130983', 'Shipped', '9494 Sean Harbors New Christopher, ME 43372', 1123.63);
INSERT INTO Order_Items (order_item_id, order_id, product_id, quantity, unit_price, discount) VALUES (NULL, 390, 5, 1, 343.06, 0);
INSERT INTO Order_Items (order_item_id, order_id, product_id, quantity, unit_price, discount) VALUES (NULL, 390, 33, 1, 317.32, 15);
INSERT INTO Order_Items (order_item_id, order_id, product_id, quantity, unit_price, discount) VALUES (NULL, 390, 25, 1, 204.14, 0);
INSERT INTO Order_Items (order_item_id, order_id, product_id, quantity, unit_price, discount) VALUES (NULL, 390, 12, 2, 89.42, 10);
INSERT INTO Order_Items (order_item_id, order_id, product_id, quantity, unit_price, discount) VALUES (NULL, 390, 30, 1, 119.72, 0);
INSERT INTO Payments (payment_id, order_id, payment_date, payment_method, amount, currency) VALUES (NULL, 390, '2025-04-05 21:10:18.671396', 'Debit Card', 1123.63, 'USD');
INSERT INTO Shipping (shipping_id, order_id, carrier, tracking_number, ship_date, delivery_date, status) VALUES (NULL, 390, 'FedEx', 'TRK000390', '2025-03-02', '2025-02-12', 'Delivered');
INSERT INTO Orders (order_id, customer_id, order_date, status, shipping_address, total_amount) VALUES (391, 52, '2025-08-18 14:21:05.843929', 'Shipped', '6191 Megan Brooks Apt. 444 Port Amystad, IL 17722', 606.14);
INSERT INTO Order_Items (order_item_id, order_id, product_id, quantity, unit_price, discount) VALUES (NULL, 391, 8, 2, 17.68, 10);
INSERT INTO Payments (payment_id, order_id, payment_date, payment_method, amount, currency) VALUES (NULL, 391, '2025-05-21 00:19:44.667594', 'Debit Card', 606.14, 'USD');
INSERT INTO Shipping (shipping_id, order_id, carrier, tracking_number, ship_date, delivery_date, status) VALUES (NULL, 391, 'UPS', 'TRK000391', '2025-08-13', '2025-03-30', 'Delivered');
INSERT INTO Orders (order_id, customer_id, order_date, status, shipping_address, total_amount) VALUES (392, 155, '2025-01-23 06:21:30.004140', 'Shipped', '930 Perry Hollow North Richard, NC 01402', 2914.99);
INSERT INTO Order_Items (order_item_id, order_id, product_id, quantity, unit_price, discount) VALUES (NULL, 392, 17, 2, 366.44, 5);
INSERT INTO Order_Items (order_item_id, order_id, product_id, quantity, unit_price, discount) VALUES (NULL, 392, 4, 2, 367.25, 5);
INSERT INTO Payments (payment_id, order_id, payment_date, payment_method, amount, currency) VALUES (NULL, 392, '2025-06-29 23:43:46.820046', 'PayPal', 2914.99, 'USD');
INSERT INTO Shipping (shipping_id, order_id, carrier, tracking_number, ship_date, delivery_date, status) VALUES (NULL, 392, 'UPS', 'TRK000392', '2025-05-15', '2025-06-12', 'Delivered');
INSERT INTO Orders (order_id, customer_id, order_date, status, shipping_address, total_amount) VALUES (393, 153, '2025-02-01 18:52:20.174054', 'Shipped', '983 Davis Bypass Apt. 408 Davidstad, NC 21512', 1821.38);
INSERT INTO Order_Items (order_item_id, order_id, product_id, quantity, unit_price, discount) VALUES (NULL, 393, 45, 1, 232.56, 0);
INSERT INTO Order_Items (order_item_id, order_id, product_id, quantity, unit_price, discount) VALUES (NULL, 393, 13, 3, 428.73, 15);
INSERT INTO Payments (payment_id, order_id, payment_date, payment_method, amount, currency) VALUES (NULL, 393, '2025-05-05 02:20:18.702803', 'PayPal', 1821.38, 'USD');
INSERT INTO Shipping (shipping_id, order_id, carrier, tracking_number, ship_date, delivery_date, status) VALUES (NULL, 393, 'DHL', 'TRK000393', '2025-01-10', '2025-03-18', 'Delivered');
INSERT INTO Orders (order_id, customer_id, order_date, status, shipping_address, total_amount) VALUES (394, 155, '2025-08-26 16:20:35.712110', 'Shipped', '60972 Jackson Village Apt. 082 Ricardoland, KS 73965', 1861.92);
INSERT INTO Order_Items (order_item_id, order_id, product_id, quantity, unit_price, discount) VALUES (NULL, 394, 28, 3, 477.33, 10);
INSERT INTO Order_Items (order_item_id, order_id, product_id, quantity, unit_price, discount) VALUES (NULL, 394, 5, 2, 475.49, 0);
INSERT INTO Order_Items (order_item_id, order_id, product_id, quantity, unit_price, discount) VALUES (NULL, 394, 26, 1, 307.14, 10);
INSERT INTO Payments (payment_id, order_id, payment_date, payment_method, amount, currency) VALUES (NULL, 394, '2025-04-19 08:50:46.025140', 'Debit Card', 1861.92, 'USD');
INSERT INTO Shipping (shipping_id, order_id, carrier, tracking_number, ship_date, delivery_date, status) VALUES (NULL, 394, 'DHL', 'TRK000394', '2025-02-24', '2025-06-10', 'Delivered');
INSERT INTO Orders (order_id, customer_id, order_date, status, shipping_address, total_amount) VALUES (395, 14, '2025-08-09 21:05:43.630026', 'Shipped', '4138 Victoria Inlet Suite 952 New Joshua, NM 68316', 2975.37);
INSERT INTO Order_Items (order_item_id, order_id, product_id, quantity, unit_price, discount) VALUES (NULL, 395, 49, 1, 155.44, 5);
INSERT INTO Order_Items (order_item_id, order_id, product_id, quantity, unit_price, discount) VALUES (NULL, 395, 31, 2, 404.45, 5);
INSERT INTO Order_Items (order_item_id, order_id, product_id, quantity, unit_price, discount) VALUES (NULL, 395, 35, 1, 448.35, 0);
INSERT INTO Payments (payment_id, order_id, payment_date, payment_method, amount, currency) VALUES (NULL, 395, '2025-07-25 13:32:13.443586', 'Credit Card', 2975.37, 'USD');
INSERT INTO Shipping (shipping_id, order_id, carrier, tracking_number, ship_date, delivery_date, status) VALUES (NULL, 395, 'FedEx', 'TRK000395', '2025-07-30', '2025-01-24', 'Delivered');
INSERT INTO Orders (order_id, customer_id, order_date, status, shipping_address, total_amount) VALUES (396, 108, '2025-07-01 22:24:25.106658', 'Shipped', '53217 Roberts Mill Suite 603 Harristown, NC 47056', 2246.14);
INSERT INTO Order_Items (order_item_id, order_id, product_id, quantity, unit_price, discount) VALUES (NULL, 396, 9, 1, 58.42, 10);
INSERT INTO Order_Items (order_item_id, order_id, product_id, quantity, unit_price, discount) VALUES (NULL, 396, 29, 2, 288.15, 15);
INSERT INTO Order_Items (order_item_id, order_id, product_id, quantity, unit_price, discount) VALUES (NULL, 396, 39, 2, 119.13, 10);
INSERT INTO Order_Items (order_item_id, order_id, product_id, quantity, unit_price, discount) VALUES (NULL, 396, 13, 2, 126.17, 0);
INSERT INTO Order_Items (order_item_id, order_id, product_id, quantity, unit_price, discount) VALUES (NULL, 396, 16, 2, 394.78, 15);
INSERT INTO Payments (payment_id, order_id, payment_date, payment_method, amount, currency) VALUES (NULL, 396, '2025-01-16 00:22:38.546655', 'PayPal', 2246.14, 'USD');
INSERT INTO Shipping (shipping_id, order_id, carrier, tracking_number, ship_date, delivery_date, status) VALUES (NULL, 396, 'FedEx', 'TRK000396', '2025-02-08', '2025-04-11', 'Delivered');
INSERT INTO Orders (order_id, customer_id, order_date, status, shipping_address, total_amount) VALUES (397, 86, '2025-09-02 09:04:01.012609', 'Shipped', '793 Smith Fall East Ryan, CT 75312', 786.84);
INSERT INTO Order_Items (order_item_id, order_id, product_id, quantity, unit_price, discount) VALUES (NULL, 397, 35, 1, 10.1, 5);
INSERT INTO Order_Items (order_item_id, order_id, product_id, quantity, unit_price, discount) VALUES (NULL, 397, 18, 2, 334.89, 10);
INSERT INTO Order_Items (order_item_id, order_id, product_id, quantity, unit_price, discount) VALUES (NULL, 397, 42, 1, 370.06, 10);
INSERT INTO Payments (payment_id, order_id, payment_date, payment_method, amount, currency) VALUES (NULL, 397, '2025-06-01 00:50:46.221406', 'Debit Card', 786.84, 'USD');
INSERT INTO Shipping (shipping_id, order_id, carrier, tracking_number, ship_date, delivery_date, status) VALUES (NULL, 397, 'FedEx', 'TRK000397', '2025-04-13', '2025-06-25', 'Delivered');
INSERT INTO Orders (order_id, customer_id, order_date, status, shipping_address, total_amount) VALUES (398, 114, '2025-07-11 17:41:30.606643', 'Shipped', '510 Howard Streets Hintonland, TN 05955', 393.04);
INSERT INTO Order_Items (order_item_id, order_id, product_id, quantity, unit_price, discount) VALUES (NULL, 398, 48, 2, 471.7, 15);
INSERT INTO Order_Items (order_item_id, order_id, product_id, quantity, unit_price, discount) VALUES (NULL, 398, 26, 1, 258.66, 0);
INSERT INTO Order_Items (order_item_id, order_id, product_id, quantity, unit_price, discount) VALUES (NULL, 398, 10, 3, 85.71, 15);
INSERT INTO Payments (payment_id, order_id, payment_date, payment_method, amount, currency) VALUES (NULL, 398, '2025-08-15 03:06:26.394233', 'Debit Card', 393.04, 'USD');
INSERT INTO Shipping (shipping_id, order_id, carrier, tracking_number, ship_date, delivery_date, status) VALUES (NULL, 398, 'FedEx', 'TRK000398', '2025-02-23', '2025-04-04', 'Delivered');
INSERT INTO Orders (order_id, customer_id, order_date, status, shipping_address, total_amount) VALUES (399, 77, '2025-05-18 14:50:42.427389', 'Shipped', '3581 Cook Highway Apt. 442 Kaylaville, MD 16397', 720.31);
INSERT INTO Order_Items (order_item_id, order_id, product_id, quantity, unit_price, discount) VALUES (NULL, 399, 25, 3, 314.36, 10);
INSERT INTO Payments (payment_id, order_id, payment_date, payment_method, amount, currency) VALUES (NULL, 399, '2025-05-06 14:08:28.217918', 'Credit Card', 720.31, 'USD');
INSERT INTO Shipping (shipping_id, order_id, carrier, tracking_number, ship_date, delivery_date, status) VALUES (NULL, 399, 'DHL', 'TRK000399', '2025-02-10', '2025-01-08', 'Delivered');
INSERT INTO Orders (order_id, customer_id, order_date, status, shipping_address, total_amount) VALUES (400, 98, '2025-04-16 17:34:03.093372', 'Shipped', '019 Michael Springs North Renee, PA 51959', 1619.63);
INSERT INTO Order_Items (order_item_id, order_id, product_id, quantity, unit_price, discount) VALUES (NULL, 400, 47, 3, 484.09, 10);
INSERT INTO Order_Items (order_item_id, order_id, product_id, quantity, unit_price, discount) VALUES (NULL, 400, 18, 3, 265.25, 0);
INSERT INTO Order_Items (order_item_id, order_id, product_id, quantity, unit_price, discount) VALUES (NULL, 400, 31, 2, 100.64, 10);
INSERT INTO Order_Items (order_item_id, order_id, product_id, quantity, unit_price, discount) VALUES (NULL, 400, 45, 2, 75.38, 0);
INSERT INTO Order_Items (order_item_id, order_id, product_id, quantity, unit_price, discount) VALUES (NULL, 400, 28, 1, 142.16, 10);
INSERT INTO Payments (payment_id, order_id, payment_date, payment_method, amount, currency) VALUES (NULL, 400, '2025-04-08 05:19:05.492830', 'PayPal', 1619.63, 'USD');
INSERT INTO Shipping (shipping_id, order_id, carrier, tracking_number, ship_date, delivery_date, status) VALUES (NULL, 400, 'DHL', 'TRK000400', '2025-01-02', '2025-06-16', 'Delivered');
INSERT INTO Orders (order_id, customer_id, order_date, status, shipping_address, total_amount) VALUES (401, 179, '2025-06-22 06:31:48.471637', 'Shipped', '533 Donald Cliffs West Larrymouth, KS 47647', 471.55);
INSERT INTO Order_Items (order_item_id, order_id, product_id, quantity, unit_price, discount) VALUES (NULL, 401, 46, 3, 134.12, 0);
INSERT INTO Order_Items (order_item_id, order_id, product_id, quantity, unit_price, discount) VALUES (NULL, 401, 9, 3, 288.69, 5);
INSERT INTO Order_Items (order_item_id, order_id, product_id, quantity, unit_price, discount) VALUES (NULL, 401, 11, 2, 405.21, 15);
INSERT INTO Payments (payment_id, order_id, payment_date, payment_method, amount, currency) VALUES (NULL, 401, '2025-07-08 10:17:50.768801', 'Credit Card', 471.55, 'USD');
INSERT INTO Shipping (shipping_id, order_id, carrier, tracking_number, ship_date, delivery_date, status) VALUES (NULL, 401, 'DHL', 'TRK000401', '2025-02-06', '2025-03-04', 'Delivered');
INSERT INTO Orders (order_id, customer_id, order_date, status, shipping_address, total_amount) VALUES (402, 80, '2025-01-28 06:32:24.360428', 'Shipped', '11345 Maria Forest North Patriciastad, WI 17764', 2050.79);
INSERT INTO Order_Items (order_item_id, order_id, product_id, quantity, unit_price, discount) VALUES (NULL, 402, 8, 3, 268.17, 15);
INSERT INTO Order_Items (order_item_id, order_id, product_id, quantity, unit_price, discount) VALUES (NULL, 402, 15, 3, 86.99, 15);
INSERT INTO Order_Items (order_item_id, order_id, product_id, quantity, unit_price, discount) VALUES (NULL, 402, 7, 3, 464.91, 0);
INSERT INTO Payments (payment_id, order_id, payment_date, payment_method, amount, currency) VALUES (NULL, 402, '2025-08-28 20:00:35.366404', 'PayPal', 2050.79, 'USD');
INSERT INTO Shipping (shipping_id, order_id, carrier, tracking_number, ship_date, delivery_date, status) VALUES (NULL, 402, 'DHL', 'TRK000402', '2025-03-15', '2025-07-05', 'Delivered');
INSERT INTO Orders (order_id, customer_id, order_date, status, shipping_address, total_amount) VALUES (403, 66, '2025-06-09 02:13:25.603672', 'Shipped', '25302 Lang Lights Erinburgh, OK 32023', 2414.36);
INSERT INTO Order_Items (order_item_id, order_id, product_id, quantity, unit_price, discount) VALUES (NULL, 403, 23, 2, 320.0, 5);
INSERT INTO Order_Items (order_item_id, order_id, product_id, quantity, unit_price, discount) VALUES (NULL, 403, 17, 1, 292.6, 0);
INSERT INTO Order_Items (order_item_id, order_id, product_id, quantity, unit_price, discount) VALUES (NULL, 403, 49, 1, 475.56, 5);
INSERT INTO Order_Items (order_item_id, order_id, product_id, quantity, unit_price, discount) VALUES (NULL, 403, 45, 2, 127.44, 15);
INSERT INTO Order_Items (order_item_id, order_id, product_id, quantity, unit_price, discount) VALUES (NULL, 403, 1, 1, 65.9, 15);
INSERT INTO Payments (payment_id, order_id, payment_date, payment_method, amount, currency) VALUES (NULL, 403, '2025-02-11 19:02:11.464905', 'Credit Card', 2414.36, 'USD');
INSERT INTO Shipping (shipping_id, order_id, carrier, tracking_number, ship_date, delivery_date, status) VALUES (NULL, 403, 'DHL', 'TRK000403', '2025-08-13', '2025-02-13', 'Delivered');
INSERT INTO Orders (order_id, customer_id, order_date, status, shipping_address, total_amount) VALUES (404, 19, '2025-04-10 07:08:23.283637', 'Shipped', '27323 Jones Radial Suite 515 South Diana, PW 37713', 2143.09);
INSERT INTO Order_Items (order_item_id, order_id, product_id, quantity, unit_price, discount) VALUES (NULL, 404, 38, 3, 143.96, 0);
INSERT INTO Payments (payment_id, order_id, payment_date, payment_method, amount, currency) VALUES (NULL, 404, '2025-07-15 21:52:55.323267', 'Debit Card', 2143.09, 'USD');
INSERT INTO Shipping (shipping_id, order_id, carrier, tracking_number, ship_date, delivery_date, status) VALUES (NULL, 404, 'UPS', 'TRK000404', '2025-03-15', '2025-05-20', 'Delivered');
INSERT INTO Orders (order_id, customer_id, order_date, status, shipping_address, total_amount) VALUES (405, 114, '2025-05-04 12:28:54.739484', 'Shipped', '2426 Mays Path Apt. 061 New Jessicafort, NE 33970', 1233.44);
INSERT INTO Order_Items (order_item_id, order_id, product_id, quantity, unit_price, discount) VALUES (NULL, 405, 43, 1, 464.41, 0);
INSERT INTO Payments (payment_id, order_id, payment_date, payment_method, amount, currency) VALUES (NULL, 405, '2025-07-25 16:12:20.285203', 'PayPal', 1233.44, 'USD');
INSERT INTO Shipping (shipping_id, order_id, carrier, tracking_number, ship_date, delivery_date, status) VALUES (NULL, 405, 'DHL', 'TRK000405', '2025-07-29', '2025-05-23', 'Delivered');
INSERT INTO Orders (order_id, customer_id, order_date, status, shipping_address, total_amount) VALUES (406, 192, '2025-05-02 16:17:40.797060', 'Shipped', '1552 Graham Manors Port Michellemouth, WI 73732', 326.25);
INSERT INTO Order_Items (order_item_id, order_id, product_id, quantity, unit_price, discount) VALUES (NULL, 406, 37, 2, 227.9, 15);
INSERT INTO Payments (payment_id, order_id, payment_date, payment_method, amount, currency) VALUES (NULL, 406, '2025-02-15 21:24:36.923064', 'Credit Card', 326.25, 'USD');
INSERT INTO Shipping (shipping_id, order_id, carrier, tracking_number, ship_date, delivery_date, status) VALUES (NULL, 406, 'UPS', 'TRK000406', '2025-07-23', '2025-07-15', 'Delivered');
INSERT INTO Orders (order_id, customer_id, order_date, status, shipping_address, total_amount) VALUES (407, 124, '2025-02-04 15:38:00.869347', 'Shipped', '323 Steven Skyway Perezshire, DE 06575', 329.5);
INSERT INTO Order_Items (order_item_id, order_id, product_id, quantity, unit_price, discount) VALUES (NULL, 407, 36, 2, 146.38, 10);
INSERT INTO Order_Items (order_item_id, order_id, product_id, quantity, unit_price, discount) VALUES (NULL, 407, 40, 3, 496.05, 5);
INSERT INTO Payments (payment_id, order_id, payment_date, payment_method, amount, currency) VALUES (NULL, 407, '2025-01-24 09:06:01.564375', 'Credit Card', 329.5, 'USD');
INSERT INTO Shipping (shipping_id, order_id, carrier, tracking_number, ship_date, delivery_date, status) VALUES (NULL, 407, 'UPS', 'TRK000407', '2025-04-26', '2025-03-01', 'Delivered');
INSERT INTO Orders (order_id, customer_id, order_date, status, shipping_address, total_amount) VALUES (408, 104, '2025-03-01 16:51:58.504910', 'Shipped', '6047 Marshall Shoals East Thomasburgh, PA 77729', 430.25);
INSERT INTO Order_Items (order_item_id, order_id, product_id, quantity, unit_price, discount) VALUES (NULL, 408, 24, 1, 216.2, 5);
INSERT INTO Payments (payment_id, order_id, payment_date, payment_method, amount, currency) VALUES (NULL, 408, '2025-06-01 21:01:26.027686', 'Credit Card', 430.25, 'USD');
INSERT INTO Shipping (shipping_id, order_id, carrier, tracking_number, ship_date, delivery_date, status) VALUES (NULL, 408, 'UPS', 'TRK000408', '2025-05-17', '2025-02-03', 'Delivered');
INSERT INTO Orders (order_id, customer_id, order_date, status, shipping_address, total_amount) VALUES (409, 18, '2025-05-06 06:05:15.358799', 'Shipped', '629 Gillespie Lock West Angela, ME 87776', 353.37);
INSERT INTO Order_Items (order_item_id, order_id, product_id, quantity, unit_price, discount) VALUES (NULL, 409, 12, 3, 78.86, 0);
INSERT INTO Order_Items (order_item_id, order_id, product_id, quantity, unit_price, discount) VALUES (NULL, 409, 30, 3, 62.6, 15);
INSERT INTO Order_Items (order_item_id, order_id, product_id, quantity, unit_price, discount) VALUES (NULL, 409, 1, 2, 423.15, 10);
INSERT INTO Order_Items (order_item_id, order_id, product_id, quantity, unit_price, discount) VALUES (NULL, 409, 13, 1, 459.47, 15);
INSERT INTO Order_Items (order_item_id, order_id, product_id, quantity, unit_price, discount) VALUES (NULL, 409, 33, 1, 414.65, 15);
INSERT INTO Payments (payment_id, order_id, payment_date, payment_method, amount, currency) VALUES (NULL, 409, '2025-07-08 01:18:08.580330', 'Credit Card', 353.37, 'USD');
INSERT INTO Shipping (shipping_id, order_id, carrier, tracking_number, ship_date, delivery_date, status) VALUES (NULL, 409, 'UPS', 'TRK000409', '2025-06-28', '2025-02-08', 'Delivered');
INSERT INTO Orders (order_id, customer_id, order_date, status, shipping_address, total_amount) VALUES (410, 132, '2025-01-24 06:36:12.612926', 'Shipped', '5071 Meyers Estates Suite 613 Rebeccaside, CO 07116', 624.46);
INSERT INTO Order_Items (order_item_id, order_id, product_id, quantity, unit_price, discount) VALUES (NULL, 410, 1, 2, 385.1, 0);
INSERT INTO Order_Items (order_item_id, order_id, product_id, quantity, unit_price, discount) VALUES (NULL, 410, 9, 2, 469.87, 15);
INSERT INTO Order_Items (order_item_id, order_id, product_id, quantity, unit_price, discount) VALUES (NULL, 410, 3, 1, 373.79, 5);
INSERT INTO Order_Items (order_item_id, order_id, product_id, quantity, unit_price, discount) VALUES (NULL, 410, 30, 2, 336.28, 15);
INSERT INTO Order_Items (order_item_id, order_id, product_id, quantity, unit_price, discount) VALUES (NULL, 410, 42, 2, 260.47, 0);
INSERT INTO Payments (payment_id, order_id, payment_date, payment_method, amount, currency) VALUES (NULL, 410, '2025-02-10 20:15:43.868084', 'Credit Card', 624.46, 'USD');
INSERT INTO Shipping (shipping_id, order_id, carrier, tracking_number, ship_date, delivery_date, status) VALUES (NULL, 410, 'DHL', 'TRK000410', '2025-04-24', '2025-02-07', 'Delivered');
INSERT INTO Orders (order_id, customer_id, order_date, status, shipping_address, total_amount) VALUES (411, 172, '2025-03-14 17:56:50.299817', 'Shipped', '3128 Patricia Common Apt. 581 West Janiceborough, AK 76896', 1679.21);
INSERT INTO Order_Items (order_item_id, order_id, product_id, quantity, unit_price, discount) VALUES (NULL, 411, 33, 1, 431.99, 15);
INSERT INTO Order_Items (order_item_id, order_id, product_id, quantity, unit_price, discount) VALUES (NULL, 411, 35, 2, 66.93, 5);
INSERT INTO Order_Items (order_item_id, order_id, product_id, quantity, unit_price, discount) VALUES (NULL, 411, 8, 1, 474.05, 15);
INSERT INTO Order_Items (order_item_id, order_id, product_id, quantity, unit_price, discount) VALUES (NULL, 411, 23, 1, 361.13, 5);
INSERT INTO Order_Items (order_item_id, order_id, product_id, quantity, unit_price, discount) VALUES (NULL, 411, 1, 2, 356.62, 15);
INSERT INTO Payments (payment_id, order_id, payment_date, payment_method, amount, currency) VALUES (NULL, 411, '2025-03-31 17:17:43.416228', 'Debit Card', 1679.21, 'USD');
INSERT INTO Shipping (shipping_id, order_id, carrier, tracking_number, ship_date, delivery_date, status) VALUES (NULL, 411, 'UPS', 'TRK000411', '2025-05-30', '2025-01-06', 'Delivered');
INSERT INTO Orders (order_id, customer_id, order_date, status, shipping_address, total_amount) VALUES (412, 92, '2025-05-16 11:36:13.564199', 'Shipped', '9495 Nicole Fork Lake Frankville, WA 99488', 792.28);
INSERT INTO Order_Items (order_item_id, order_id, product_id, quantity, unit_price, discount) VALUES (NULL, 412, 39, 3, 295.56, 0);
INSERT INTO Order_Items (order_item_id, order_id, product_id, quantity, unit_price, discount) VALUES (NULL, 412, 15, 1, 243.44, 5);
INSERT INTO Payments (payment_id, order_id, payment_date, payment_method, amount, currency) VALUES (NULL, 412, '2025-08-22 11:25:25.500777', 'Debit Card', 792.28, 'USD');
INSERT INTO Shipping (shipping_id, order_id, carrier, tracking_number, ship_date, delivery_date, status) VALUES (NULL, 412, 'UPS', 'TRK000412', '2025-02-14', '2025-04-30', 'Delivered');
INSERT INTO Orders (order_id, customer_id, order_date, status, shipping_address, total_amount) VALUES (413, 52, '2025-05-23 17:21:25.311330', 'Shipped', '76787 Rachel Roads Suite 633 West Charles, NY 18770', 258.72);
INSERT INTO Order_Items (order_item_id, order_id, product_id, quantity, unit_price, discount) VALUES (NULL, 413, 14, 1, 153.18, 10);
INSERT INTO Order_Items (order_item_id, order_id, product_id, quantity, unit_price, discount) VALUES (NULL, 413, 40, 3, 58.22, 15);
INSERT INTO Order_Items (order_item_id, order_id, product_id, quantity, unit_price, discount) VALUES (NULL, 413, 46, 3, 291.94, 0);
INSERT INTO Order_Items (order_item_id, order_id, product_id, quantity, unit_price, discount) VALUES (NULL, 413, 38, 2, 497.74, 0);
INSERT INTO Payments (payment_id, order_id, payment_date, payment_method, amount, currency) VALUES (NULL, 413, '2025-07-23 20:13:57.710168', 'Debit Card', 258.72, 'USD');
INSERT INTO Shipping (shipping_id, order_id, carrier, tracking_number, ship_date, delivery_date, status) VALUES (NULL, 413, 'FedEx', 'TRK000413', '2025-07-15', '2025-03-04', 'Delivered');
INSERT INTO Orders (order_id, customer_id, order_date, status, shipping_address, total_amount) VALUES (414, 142, '2025-07-26 18:20:41.554847', 'Shipped', '916 Michael Roads Jenningsview, MI 27258', 2498.33);
INSERT INTO Order_Items (order_item_id, order_id, product_id, quantity, unit_price, discount) VALUES (NULL, 414, 4, 3, 203.39, 10);
INSERT INTO Payments (payment_id, order_id, payment_date, payment_method, amount, currency) VALUES (NULL, 414, '2025-07-14 18:36:10.190479', 'PayPal', 2498.33, 'USD');
INSERT INTO Shipping (shipping_id, order_id, carrier, tracking_number, ship_date, delivery_date, status) VALUES (NULL, 414, 'DHL', 'TRK000414', '2025-08-26', '2025-01-12', 'Delivered');
INSERT INTO Orders (order_id, customer_id, order_date, status, shipping_address, total_amount) VALUES (415, 155, '2025-01-05 23:31:29.706951', 'Shipped', '17309 Cobb Ways Suite 680 Dyerfurt, FL 70867', 773.72);
INSERT INTO Order_Items (order_item_id, order_id, product_id, quantity, unit_price, discount) VALUES (NULL, 415, 27, 1, 486.96, 5);
INSERT INTO Order_Items (order_item_id, order_id, product_id, quantity, unit_price, discount) VALUES (NULL, 415, 22, 1, 486.61, 0);
INSERT INTO Order_Items (order_item_id, order_id, product_id, quantity, unit_price, discount) VALUES (NULL, 415, 8, 3, 419.45, 10);
INSERT INTO Order_Items (order_item_id, order_id, product_id, quantity, unit_price, discount) VALUES (NULL, 415, 3, 2, 199.67, 0);
INSERT INTO Order_Items (order_item_id, order_id, product_id, quantity, unit_price, discount) VALUES (NULL, 415, 23, 1, 23.86, 0);
INSERT INTO Payments (payment_id, order_id, payment_date, payment_method, amount, currency) VALUES (NULL, 415, '2025-01-02 14:16:37.278133', 'PayPal', 773.72, 'USD');
INSERT INTO Shipping (shipping_id, order_id, carrier, tracking_number, ship_date, delivery_date, status) VALUES (NULL, 415, 'DHL', 'TRK000415', '2025-02-12', '2025-06-16', 'Delivered');
INSERT INTO Orders (order_id, customer_id, order_date, status, shipping_address, total_amount) VALUES (416, 49, '2025-03-24 02:00:35.987689', 'Shipped', '2717 Mccall Row Apt. 134 West Susanfurt, WA 24403', 996.68);
INSERT INTO Order_Items (order_item_id, order_id, product_id, quantity, unit_price, discount) VALUES (NULL, 416, 28, 2, 460.13, 10);
INSERT INTO Order_Items (order_item_id, order_id, product_id, quantity, unit_price, discount) VALUES (NULL, 416, 16, 2, 446.29, 10);
INSERT INTO Order_Items (order_item_id, order_id, product_id, quantity, unit_price, discount) VALUES (NULL, 416, 29, 1, 379.99, 15);
INSERT INTO Order_Items (order_item_id, order_id, product_id, quantity, unit_price, discount) VALUES (NULL, 416, 25, 2, 416.33, 5);
INSERT INTO Payments (payment_id, order_id, payment_date, payment_method, amount, currency) VALUES (NULL, 416, '2025-05-16 01:56:51.018945', 'Debit Card', 996.68, 'USD');
INSERT INTO Shipping (shipping_id, order_id, carrier, tracking_number, ship_date, delivery_date, status) VALUES (NULL, 416, 'DHL', 'TRK000416', '2025-06-18', '2025-01-17', 'Delivered');
INSERT INTO Orders (order_id, customer_id, order_date, status, shipping_address, total_amount) VALUES (417, 142, '2025-03-17 23:40:09.694512', 'Shipped', '8508 Timothy Drive Suite 835 Lake Katherineton, TN 06576', 2418.73);
INSERT INTO Order_Items (order_item_id, order_id, product_id, quantity, unit_price, discount) VALUES (NULL, 417, 21, 2, 476.68, 5);
INSERT INTO Order_Items (order_item_id, order_id, product_id, quantity, unit_price, discount) VALUES (NULL, 417, 7, 1, 76.98, 0);
INSERT INTO Payments (payment_id, order_id, payment_date, payment_method, amount, currency) VALUES (NULL, 417, '2025-02-19 17:17:19.635647', 'Debit Card', 2418.73, 'USD');
INSERT INTO Shipping (shipping_id, order_id, carrier, tracking_number, ship_date, delivery_date, status) VALUES (NULL, 417, 'DHL', 'TRK000417', '2025-05-29', '2025-01-19', 'Delivered');
INSERT INTO Orders (order_id, customer_id, order_date, status, shipping_address, total_amount) VALUES (418, 82, '2025-01-06 12:22:41.901078', 'Shipped', 'Unit 6804 Box 2599 DPO AA 13546', 1052.55);
INSERT INTO Order_Items (order_item_id, order_id, product_id, quantity, unit_price, discount) VALUES (NULL, 418, 39, 3, 349.29, 0);
INSERT INTO Order_Items (order_item_id, order_id, product_id, quantity, unit_price, discount) VALUES (NULL, 418, 40, 2, 362.44, 5);
INSERT INTO Order_Items (order_item_id, order_id, product_id, quantity, unit_price, discount) VALUES (NULL, 418, 4, 1, 250.08, 0);
INSERT INTO Order_Items (order_item_id, order_id, product_id, quantity, unit_price, discount) VALUES (NULL, 418, 37, 3, 492.93, 0);
INSERT INTO Order_Items (order_item_id, order_id, product_id, quantity, unit_price, discount) VALUES (NULL, 418, 39, 1, 67.76, 5);
INSERT INTO Payments (payment_id, order_id, payment_date, payment_method, amount, currency) VALUES (NULL, 418, '2025-05-02 07:16:58.951336', 'Credit Card', 1052.55, 'USD');
INSERT INTO Shipping (shipping_id, order_id, carrier, tracking_number, ship_date, delivery_date, status) VALUES (NULL, 418, 'DHL', 'TRK000418', '2025-02-07', '2025-08-11', 'Delivered');
INSERT INTO Orders (order_id, customer_id, order_date, status, shipping_address, total_amount) VALUES (419, 88, '2025-03-30 11:30:54.179049', 'Shipped', '90368 Savage Spurs Apt. 418 Wilcoxburgh, NV 29916', 2790.39);
INSERT INTO Order_Items (order_item_id, order_id, product_id, quantity, unit_price, discount) VALUES (NULL, 419, 5, 3, 443.24, 5);
INSERT INTO Order_Items (order_item_id, order_id, product_id, quantity, unit_price, discount) VALUES (NULL, 419, 3, 1, 419.25, 10);
INSERT INTO Order_Items (order_item_id, order_id, product_id, quantity, unit_price, discount) VALUES (NULL, 419, 34, 3, 405.24, 15);
INSERT INTO Order_Items (order_item_id, order_id, product_id, quantity, unit_price, discount) VALUES (NULL, 419, 31, 3, 456.02, 5);
INSERT INTO Order_Items (order_item_id, order_id, product_id, quantity, unit_price, discount) VALUES (NULL, 419, 38, 3, 438.8, 0);
INSERT INTO Payments (payment_id, order_id, payment_date, payment_method, amount, currency) VALUES (NULL, 419, '2025-04-20 07:26:50.795435', 'Debit Card', 2790.39, 'USD');
INSERT INTO Shipping (shipping_id, order_id, carrier, tracking_number, ship_date, delivery_date, status) VALUES (NULL, 419, 'DHL', 'TRK000419', '2025-03-28', '2025-07-21', 'Delivered');
INSERT INTO Orders (order_id, customer_id, order_date, status, shipping_address, total_amount) VALUES (420, 144, '2025-05-12 21:59:30.979745', 'Shipped', '135 Darren Falls Apt. 058 Cookfort, AL 74696', 1098.59);
INSERT INTO Order_Items (order_item_id, order_id, product_id, quantity, unit_price, discount) VALUES (NULL, 420, 43, 2, 413.98, 15);
INSERT INTO Order_Items (order_item_id, order_id, product_id, quantity, unit_price, discount) VALUES (NULL, 420, 1, 1, 278.07, 0);
INSERT INTO Payments (payment_id, order_id, payment_date, payment_method, amount, currency) VALUES (NULL, 420, '2025-08-01 13:52:23.155155', 'PayPal', 1098.59, 'USD');
INSERT INTO Shipping (shipping_id, order_id, carrier, tracking_number, ship_date, delivery_date, status) VALUES (NULL, 420, 'DHL', 'TRK000420', '2025-07-10', '2025-07-05', 'Delivered');
INSERT INTO Orders (order_id, customer_id, order_date, status, shipping_address, total_amount) VALUES (421, 43, '2025-04-16 04:26:05.265625', 'Shipped', '2517 Nguyen Row Lake Katherinetown, NC 94610', 2961.83);
INSERT INTO Order_Items (order_item_id, order_id, product_id, quantity, unit_price, discount) VALUES (NULL, 421, 20, 3, 203.63, 0);
INSERT INTO Order_Items (order_item_id, order_id, product_id, quantity, unit_price, discount) VALUES (NULL, 421, 46, 3, 16.07, 5);
INSERT INTO Payments (payment_id, order_id, payment_date, payment_method, amount, currency) VALUES (NULL, 421, '2025-03-10 16:02:17.479257', 'Debit Card', 2961.83, 'USD');
INSERT INTO Shipping (shipping_id, order_id, carrier, tracking_number, ship_date, delivery_date, status) VALUES (NULL, 421, 'FedEx', 'TRK000421', '2025-07-05', '2025-01-04', 'Delivered');
INSERT INTO Orders (order_id, customer_id, order_date, status, shipping_address, total_amount) VALUES (422, 154, '2025-02-17 13:37:24.482156', 'Shipped', '02449 Mitchell Squares Douglaschester, MI 44282', 732.32);
INSERT INTO Order_Items (order_item_id, order_id, product_id, quantity, unit_price, discount) VALUES (NULL, 422, 18, 2, 51.5, 0);
INSERT INTO Order_Items (order_item_id, order_id, product_id, quantity, unit_price, discount) VALUES (NULL, 422, 17, 2, 268.51, 10);
INSERT INTO Order_Items (order_item_id, order_id, product_id, quantity, unit_price, discount) VALUES (NULL, 422, 33, 3, 149.49, 10);
INSERT INTO Order_Items (order_item_id, order_id, product_id, quantity, unit_price, discount) VALUES (NULL, 422, 9, 2, 139.13, 5);
INSERT INTO Order_Items (order_item_id, order_id, product_id, quantity, unit_price, discount) VALUES (NULL, 422, 39, 3, 56.06, 10);
INSERT INTO Payments (payment_id, order_id, payment_date, payment_method, amount, currency) VALUES (NULL, 422, '2025-01-06 10:50:53.551538', 'PayPal', 732.32, 'USD');
INSERT INTO Shipping (shipping_id, order_id, carrier, tracking_number, ship_date, delivery_date, status) VALUES (NULL, 422, 'DHL', 'TRK000422', '2025-01-20', '2025-08-23', 'Delivered');
INSERT INTO Orders (order_id, customer_id, order_date, status, shipping_address, total_amount) VALUES (423, 104, '2025-01-25 14:54:39.208615', 'Shipped', '65944 Silva Ranch Suite 778 South Carolmouth, NE 97809', 280.63);
INSERT INTO Order_Items (order_item_id, order_id, product_id, quantity, unit_price, discount) VALUES (NULL, 423, 11, 2, 456.32, 5);
INSERT INTO Order_Items (order_item_id, order_id, product_id, quantity, unit_price, discount) VALUES (NULL, 423, 26, 2, 51.3, 5);
INSERT INTO Payments (payment_id, order_id, payment_date, payment_method, amount, currency) VALUES (NULL, 423, '2025-06-06 05:05:59.514844', 'Credit Card', 280.63, 'USD');
INSERT INTO Shipping (shipping_id, order_id, carrier, tracking_number, ship_date, delivery_date, status) VALUES (NULL, 423, 'FedEx', 'TRK000423', '2025-08-11', '2025-08-26', 'Delivered');
INSERT INTO Orders (order_id, customer_id, order_date, status, shipping_address, total_amount) VALUES (424, 56, '2025-03-31 19:49:52.300466', 'Shipped', '640 Gerald Spur Youngside, CT 63024', 1676.3);
INSERT INTO Order_Items (order_item_id, order_id, product_id, quantity, unit_price, discount) VALUES (NULL, 424, 27, 2, 380.73, 10);
INSERT INTO Payments (payment_id, order_id, payment_date, payment_method, amount, currency) VALUES (NULL, 424, '2025-06-24 11:45:09.015770', 'Credit Card', 1676.3, 'USD');
INSERT INTO Shipping (shipping_id, order_id, carrier, tracking_number, ship_date, delivery_date, status) VALUES (NULL, 424, 'UPS', 'TRK000424', '2025-01-27', '2025-01-03', 'Delivered');
INSERT INTO Orders (order_id, customer_id, order_date, status, shipping_address, total_amount) VALUES (425, 67, '2025-06-24 00:55:06.577504', 'Shipped', '710 James Meadow New Mary, MN 72044', 398.4);
INSERT INTO Order_Items (order_item_id, order_id, product_id, quantity, unit_price, discount) VALUES (NULL, 425, 20, 1, 304.49, 0);
INSERT INTO Order_Items (order_item_id, order_id, product_id, quantity, unit_price, discount) VALUES (NULL, 425, 47, 2, 218.23, 5);
INSERT INTO Order_Items (order_item_id, order_id, product_id, quantity, unit_price, discount) VALUES (NULL, 425, 43, 3, 24.46, 10);
INSERT INTO Payments (payment_id, order_id, payment_date, payment_method, amount, currency) VALUES (NULL, 425, '2025-07-11 13:44:41.286871', 'PayPal', 398.4, 'USD');
INSERT INTO Shipping (shipping_id, order_id, carrier, tracking_number, ship_date, delivery_date, status) VALUES (NULL, 425, 'UPS', 'TRK000425', '2025-04-24', '2025-04-05', 'Delivered');
INSERT INTO Orders (order_id, customer_id, order_date, status, shipping_address, total_amount) VALUES (426, 86, '2025-08-27 21:22:57.920853', 'Shipped', '20904 Gallegos Falls West Reginafort, IL 51225', 523.65);
INSERT INTO Order_Items (order_item_id, order_id, product_id, quantity, unit_price, discount) VALUES (NULL, 426, 17, 1, 64.47, 5);
INSERT INTO Order_Items (order_item_id, order_id, product_id, quantity, unit_price, discount) VALUES (NULL, 426, 48, 3, 84.21, 0);
INSERT INTO Order_Items (order_item_id, order_id, product_id, quantity, unit_price, discount) VALUES (NULL, 426, 27, 1, 236.79, 5);
INSERT INTO Order_Items (order_item_id, order_id, product_id, quantity, unit_price, discount) VALUES (NULL, 426, 2, 1, 492.91, 5);
INSERT INTO Order_Items (order_item_id, order_id, product_id, quantity, unit_price, discount) VALUES (NULL, 426, 21, 2, 372.73, 15);
INSERT INTO Payments (payment_id, order_id, payment_date, payment_method, amount, currency) VALUES (NULL, 426, '2025-05-30 00:04:01.003616', 'PayPal', 523.65, 'USD');
INSERT INTO Shipping (shipping_id, order_id, carrier, tracking_number, ship_date, delivery_date, status) VALUES (NULL, 426, 'UPS', 'TRK000426', '2025-04-11', '2025-06-18', 'Delivered');
INSERT INTO Orders (order_id, customer_id, order_date, status, shipping_address, total_amount) VALUES (427, 102, '2025-04-29 21:41:14.706865', 'Shipped', '86853 Ray Hills Mullinsport, UT 13605', 1354.11);
INSERT INTO Order_Items (order_item_id, order_id, product_id, quantity, unit_price, discount) VALUES (NULL, 427, 28, 3, 87.32, 10);
INSERT INTO Order_Items (order_item_id, order_id, product_id, quantity, unit_price, discount) VALUES (NULL, 427, 38, 2, 401.51, 5);
INSERT INTO Order_Items (order_item_id, order_id, product_id, quantity, unit_price, discount) VALUES (NULL, 427, 14, 2, 97.92, 10);
INSERT INTO Order_Items (order_item_id, order_id, product_id, quantity, unit_price, discount) VALUES (NULL, 427, 16, 3, 395.67, 0);
INSERT INTO Order_Items (order_item_id, order_id, product_id, quantity, unit_price, discount) VALUES (NULL, 427, 5, 2, 61.73, 10);
INSERT INTO Payments (payment_id, order_id, payment_date, payment_method, amount, currency) VALUES (NULL, 427, '2025-08-01 20:58:19.929050', 'Credit Card', 1354.11, 'USD');
INSERT INTO Shipping (shipping_id, order_id, carrier, tracking_number, ship_date, delivery_date, status) VALUES (NULL, 427, 'DHL', 'TRK000427', '2025-01-29', '2025-07-10', 'Delivered');
INSERT INTO Orders (order_id, customer_id, order_date, status, shipping_address, total_amount) VALUES (428, 25, '2025-01-13 01:05:54.158355', 'Shipped', '905 Nicholas Lodge Apt. 090 New Derek, UT 68523', 317.97);
INSERT INTO Order_Items (order_item_id, order_id, product_id, quantity, unit_price, discount) VALUES (NULL, 428, 23, 3, 378.06, 15);
INSERT INTO Order_Items (order_item_id, order_id, product_id, quantity, unit_price, discount) VALUES (NULL, 428, 28, 2, 25.08, 10);
INSERT INTO Payments (payment_id, order_id, payment_date, payment_method, amount, currency) VALUES (NULL, 428, '2025-03-08 09:22:17.759202', 'Debit Card', 317.97, 'USD');
INSERT INTO Shipping (shipping_id, order_id, carrier, tracking_number, ship_date, delivery_date, status) VALUES (NULL, 428, 'UPS', 'TRK000428', '2025-08-07', '2025-06-15', 'Delivered');
INSERT INTO Orders (order_id, customer_id, order_date, status, shipping_address, total_amount) VALUES (429, 112, '2025-04-12 19:16:49.118779', 'Shipped', '0760 Chelsea Orchard Suite 769 Salazarshire, WV 74679', 2874.54);
INSERT INTO Order_Items (order_item_id, order_id, product_id, quantity, unit_price, discount) VALUES (NULL, 429, 29, 1, 47.88, 10);
INSERT INTO Payments (payment_id, order_id, payment_date, payment_method, amount, currency) VALUES (NULL, 429, '2025-03-19 02:47:26.823481', 'Credit Card', 2874.54, 'USD');
INSERT INTO Shipping (shipping_id, order_id, carrier, tracking_number, ship_date, delivery_date, status) VALUES (NULL, 429, 'DHL', 'TRK000429', '2025-07-31', '2025-05-09', 'Delivered');
INSERT INTO Orders (order_id, customer_id, order_date, status, shipping_address, total_amount) VALUES (430, 183, '2025-06-23 18:30:48.289525', 'Shipped', '9443 Schmidt Club Apt. 897 East Andrea, VT 64519', 2628.62);
INSERT INTO Order_Items (order_item_id, order_id, product_id, quantity, unit_price, discount) VALUES (NULL, 430, 9, 2, 392.33, 5);
INSERT INTO Order_Items (order_item_id, order_id, product_id, quantity, unit_price, discount) VALUES (NULL, 430, 31, 3, 455.65, 10);
INSERT INTO Payments (payment_id, order_id, payment_date, payment_method, amount, currency) VALUES (NULL, 430, '2025-03-27 18:05:04.826244', 'Credit Card', 2628.62, 'USD');
INSERT INTO Shipping (shipping_id, order_id, carrier, tracking_number, ship_date, delivery_date, status) VALUES (NULL, 430, 'UPS', 'TRK000430', '2025-02-27', '2025-08-14', 'Delivered');
INSERT INTO Orders (order_id, customer_id, order_date, status, shipping_address, total_amount) VALUES (431, 198, '2025-06-10 23:01:12.160809', 'Shipped', '40179 Judy Park Jamestown, CT 46446', 2179.21);
INSERT INTO Order_Items (order_item_id, order_id, product_id, quantity, unit_price, discount) VALUES (NULL, 431, 11, 1, 97.86, 5);
INSERT INTO Order_Items (order_item_id, order_id, product_id, quantity, unit_price, discount) VALUES (NULL, 431, 28, 3, 197.41, 5);
INSERT INTO Order_Items (order_item_id, order_id, product_id, quantity, unit_price, discount) VALUES (NULL, 431, 13, 1, 50.87, 10);
INSERT INTO Payments (payment_id, order_id, payment_date, payment_method, amount, currency) VALUES (NULL, 431, '2025-06-20 18:15:20.051821', 'PayPal', 2179.21, 'USD');
INSERT INTO Shipping (shipping_id, order_id, carrier, tracking_number, ship_date, delivery_date, status) VALUES (NULL, 431, 'DHL', 'TRK000431', '2025-07-03', '2025-03-05', 'Delivered');
INSERT INTO Orders (order_id, customer_id, order_date, status, shipping_address, total_amount) VALUES (432, 159, '2025-04-28 12:25:37.402552', 'Shipped', '6875 Ferrell Heights North Toddborough, FM 42045', 1307.9);
INSERT INTO Order_Items (order_item_id, order_id, product_id, quantity, unit_price, discount) VALUES (NULL, 432, 25, 3, 465.03, 0);
INSERT INTO Order_Items (order_item_id, order_id, product_id, quantity, unit_price, discount) VALUES (NULL, 432, 27, 1, 72.48, 5);
INSERT INTO Order_Items (order_item_id, order_id, product_id, quantity, unit_price, discount) VALUES (NULL, 432, 43, 2, 233.28, 0);
INSERT INTO Order_Items (order_item_id, order_id, product_id, quantity, unit_price, discount) VALUES (NULL, 432, 47, 1, 463.35, 15);
INSERT INTO Order_Items (order_item_id, order_id, product_id, quantity, unit_price, discount) VALUES (NULL, 432, 25, 2, 183.27, 10);
INSERT INTO Payments (payment_id, order_id, payment_date, payment_method, amount, currency) VALUES (NULL, 432, '2025-03-22 00:53:12.058013', 'PayPal', 1307.9, 'USD');
INSERT INTO Shipping (shipping_id, order_id, carrier, tracking_number, ship_date, delivery_date, status) VALUES (NULL, 432, 'DHL', 'TRK000432', '2025-04-17', '2025-04-27', 'Delivered');
INSERT INTO Orders (order_id, customer_id, order_date, status, shipping_address, total_amount) VALUES (433, 65, '2025-08-29 13:53:05.236224', 'Shipped', 'Unit 0575 Box 9461 DPO AE 61195', 1098.22);
INSERT INTO Order_Items (order_item_id, order_id, product_id, quantity, unit_price, discount) VALUES (NULL, 433, 5, 2, 185.25, 5);
INSERT INTO Order_Items (order_item_id, order_id, product_id, quantity, unit_price, discount) VALUES (NULL, 433, 7, 1, 488.81, 0);
INSERT INTO Order_Items (order_item_id, order_id, product_id, quantity, unit_price, discount) VALUES (NULL, 433, 32, 3, 64.83, 15);
INSERT INTO Order_Items (order_item_id, order_id, product_id, quantity, unit_price, discount) VALUES (NULL, 433, 3, 2, 240.59, 15);
INSERT INTO Payments (payment_id, order_id, payment_date, payment_method, amount, currency) VALUES (NULL, 433, '2025-02-12 08:24:18.188810', 'PayPal', 1098.22, 'USD');
INSERT INTO Shipping (shipping_id, order_id, carrier, tracking_number, ship_date, delivery_date, status) VALUES (NULL, 433, 'DHL', 'TRK000433', '2025-07-21', '2025-04-17', 'Delivered');
INSERT INTO Orders (order_id, customer_id, order_date, status, shipping_address, total_amount) VALUES (434, 101, '2025-09-03 05:59:16.081369', 'Shipped', '62974 Spencer Ways New Andreabury, AZ 72643', 1460.29);
INSERT INTO Order_Items (order_item_id, order_id, product_id, quantity, unit_price, discount) VALUES (NULL, 434, 17, 2, 66.18, 0);
INSERT INTO Order_Items (order_item_id, order_id, product_id, quantity, unit_price, discount) VALUES (NULL, 434, 36, 2, 122.96, 0);
INSERT INTO Order_Items (order_item_id, order_id, product_id, quantity, unit_price, discount) VALUES (NULL, 434, 21, 1, 382.76, 10);
INSERT INTO Order_Items (order_item_id, order_id, product_id, quantity, unit_price, discount) VALUES (NULL, 434, 12, 2, 457.1, 0);
INSERT INTO Order_Items (order_item_id, order_id, product_id, quantity, unit_price, discount) VALUES (NULL, 434, 4, 2, 497.02, 10);
INSERT INTO Payments (payment_id, order_id, payment_date, payment_method, amount, currency) VALUES (NULL, 434, '2025-02-01 19:02:03.918878', 'Debit Card', 1460.29, 'USD');
INSERT INTO Shipping (shipping_id, order_id, carrier, tracking_number, ship_date, delivery_date, status) VALUES (NULL, 434, 'FedEx', 'TRK000434', '2025-05-26', '2025-03-06', 'Delivered');
INSERT INTO Orders (order_id, customer_id, order_date, status, shipping_address, total_amount) VALUES (435, 154, '2025-08-13 07:52:43.412935', 'Shipped', '11310 Joseph Pike Apt. 979 Henryhaven, DE 80694', 755.92);
INSERT INTO Order_Items (order_item_id, order_id, product_id, quantity, unit_price, discount) VALUES (NULL, 435, 15, 3, 262.28, 5);
INSERT INTO Order_Items (order_item_id, order_id, product_id, quantity, unit_price, discount) VALUES (NULL, 435, 16, 2, 427.95, 5);
INSERT INTO Payments (payment_id, order_id, payment_date, payment_method, amount, currency) VALUES (NULL, 435, '2025-08-14 08:23:51.259369', 'Debit Card', 755.92, 'USD');
INSERT INTO Shipping (shipping_id, order_id, carrier, tracking_number, ship_date, delivery_date, status) VALUES (NULL, 435, 'FedEx', 'TRK000435', '2025-08-17', '2025-06-06', 'Delivered');
INSERT INTO Orders (order_id, customer_id, order_date, status, shipping_address, total_amount) VALUES (436, 172, '2025-06-06 14:18:50.396361', 'Shipped', '90286 Sheri Centers Theresahaven, AL 47574', 1054.78);
INSERT INTO Order_Items (order_item_id, order_id, product_id, quantity, unit_price, discount) VALUES (NULL, 436, 48, 3, 46.92, 5);
INSERT INTO Order_Items (order_item_id, order_id, product_id, quantity, unit_price, discount) VALUES (NULL, 436, 21, 1, 467.8, 5);
INSERT INTO Order_Items (order_item_id, order_id, product_id, quantity, unit_price, discount) VALUES (NULL, 436, 34, 2, 193.27, 10);
INSERT INTO Order_Items (order_item_id, order_id, product_id, quantity, unit_price, discount) VALUES (NULL, 436, 27, 3, 170.7, 0);
INSERT INTO Order_Items (order_item_id, order_id, product_id, quantity, unit_price, discount) VALUES (NULL, 436, 36, 2, 190.69, 10);
INSERT INTO Payments (payment_id, order_id, payment_date, payment_method, amount, currency) VALUES (NULL, 436, '2025-02-08 23:38:52.807244', 'Credit Card', 1054.78, 'USD');
INSERT INTO Shipping (shipping_id, order_id, carrier, tracking_number, ship_date, delivery_date, status) VALUES (NULL, 436, 'FedEx', 'TRK000436', '2025-01-11', '2025-01-07', 'Delivered');
INSERT INTO Orders (order_id, customer_id, order_date, status, shipping_address, total_amount) VALUES (437, 102, '2025-02-23 10:05:15.396018', 'Shipped', '50717 James Dam Chaseton, NV 53729', 844.24);
INSERT INTO Order_Items (order_item_id, order_id, product_id, quantity, unit_price, discount) VALUES (NULL, 437, 48, 3, 199.66, 5);
INSERT INTO Order_Items (order_item_id, order_id, product_id, quantity, unit_price, discount) VALUES (NULL, 437, 32, 3, 441.54, 5);
INSERT INTO Order_Items (order_item_id, order_id, product_id, quantity, unit_price, discount) VALUES (NULL, 437, 26, 1, 299.09, 0);
INSERT INTO Order_Items (order_item_id, order_id, product_id, quantity, unit_price, discount) VALUES (NULL, 437, 35, 3, 272.2, 15);
INSERT INTO Order_Items (order_item_id, order_id, product_id, quantity, unit_price, discount) VALUES (NULL, 437, 1, 3, 102.45, 15);
INSERT INTO Payments (payment_id, order_id, payment_date, payment_method, amount, currency) VALUES (NULL, 437, '2025-06-21 10:29:57.928745', 'Debit Card', 844.24, 'USD');
INSERT INTO Shipping (shipping_id, order_id, carrier, tracking_number, ship_date, delivery_date, status) VALUES (NULL, 437, 'FedEx', 'TRK000437', '2025-06-01', '2025-08-20', 'Delivered');
INSERT INTO Orders (order_id, customer_id, order_date, status, shipping_address, total_amount) VALUES (438, 73, '2025-06-18 00:49:25.646803', 'Shipped', '77408 Jeffrey Prairie East Laurenborough, ND 05599', 1515.63);
INSERT INTO Order_Items (order_item_id, order_id, product_id, quantity, unit_price, discount) VALUES (NULL, 438, 45, 2, 488.24, 15);
INSERT INTO Order_Items (order_item_id, order_id, product_id, quantity, unit_price, discount) VALUES (NULL, 438, 18, 3, 378.6, 0);
INSERT INTO Order_Items (order_item_id, order_id, product_id, quantity, unit_price, discount) VALUES (NULL, 438, 12, 3, 446.55, 10);
INSERT INTO Payments (payment_id, order_id, payment_date, payment_method, amount, currency) VALUES (NULL, 438, '2025-07-11 10:48:19.736670', 'Debit Card', 1515.63, 'USD');
INSERT INTO Shipping (shipping_id, order_id, carrier, tracking_number, ship_date, delivery_date, status) VALUES (NULL, 438, 'UPS', 'TRK000438', '2025-08-20', '2025-06-14', 'Delivered');
INSERT INTO Orders (order_id, customer_id, order_date, status, shipping_address, total_amount) VALUES (439, 74, '2025-02-27 12:09:19.801759', 'Shipped', '3379 Holly Cliff Apt. 355 Emilymouth, PA 47512', 2893.82);
INSERT INTO Order_Items (order_item_id, order_id, product_id, quantity, unit_price, discount) VALUES (NULL, 439, 49, 2, 292.05, 15);
INSERT INTO Order_Items (order_item_id, order_id, product_id, quantity, unit_price, discount) VALUES (NULL, 439, 32, 2, 479.41, 15);
INSERT INTO Order_Items (order_item_id, order_id, product_id, quantity, unit_price, discount) VALUES (NULL, 439, 30, 1, 66.99, 5);
INSERT INTO Order_Items (order_item_id, order_id, product_id, quantity, unit_price, discount) VALUES (NULL, 439, 39, 2, 437.27, 15);
INSERT INTO Order_Items (order_item_id, order_id, product_id, quantity, unit_price, discount) VALUES (NULL, 439, 16, 2, 485.09, 0);
INSERT INTO Payments (payment_id, order_id, payment_date, payment_method, amount, currency) VALUES (NULL, 439, '2025-07-18 00:53:01.784408', 'Credit Card', 2893.82, 'USD');
INSERT INTO Shipping (shipping_id, order_id, carrier, tracking_number, ship_date, delivery_date, status) VALUES (NULL, 439, 'FedEx', 'TRK000439', '2025-03-28', '2025-02-12', 'Delivered');
INSERT INTO Orders (order_id, customer_id, order_date, status, shipping_address, total_amount) VALUES (440, 76, '2025-08-09 08:21:41.640997', 'Shipped', '06063 Brown Forest Mayermouth, KS 50887', 2454.3);
INSERT INTO Order_Items (order_item_id, order_id, product_id, quantity, unit_price, discount) VALUES (NULL, 440, 37, 3, 302.16, 15);
INSERT INTO Order_Items (order_item_id, order_id, product_id, quantity, unit_price, discount) VALUES (NULL, 440, 37, 1, 134.5, 0);
INSERT INTO Order_Items (order_item_id, order_id, product_id, quantity, unit_price, discount) VALUES (NULL, 440, 20, 1, 301.25, 15);
INSERT INTO Order_Items (order_item_id, order_id, product_id, quantity, unit_price, discount) VALUES (NULL, 440, 6, 1, 116.65, 0);
INSERT INTO Payments (payment_id, order_id, payment_date, payment_method, amount, currency) VALUES (NULL, 440, '2025-03-04 10:14:55.860149', 'PayPal', 2454.3, 'USD');
INSERT INTO Shipping (shipping_id, order_id, carrier, tracking_number, ship_date, delivery_date, status) VALUES (NULL, 440, 'FedEx', 'TRK000440', '2025-07-13', '2025-03-02', 'Delivered');
INSERT INTO Orders (order_id, customer_id, order_date, status, shipping_address, total_amount) VALUES (441, 89, '2025-07-10 06:14:17.716351', 'Shipped', '66533 Alvarez Roads South Alexandrahaven, MN 01689', 2727.35);
INSERT INTO Order_Items (order_item_id, order_id, product_id, quantity, unit_price, discount) VALUES (NULL, 441, 49, 2, 173.85, 5);
INSERT INTO Order_Items (order_item_id, order_id, product_id, quantity, unit_price, discount) VALUES (NULL, 441, 13, 2, 272.49, 5);
INSERT INTO Order_Items (order_item_id, order_id, product_id, quantity, unit_price, discount) VALUES (NULL, 441, 32, 3, 78.27, 15);
INSERT INTO Order_Items (order_item_id, order_id, product_id, quantity, unit_price, discount) VALUES (NULL, 441, 29, 2, 431.56, 10);
INSERT INTO Order_Items (order_item_id, order_id, product_id, quantity, unit_price, discount) VALUES (NULL, 441, 4, 3, 303.45, 5);
INSERT INTO Payments (payment_id, order_id, payment_date, payment_method, amount, currency) VALUES (NULL, 441, '2025-05-29 22:19:46.578433', 'Credit Card', 2727.35, 'USD');
INSERT INTO Shipping (shipping_id, order_id, carrier, tracking_number, ship_date, delivery_date, status) VALUES (NULL, 441, 'UPS', 'TRK000441', '2025-09-02', '2025-04-18', 'Delivered');
INSERT INTO Orders (order_id, customer_id, order_date, status, shipping_address, total_amount) VALUES (442, 197, '2025-04-07 16:41:18.566850', 'Shipped', '3442 Ford Road Lake Crystal, CO 91821', 1731.45);
INSERT INTO Order_Items (order_item_id, order_id, product_id, quantity, unit_price, discount) VALUES (NULL, 442, 49, 2, 245.63, 15);
INSERT INTO Order_Items (order_item_id, order_id, product_id, quantity, unit_price, discount) VALUES (NULL, 442, 47, 1, 279.36, 10);
INSERT INTO Order_Items (order_item_id, order_id, product_id, quantity, unit_price, discount) VALUES (NULL, 442, 27, 3, 421.36, 15);
INSERT INTO Payments (payment_id, order_id, payment_date, payment_method, amount, currency) VALUES (NULL, 442, '2025-08-10 00:22:41.631803', 'Debit Card', 1731.45, 'USD');
INSERT INTO Shipping (shipping_id, order_id, carrier, tracking_number, ship_date, delivery_date, status) VALUES (NULL, 442, 'UPS', 'TRK000442', '2025-07-01', '2025-01-02', 'Delivered');
INSERT INTO Orders (order_id, customer_id, order_date, status, shipping_address, total_amount) VALUES (443, 16, '2025-02-17 08:39:46.190974', 'Shipped', '57748 Laura Lakes Michaelville, TN 22895', 2253.66);
INSERT INTO Order_Items (order_item_id, order_id, product_id, quantity, unit_price, discount) VALUES (NULL, 443, 7, 3, 192.87, 15);
INSERT INTO Order_Items (order_item_id, order_id, product_id, quantity, unit_price, discount) VALUES (NULL, 443, 4, 3, 248.54, 5);
INSERT INTO Payments (payment_id, order_id, payment_date, payment_method, amount, currency) VALUES (NULL, 443, '2025-06-04 11:43:16.432276', 'PayPal', 2253.66, 'USD');
INSERT INTO Shipping (shipping_id, order_id, carrier, tracking_number, ship_date, delivery_date, status) VALUES (NULL, 443, 'FedEx', 'TRK000443', '2025-06-19', '2025-01-22', 'Delivered');
INSERT INTO Orders (order_id, customer_id, order_date, status, shipping_address, total_amount) VALUES (444, 76, '2025-02-11 04:45:26.359741', 'Shipped', '676 Darryl Fort Suite 932 Tylerview, NV 53351', 373.53);
INSERT INTO Order_Items (order_item_id, order_id, product_id, quantity, unit_price, discount) VALUES (NULL, 444, 34, 1, 353.78, 5);
INSERT INTO Order_Items (order_item_id, order_id, product_id, quantity, unit_price, discount) VALUES (NULL, 444, 30, 3, 208.44, 10);
INSERT INTO Payments (payment_id, order_id, payment_date, payment_method, amount, currency) VALUES (NULL, 444, '2025-08-18 11:55:37.730558', 'Debit Card', 373.53, 'USD');
INSERT INTO Shipping (shipping_id, order_id, carrier, tracking_number, ship_date, delivery_date, status) VALUES (NULL, 444, 'FedEx', 'TRK000444', '2025-03-17', '2025-07-07', 'Delivered');
INSERT INTO Orders (order_id, customer_id, order_date, status, shipping_address, total_amount) VALUES (445, 180, '2025-05-14 23:26:40.675280', 'Shipped', '701 Aguilar Crescent West Thomasshire, KS 17933', 2052.26);
INSERT INTO Order_Items (order_item_id, order_id, product_id, quantity, unit_price, discount) VALUES (NULL, 445, 38, 3, 205.77, 5);
INSERT INTO Order_Items (order_item_id, order_id, product_id, quantity, unit_price, discount) VALUES (NULL, 445, 15, 3, 245.24, 0);
INSERT INTO Payments (payment_id, order_id, payment_date, payment_method, amount, currency) VALUES (NULL, 445, '2025-06-23 10:06:40.863412', 'Debit Card', 2052.26, 'USD');
INSERT INTO Shipping (shipping_id, order_id, carrier, tracking_number, ship_date, delivery_date, status) VALUES (NULL, 445, 'DHL', 'TRK000445', '2025-05-11', '2025-05-08', 'Delivered');
INSERT INTO Orders (order_id, customer_id, order_date, status, shipping_address, total_amount) VALUES (446, 122, '2025-05-15 12:36:58.223949', 'Shipped', '93232 Justin Keys Apt. 305 Port Annaview, WY 57426', 1279.85);
INSERT INTO Order_Items (order_item_id, order_id, product_id, quantity, unit_price, discount) VALUES (NULL, 446, 31, 3, 98.19, 0);
INSERT INTO Payments (payment_id, order_id, payment_date, payment_method, amount, currency) VALUES (NULL, 446, '2025-02-19 16:44:22.006028', 'Debit Card', 1279.85, 'USD');
INSERT INTO Shipping (shipping_id, order_id, carrier, tracking_number, ship_date, delivery_date, status) VALUES (NULL, 446, 'DHL', 'TRK000446', '2025-05-13', '2025-06-03', 'Delivered');
INSERT INTO Orders (order_id, customer_id, order_date, status, shipping_address, total_amount) VALUES (447, 185, '2025-06-11 02:13:08.149984', 'Shipped', 'USNS Brown FPO AA 68673', 1563.55);
INSERT INTO Order_Items (order_item_id, order_id, product_id, quantity, unit_price, discount) VALUES (NULL, 447, 30, 2, 242.62, 10);
INSERT INTO Payments (payment_id, order_id, payment_date, payment_method, amount, currency) VALUES (NULL, 447, '2025-08-29 12:28:02.625627', 'PayPal', 1563.55, 'USD');
INSERT INTO Shipping (shipping_id, order_id, carrier, tracking_number, ship_date, delivery_date, status) VALUES (NULL, 447, 'UPS', 'TRK000447', '2025-04-21', '2025-05-03', 'Delivered');
INSERT INTO Orders (order_id, customer_id, order_date, status, shipping_address, total_amount) VALUES (448, 101, '2025-08-12 08:23:18.044711', 'Shipped', '0939 Brent Meadow Apt. 137 Lake Michealburgh, KS 74758', 988.83);
INSERT INTO Order_Items (order_item_id, order_id, product_id, quantity, unit_price, discount) VALUES (NULL, 448, 28, 3, 20.76, 5);
INSERT INTO Order_Items (order_item_id, order_id, product_id, quantity, unit_price, discount) VALUES (NULL, 448, 48, 1, 72.16, 5);
INSERT INTO Order_Items (order_item_id, order_id, product_id, quantity, unit_price, discount) VALUES (NULL, 448, 43, 2, 254.95, 15);
INSERT INTO Order_Items (order_item_id, order_id, product_id, quantity, unit_price, discount) VALUES (NULL, 448, 4, 3, 114.02, 10);
INSERT INTO Order_Items (order_item_id, order_id, product_id, quantity, unit_price, discount) VALUES (NULL, 448, 8, 1, 121.0, 15);
INSERT INTO Payments (payment_id, order_id, payment_date, payment_method, amount, currency) VALUES (NULL, 448, '2025-07-24 09:07:36.132931', 'PayPal', 988.83, 'USD');
INSERT INTO Shipping (shipping_id, order_id, carrier, tracking_number, ship_date, delivery_date, status) VALUES (NULL, 448, 'FedEx', 'TRK000448', '2025-03-17', '2025-01-08', 'Delivered');
INSERT INTO Orders (order_id, customer_id, order_date, status, shipping_address, total_amount) VALUES (449, 12, '2025-03-24 05:48:46.291820', 'Shipped', '062 Moore Pike Apt. 916 North David, IA 52052', 442.66);
INSERT INTO Order_Items (order_item_id, order_id, product_id, quantity, unit_price, discount) VALUES (NULL, 449, 7, 3, 456.61, 0);
INSERT INTO Order_Items (order_item_id, order_id, product_id, quantity, unit_price, discount) VALUES (NULL, 449, 31, 3, 22.18, 15);
INSERT INTO Order_Items (order_item_id, order_id, product_id, quantity, unit_price, discount) VALUES (NULL, 449, 10, 1, 393.69, 15);
INSERT INTO Order_Items (order_item_id, order_id, product_id, quantity, unit_price, discount) VALUES (NULL, 449, 3, 2, 418.67, 0);
INSERT INTO Payments (payment_id, order_id, payment_date, payment_method, amount, currency) VALUES (NULL, 449, '2025-05-19 19:50:29.787700', 'Credit Card', 442.66, 'USD');
INSERT INTO Shipping (shipping_id, order_id, carrier, tracking_number, ship_date, delivery_date, status) VALUES (NULL, 449, 'UPS', 'TRK000449', '2025-03-30', '2025-02-15', 'Delivered');
INSERT INTO Orders (order_id, customer_id, order_date, status, shipping_address, total_amount) VALUES (450, 73, '2025-09-03 18:05:42.244017', 'Shipped', '8252 Susan Fort Chelseaport, CO 52936', 378.96);
INSERT INTO Order_Items (order_item_id, order_id, product_id, quantity, unit_price, discount) VALUES (NULL, 450, 24, 3, 479.11, 5);
INSERT INTO Order_Items (order_item_id, order_id, product_id, quantity, unit_price, discount) VALUES (NULL, 450, 21, 1, 40.11, 5);
INSERT INTO Order_Items (order_item_id, order_id, product_id, quantity, unit_price, discount) VALUES (NULL, 450, 23, 2, 395.05, 10);
INSERT INTO Order_Items (order_item_id, order_id, product_id, quantity, unit_price, discount) VALUES (NULL, 450, 33, 3, 208.62, 15);
INSERT INTO Payments (payment_id, order_id, payment_date, payment_method, amount, currency) VALUES (NULL, 450, '2025-03-10 17:56:38.692961', 'Debit Card', 378.96, 'USD');
INSERT INTO Shipping (shipping_id, order_id, carrier, tracking_number, ship_date, delivery_date, status) VALUES (NULL, 450, 'DHL', 'TRK000450', '2025-01-12', '2025-03-21', 'Delivered');
INSERT INTO Orders (order_id, customer_id, order_date, status, shipping_address, total_amount) VALUES (451, 88, '2025-03-06 04:43:22.307668', 'Shipped', '756 Erin Mall Jodyhaven, FM 02782', 408.88);
INSERT INTO Order_Items (order_item_id, order_id, product_id, quantity, unit_price, discount) VALUES (NULL, 451, 12, 2, 481.01, 10);
INSERT INTO Order_Items (order_item_id, order_id, product_id, quantity, unit_price, discount) VALUES (NULL, 451, 38, 3, 169.08, 0);
INSERT INTO Payments (payment_id, order_id, payment_date, payment_method, amount, currency) VALUES (NULL, 451, '2025-08-14 03:35:50.587711', 'Debit Card', 408.88, 'USD');
INSERT INTO Shipping (shipping_id, order_id, carrier, tracking_number, ship_date, delivery_date, status) VALUES (NULL, 451, 'DHL', 'TRK000451', '2025-05-16', '2025-08-01', 'Delivered');
INSERT INTO Orders (order_id, customer_id, order_date, status, shipping_address, total_amount) VALUES (452, 149, '2025-02-12 16:28:49.842533', 'Shipped', 'USS Kelly FPO AE 91562', 1074.59);
INSERT INTO Order_Items (order_item_id, order_id, product_id, quantity, unit_price, discount) VALUES (NULL, 452, 7, 3, 355.21, 10);
INSERT INTO Order_Items (order_item_id, order_id, product_id, quantity, unit_price, discount) VALUES (NULL, 452, 14, 1, 37.84, 10);
INSERT INTO Order_Items (order_item_id, order_id, product_id, quantity, unit_price, discount) VALUES (NULL, 452, 6, 1, 279.92, 0);
INSERT INTO Payments (payment_id, order_id, payment_date, payment_method, amount, currency) VALUES (NULL, 452, '2025-08-14 12:07:47.135981', 'Credit Card', 1074.59, 'USD');
INSERT INTO Shipping (shipping_id, order_id, carrier, tracking_number, ship_date, delivery_date, status) VALUES (NULL, 452, 'FedEx', 'TRK000452', '2025-06-21', '2025-08-27', 'Delivered');
INSERT INTO Orders (order_id, customer_id, order_date, status, shipping_address, total_amount) VALUES (453, 120, '2025-02-13 18:26:26.217744', 'Shipped', '153 Timothy Course Lake Tammy, FM 96867', 2058.74);
INSERT INTO Order_Items (order_item_id, order_id, product_id, quantity, unit_price, discount) VALUES (NULL, 453, 24, 3, 134.83, 15);
INSERT INTO Order_Items (order_item_id, order_id, product_id, quantity, unit_price, discount) VALUES (NULL, 453, 2, 3, 36.15, 15);
INSERT INTO Payments (payment_id, order_id, payment_date, payment_method, amount, currency) VALUES (NULL, 453, '2025-02-05 02:42:43.730596', 'PayPal', 2058.74, 'USD');
INSERT INTO Shipping (shipping_id, order_id, carrier, tracking_number, ship_date, delivery_date, status) VALUES (NULL, 453, 'UPS', 'TRK000453', '2025-01-11', '2025-08-02', 'Delivered');
INSERT INTO Orders (order_id, customer_id, order_date, status, shipping_address, total_amount) VALUES (454, 92, '2025-02-18 15:55:19.878004', 'Shipped', '2925 Linda Highway Markview, MH 82699', 1124.01);
INSERT INTO Order_Items (order_item_id, order_id, product_id, quantity, unit_price, discount) VALUES (NULL, 454, 25, 1, 435.07, 10);
INSERT INTO Order_Items (order_item_id, order_id, product_id, quantity, unit_price, discount) VALUES (NULL, 454, 41, 1, 53.14, 10);
INSERT INTO Order_Items (order_item_id, order_id, product_id, quantity, unit_price, discount) VALUES (NULL, 454, 8, 2, 59.99, 5);
INSERT INTO Payments (payment_id, order_id, payment_date, payment_method, amount, currency) VALUES (NULL, 454, '2025-03-26 07:15:48.917244', 'PayPal', 1124.01, 'USD');
INSERT INTO Shipping (shipping_id, order_id, carrier, tracking_number, ship_date, delivery_date, status) VALUES (NULL, 454, 'FedEx', 'TRK000454', '2025-01-06', '2025-02-09', 'Delivered');
INSERT INTO Orders (order_id, customer_id, order_date, status, shipping_address, total_amount) VALUES (455, 133, '2025-05-02 12:01:10.998444', 'Shipped', '0416 Dean Haven Suite 900 Walkertown, LA 22298', 853.75);
INSERT INTO Order_Items (order_item_id, order_id, product_id, quantity, unit_price, discount) VALUES (NULL, 455, 37, 2, 458.99, 0);
INSERT INTO Order_Items (order_item_id, order_id, product_id, quantity, unit_price, discount) VALUES (NULL, 455, 6, 3, 62.7, 10);
INSERT INTO Payments (payment_id, order_id, payment_date, payment_method, amount, currency) VALUES (NULL, 455, '2025-03-16 02:37:57.673250', 'Credit Card', 853.75, 'USD');
INSERT INTO Shipping (shipping_id, order_id, carrier, tracking_number, ship_date, delivery_date, status) VALUES (NULL, 455, 'UPS', 'TRK000455', '2025-07-26', '2025-08-08', 'Delivered');
INSERT INTO Orders (order_id, customer_id, order_date, status, shipping_address, total_amount) VALUES (456, 160, '2025-03-06 01:27:06.477281', 'Shipped', '1514 Mia Burgs Lake Barbara, MT 56062', 1160.05);
INSERT INTO Order_Items (order_item_id, order_id, product_id, quantity, unit_price, discount) VALUES (NULL, 456, 28, 3, 464.84, 10);
INSERT INTO Order_Items (order_item_id, order_id, product_id, quantity, unit_price, discount) VALUES (NULL, 456, 32, 2, 240.94, 10);
INSERT INTO Order_Items (order_item_id, order_id, product_id, quantity, unit_price, discount) VALUES (NULL, 456, 23, 1, 83.34, 15);
INSERT INTO Payments (payment_id, order_id, payment_date, payment_method, amount, currency) VALUES (NULL, 456, '2025-05-17 21:21:17.200332', 'PayPal', 1160.05, 'USD');
INSERT INTO Shipping (shipping_id, order_id, carrier, tracking_number, ship_date, delivery_date, status) VALUES (NULL, 456, 'DHL', 'TRK000456', '2025-08-06', '2025-06-24', 'Delivered');
INSERT INTO Orders (order_id, customer_id, order_date, status, shipping_address, total_amount) VALUES (457, 180, '2025-03-26 00:14:59.120033', 'Shipped', '69797 Guerrero Gateway Apt. 814 Williamsberg, PW 39030', 1800.53);
INSERT INTO Order_Items (order_item_id, order_id, product_id, quantity, unit_price, discount) VALUES (NULL, 457, 30, 1, 397.43, 15);
INSERT INTO Order_Items (order_item_id, order_id, product_id, quantity, unit_price, discount) VALUES (NULL, 457, 11, 2, 283.79, 15);
INSERT INTO Order_Items (order_item_id, order_id, product_id, quantity, unit_price, discount) VALUES (NULL, 457, 43, 1, 98.78, 5);
INSERT INTO Order_Items (order_item_id, order_id, product_id, quantity, unit_price, discount) VALUES (NULL, 457, 3, 2, 256.57, 10);
INSERT INTO Order_Items (order_item_id, order_id, product_id, quantity, unit_price, discount) VALUES (NULL, 457, 20, 2, 98.31, 0);
INSERT INTO Payments (payment_id, order_id, payment_date, payment_method, amount, currency) VALUES (NULL, 457, '2025-08-27 17:59:30.924918', 'PayPal', 1800.53, 'USD');
INSERT INTO Shipping (shipping_id, order_id, carrier, tracking_number, ship_date, delivery_date, status) VALUES (NULL, 457, 'FedEx', 'TRK000457', '2025-04-24', '2025-03-10', 'Delivered');
INSERT INTO Orders (order_id, customer_id, order_date, status, shipping_address, total_amount) VALUES (458, 112, '2025-07-06 17:48:58.297864', 'Shipped', '524 Bolton Orchard Apt. 487 Adamsfort, MA 84744', 1289.81);
INSERT INTO Order_Items (order_item_id, order_id, product_id, quantity, unit_price, discount) VALUES (NULL, 458, 5, 2, 271.14, 5);
INSERT INTO Order_Items (order_item_id, order_id, product_id, quantity, unit_price, discount) VALUES (NULL, 458, 34, 1, 167.79, 0);
INSERT INTO Order_Items (order_item_id, order_id, product_id, quantity, unit_price, discount) VALUES (NULL, 458, 14, 3, 256.5, 15);
INSERT INTO Payments (payment_id, order_id, payment_date, payment_method, amount, currency) VALUES (NULL, 458, '2025-01-07 12:30:47.783558', 'Debit Card', 1289.81, 'USD');
INSERT INTO Shipping (shipping_id, order_id, carrier, tracking_number, ship_date, delivery_date, status) VALUES (NULL, 458, 'UPS', 'TRK000458', '2025-07-27', '2025-01-13', 'Delivered');
INSERT INTO Orders (order_id, customer_id, order_date, status, shipping_address, total_amount) VALUES (459, 52, '2025-01-24 02:52:32.337458', 'Shipped', '482 Melissa Prairie Apt. 308 Lisaburgh, KY 94695', 1817.56);
INSERT INTO Order_Items (order_item_id, order_id, product_id, quantity, unit_price, discount) VALUES (NULL, 459, 21, 1, 103.81, 15);
INSERT INTO Order_Items (order_item_id, order_id, product_id, quantity, unit_price, discount) VALUES (NULL, 459, 15, 3, 265.08, 0);
INSERT INTO Order_Items (order_item_id, order_id, product_id, quantity, unit_price, discount) VALUES (NULL, 459, 28, 3, 450.06, 10);
INSERT INTO Payments (payment_id, order_id, payment_date, payment_method, amount, currency) VALUES (NULL, 459, '2025-02-17 02:03:14.253208', 'Debit Card', 1817.56, 'USD');
INSERT INTO Shipping (shipping_id, order_id, carrier, tracking_number, ship_date, delivery_date, status) VALUES (NULL, 459, 'UPS', 'TRK000459', '2025-07-08', '2025-05-19', 'Delivered');
INSERT INTO Orders (order_id, customer_id, order_date, status, shipping_address, total_amount) VALUES (460, 176, '2025-02-25 16:06:37.697555', 'Shipped', '3913 Werner Square Apt. 096 Melissaport, VA 29586', 2806.1);
INSERT INTO Order_Items (order_item_id, order_id, product_id, quantity, unit_price, discount) VALUES (NULL, 460, 20, 2, 293.28, 15);
INSERT INTO Order_Items (order_item_id, order_id, product_id, quantity, unit_price, discount) VALUES (NULL, 460, 38, 3, 301.58, 10);
INSERT INTO Order_Items (order_item_id, order_id, product_id, quantity, unit_price, discount) VALUES (NULL, 460, 10, 1, 392.16, 10);
INSERT INTO Payments (payment_id, order_id, payment_date, payment_method, amount, currency) VALUES (NULL, 460, '2025-03-19 10:04:34.916697', 'Debit Card', 2806.1, 'USD');
INSERT INTO Shipping (shipping_id, order_id, carrier, tracking_number, ship_date, delivery_date, status) VALUES (NULL, 460, 'DHL', 'TRK000460', '2025-08-06', '2025-05-22', 'Delivered');
INSERT INTO Orders (order_id, customer_id, order_date, status, shipping_address, total_amount) VALUES (461, 16, '2025-01-21 23:20:15.676978', 'Shipped', '04579 Dixon Ramp Laurenbury, VT 70314', 1731.88);
INSERT INTO Order_Items (order_item_id, order_id, product_id, quantity, unit_price, discount) VALUES (NULL, 461, 15, 1, 363.58, 0);
INSERT INTO Order_Items (order_item_id, order_id, product_id, quantity, unit_price, discount) VALUES (NULL, 461, 33, 1, 412.59, 0);
INSERT INTO Order_Items (order_item_id, order_id, product_id, quantity, unit_price, discount) VALUES (NULL, 461, 13, 3, 460.35, 10);
INSERT INTO Order_Items (order_item_id, order_id, product_id, quantity, unit_price, discount) VALUES (NULL, 461, 19, 2, 17.64, 5);
INSERT INTO Order_Items (order_item_id, order_id, product_id, quantity, unit_price, discount) VALUES (NULL, 461, 42, 3, 490.31, 15);
INSERT INTO Payments (payment_id, order_id, payment_date, payment_method, amount, currency) VALUES (NULL, 461, '2025-06-23 18:51:56.775613', 'Credit Card', 1731.88, 'USD');
INSERT INTO Shipping (shipping_id, order_id, carrier, tracking_number, ship_date, delivery_date, status) VALUES (NULL, 461, 'DHL', 'TRK000461', '2025-01-15', '2025-02-01', 'Delivered');
INSERT INTO Orders (order_id, customer_id, order_date, status, shipping_address, total_amount) VALUES (462, 18, '2025-08-03 13:56:02.945969', 'Shipped', '780 Nicole Field Apt. 156 Christophertown, NM 03381', 2959.56);
INSERT INTO Order_Items (order_item_id, order_id, product_id, quantity, unit_price, discount) VALUES (NULL, 462, 9, 3, 456.66, 10);
INSERT INTO Order_Items (order_item_id, order_id, product_id, quantity, unit_price, discount) VALUES (NULL, 462, 25, 1, 84.68, 10);
INSERT INTO Order_Items (order_item_id, order_id, product_id, quantity, unit_price, discount) VALUES (NULL, 462, 17, 2, 424.78, 15);
INSERT INTO Order_Items (order_item_id, order_id, product_id, quantity, unit_price, discount) VALUES (NULL, 462, 32, 2, 402.85, 5);
INSERT INTO Payments (payment_id, order_id, payment_date, payment_method, amount, currency) VALUES (NULL, 462, '2025-07-21 01:27:28.893480', 'Debit Card', 2959.56, 'USD');
INSERT INTO Shipping (shipping_id, order_id, carrier, tracking_number, ship_date, delivery_date, status) VALUES (NULL, 462, 'DHL', 'TRK000462', '2025-03-10', '2025-02-09', 'Delivered');
INSERT INTO Orders (order_id, customer_id, order_date, status, shipping_address, total_amount) VALUES (463, 153, '2025-06-21 21:29:00.346078', 'Shipped', 'USNV Wilson FPO AA 59597', 1701.6);
INSERT INTO Order_Items (order_item_id, order_id, product_id, quantity, unit_price, discount) VALUES (NULL, 463, 37, 2, 246.33, 5);
INSERT INTO Order_Items (order_item_id, order_id, product_id, quantity, unit_price, discount) VALUES (NULL, 463, 45, 1, 325.71, 15);
INSERT INTO Order_Items (order_item_id, order_id, product_id, quantity, unit_price, discount) VALUES (NULL, 463, 35, 1, 152.87, 10);
INSERT INTO Payments (payment_id, order_id, payment_date, payment_method, amount, currency) VALUES (NULL, 463, '2025-07-11 00:41:47.131202', 'PayPal', 1701.6, 'USD');
INSERT INTO Shipping (shipping_id, order_id, carrier, tracking_number, ship_date, delivery_date, status) VALUES (NULL, 463, 'UPS', 'TRK000463', '2025-04-10', '2025-04-12', 'Delivered');
INSERT INTO Orders (order_id, customer_id, order_date, status, shipping_address, total_amount) VALUES (464, 164, '2025-01-06 12:39:18.466608', 'Shipped', '594 Ivan Manors Suite 391 Veronicaland, TX 97107', 2582.09);
INSERT INTO Order_Items (order_item_id, order_id, product_id, quantity, unit_price, discount) VALUES (NULL, 464, 19, 1, 60.44, 0);
INSERT INTO Order_Items (order_item_id, order_id, product_id, quantity, unit_price, discount) VALUES (NULL, 464, 23, 1, 229.79, 15);
INSERT INTO Order_Items (order_item_id, order_id, product_id, quantity, unit_price, discount) VALUES (NULL, 464, 19, 3, 472.45, 15);
INSERT INTO Order_Items (order_item_id, order_id, product_id, quantity, unit_price, discount) VALUES (NULL, 464, 24, 2, 468.73, 0);
INSERT INTO Order_Items (order_item_id, order_id, product_id, quantity, unit_price, discount) VALUES (NULL, 464, 3, 2, 265.69, 0);
INSERT INTO Payments (payment_id, order_id, payment_date, payment_method, amount, currency) VALUES (NULL, 464, '2025-02-19 18:53:45.517842', 'PayPal', 2582.09, 'USD');
INSERT INTO Shipping (shipping_id, order_id, carrier, tracking_number, ship_date, delivery_date, status) VALUES (NULL, 464, 'UPS', 'TRK000464', '2025-03-09', '2025-05-15', 'Delivered');
INSERT INTO Orders (order_id, customer_id, order_date, status, shipping_address, total_amount) VALUES (465, 139, '2025-01-26 00:05:09.957700', 'Shipped', '0610 Zachary Rest Calebstad, KY 23107', 2626.62);
INSERT INTO Order_Items (order_item_id, order_id, product_id, quantity, unit_price, discount) VALUES (NULL, 465, 8, 1, 404.19, 5);
INSERT INTO Order_Items (order_item_id, order_id, product_id, quantity, unit_price, discount) VALUES (NULL, 465, 26, 2, 390.95, 0);
INSERT INTO Order_Items (order_item_id, order_id, product_id, quantity, unit_price, discount) VALUES (NULL, 465, 4, 3, 162.1, 15);
INSERT INTO Payments (payment_id, order_id, payment_date, payment_method, amount, currency) VALUES (NULL, 465, '2025-04-09 11:06:13.715991', 'PayPal', 2626.62, 'USD');
INSERT INTO Shipping (shipping_id, order_id, carrier, tracking_number, ship_date, delivery_date, status) VALUES (NULL, 465, 'UPS', 'TRK000465', '2025-06-18', '2025-06-15', 'Delivered');
INSERT INTO Orders (order_id, customer_id, order_date, status, shipping_address, total_amount) VALUES (466, 121, '2025-08-13 01:09:02.358034', 'Shipped', '164 Brittany Ville Suite 137 Lake Peter, VT 87177', 102.4);
INSERT INTO Order_Items (order_item_id, order_id, product_id, quantity, unit_price, discount) VALUES (NULL, 466, 12, 1, 279.31, 0);
INSERT INTO Payments (payment_id, order_id, payment_date, payment_method, amount, currency) VALUES (NULL, 466, '2025-07-22 23:22:16.862813', 'Credit Card', 102.4, 'USD');
INSERT INTO Shipping (shipping_id, order_id, carrier, tracking_number, ship_date, delivery_date, status) VALUES (NULL, 466, 'UPS', 'TRK000466', '2025-05-19', '2025-05-24', 'Delivered');
INSERT INTO Orders (order_id, customer_id, order_date, status, shipping_address, total_amount) VALUES (467, 147, '2025-05-05 04:34:12.861170', 'Shipped', '91501 Matthew Isle Apt. 477 East Jessica, NH 94616', 1089.18);
INSERT INTO Order_Items (order_item_id, order_id, product_id, quantity, unit_price, discount) VALUES (NULL, 467, 16, 3, 403.93, 10);
INSERT INTO Order_Items (order_item_id, order_id, product_id, quantity, unit_price, discount) VALUES (NULL, 467, 19, 3, 475.33, 5);
INSERT INTO Order_Items (order_item_id, order_id, product_id, quantity, unit_price, discount) VALUES (NULL, 467, 7, 3, 221.66, 10);
INSERT INTO Order_Items (order_item_id, order_id, product_id, quantity, unit_price, discount) VALUES (NULL, 467, 27, 1, 379.86, 15);
INSERT INTO Order_Items (order_item_id, order_id, product_id, quantity, unit_price, discount) VALUES (NULL, 467, 5, 2, 181.39, 10);
INSERT INTO Payments (payment_id, order_id, payment_date, payment_method, amount, currency) VALUES (NULL, 467, '2025-03-24 03:04:01.545417', 'Debit Card', 1089.18, 'USD');
INSERT INTO Shipping (shipping_id, order_id, carrier, tracking_number, ship_date, delivery_date, status) VALUES (NULL, 467, 'UPS', 'TRK000467', '2025-06-22', '2025-03-12', 'Delivered');
INSERT INTO Orders (order_id, customer_id, order_date, status, shipping_address, total_amount) VALUES (468, 72, '2025-05-24 05:14:14.471180', 'Shipped', '64752 John Valley Suite 180 East Jerry, ID 66328', 34.39);
INSERT INTO Order_Items (order_item_id, order_id, product_id, quantity, unit_price, discount) VALUES (NULL, 468, 43, 2, 265.78, 15);
INSERT INTO Order_Items (order_item_id, order_id, product_id, quantity, unit_price, discount) VALUES (NULL, 468, 33, 3, 410.0, 0);
INSERT INTO Order_Items (order_item_id, order_id, product_id, quantity, unit_price, discount) VALUES (NULL, 468, 31, 3, 208.18, 15);
INSERT INTO Order_Items (order_item_id, order_id, product_id, quantity, unit_price, discount) VALUES (NULL, 468, 47, 3, 328.14, 15);
INSERT INTO Payments (payment_id, order_id, payment_date, payment_method, amount, currency) VALUES (NULL, 468, '2025-03-16 12:54:13.918521', 'Debit Card', 34.39, 'USD');
INSERT INTO Shipping (shipping_id, order_id, carrier, tracking_number, ship_date, delivery_date, status) VALUES (NULL, 468, 'UPS', 'TRK000468', '2025-08-31', '2025-02-20', 'Delivered');
INSERT INTO Orders (order_id, customer_id, order_date, status, shipping_address, total_amount) VALUES (469, 144, '2025-06-16 16:03:44.216024', 'Shipped', '17984 Fleming Road Apt. 811 East Nicholasview, IL 79348', 1939.2);
INSERT INTO Order_Items (order_item_id, order_id, product_id, quantity, unit_price, discount) VALUES (NULL, 469, 4, 3, 400.39, 15);
INSERT INTO Order_Items (order_item_id, order_id, product_id, quantity, unit_price, discount) VALUES (NULL, 469, 47, 2, 72.87, 5);
INSERT INTO Order_Items (order_item_id, order_id, product_id, quantity, unit_price, discount) VALUES (NULL, 469, 28, 2, 366.92, 15);
INSERT INTO Payments (payment_id, order_id, payment_date, payment_method, amount, currency) VALUES (NULL, 469, '2025-03-08 00:16:12.204956', 'Credit Card', 1939.2, 'USD');
INSERT INTO Shipping (shipping_id, order_id, carrier, tracking_number, ship_date, delivery_date, status) VALUES (NULL, 469, 'DHL', 'TRK000469', '2025-05-20', '2025-06-25', 'Delivered');
INSERT INTO Orders (order_id, customer_id, order_date, status, shipping_address, total_amount) VALUES (470, 181, '2025-04-07 08:23:07.035723', 'Shipped', '105 Cox Junctions Suite 575 Medinamouth, MN 84048', 142.94);
INSERT INTO Order_Items (order_item_id, order_id, product_id, quantity, unit_price, discount) VALUES (NULL, 470, 3, 1, 216.76, 5);
INSERT INTO Order_Items (order_item_id, order_id, product_id, quantity, unit_price, discount) VALUES (NULL, 470, 21, 1, 186.65, 0);
INSERT INTO Order_Items (order_item_id, order_id, product_id, quantity, unit_price, discount) VALUES (NULL, 470, 10, 2, 245.52, 5);
INSERT INTO Payments (payment_id, order_id, payment_date, payment_method, amount, currency) VALUES (NULL, 470, '2025-07-04 00:39:35.109551', 'Credit Card', 142.94, 'USD');
INSERT INTO Shipping (shipping_id, order_id, carrier, tracking_number, ship_date, delivery_date, status) VALUES (NULL, 470, 'UPS', 'TRK000470', '2025-03-17', '2025-07-02', 'Delivered');
INSERT INTO Orders (order_id, customer_id, order_date, status, shipping_address, total_amount) VALUES (471, 37, '2025-01-10 13:35:44.153370', 'Shipped', 'USNV Roach FPO AP 70309', 329.64);
INSERT INTO Order_Items (order_item_id, order_id, product_id, quantity, unit_price, discount) VALUES (NULL, 471, 23, 1, 303.11, 5);
INSERT INTO Order_Items (order_item_id, order_id, product_id, quantity, unit_price, discount) VALUES (NULL, 471, 33, 1, 26.31, 5);
INSERT INTO Order_Items (order_item_id, order_id, product_id, quantity, unit_price, discount) VALUES (NULL, 471, 8, 1, 330.24, 10);
INSERT INTO Payments (payment_id, order_id, payment_date, payment_method, amount, currency) VALUES (NULL, 471, '2025-01-23 18:30:47.424640', 'Debit Card', 329.64, 'USD');
INSERT INTO Shipping (shipping_id, order_id, carrier, tracking_number, ship_date, delivery_date, status) VALUES (NULL, 471, 'DHL', 'TRK000471', '2025-01-08', '2025-03-12', 'Delivered');
INSERT INTO Orders (order_id, customer_id, order_date, status, shipping_address, total_amount) VALUES (472, 94, '2025-03-11 08:56:13.512065', 'Shipped', 'PSC 8848, Box 3782 APO AP 20128', 2745.1);
INSERT INTO Order_Items (order_item_id, order_id, product_id, quantity, unit_price, discount) VALUES (NULL, 472, 25, 2, 205.92, 5);
INSERT INTO Order_Items (order_item_id, order_id, product_id, quantity, unit_price, discount) VALUES (NULL, 472, 47, 3, 13.25, 5);
INSERT INTO Order_Items (order_item_id, order_id, product_id, quantity, unit_price, discount) VALUES (NULL, 472, 35, 2, 348.21, 5);
INSERT INTO Payments (payment_id, order_id, payment_date, payment_method, amount, currency) VALUES (NULL, 472, '2025-05-04 06:59:55.900745', 'Credit Card', 2745.1, 'USD');
INSERT INTO Shipping (shipping_id, order_id, carrier, tracking_number, ship_date, delivery_date, status) VALUES (NULL, 472, 'UPS', 'TRK000472', '2025-03-12', '2025-06-10', 'Delivered');
INSERT INTO Orders (order_id, customer_id, order_date, status, shipping_address, total_amount) VALUES (473, 41, '2025-05-02 00:49:30.450388', 'Shipped', '796 Susan Shore Suite 485 Masonborough, CT 87446', 1309.81);
INSERT INTO Order_Items (order_item_id, order_id, product_id, quantity, unit_price, discount) VALUES (NULL, 473, 25, 2, 123.48, 10);
INSERT INTO Order_Items (order_item_id, order_id, product_id, quantity, unit_price, discount) VALUES (NULL, 473, 42, 3, 197.1, 5);
INSERT INTO Order_Items (order_item_id, order_id, product_id, quantity, unit_price, discount) VALUES (NULL, 473, 48, 1, 377.39, 15);
INSERT INTO Payments (payment_id, order_id, payment_date, payment_method, amount, currency) VALUES (NULL, 473, '2025-08-27 23:56:34.706216', 'Debit Card', 1309.81, 'USD');
INSERT INTO Shipping (shipping_id, order_id, carrier, tracking_number, ship_date, delivery_date, status) VALUES (NULL, 473, 'FedEx', 'TRK000473', '2025-03-06', '2025-07-26', 'Delivered');
INSERT INTO Orders (order_id, customer_id, order_date, status, shipping_address, total_amount) VALUES (474, 116, '2025-06-06 10:34:45.047525', 'Shipped', '7588 Spencer Highway Apt. 560 West Staceyberg, IL 98366', 1317.52);
INSERT INTO Order_Items (order_item_id, order_id, product_id, quantity, unit_price, discount) VALUES (NULL, 474, 18, 1, 97.12, 0);
INSERT INTO Order_Items (order_item_id, order_id, product_id, quantity, unit_price, discount) VALUES (NULL, 474, 12, 3, 205.11, 5);
INSERT INTO Payments (payment_id, order_id, payment_date, payment_method, amount, currency) VALUES (NULL, 474, '2025-08-25 06:54:05.714941', 'Debit Card', 1317.52, 'USD');
INSERT INTO Shipping (shipping_id, order_id, carrier, tracking_number, ship_date, delivery_date, status) VALUES (NULL, 474, 'UPS', 'TRK000474', '2025-03-27', '2025-04-14', 'Delivered');
INSERT INTO Orders (order_id, customer_id, order_date, status, shipping_address, total_amount) VALUES (475, 141, '2025-07-20 09:32:11.945238', 'Shipped', '4537 Walker Isle Josephstad, NV 62040', 2304.79);
INSERT INTO Order_Items (order_item_id, order_id, product_id, quantity, unit_price, discount) VALUES (NULL, 475, 26, 1, 428.95, 10);
INSERT INTO Order_Items (order_item_id, order_id, product_id, quantity, unit_price, discount) VALUES (NULL, 475, 45, 3, 264.8, 15);
INSERT INTO Payments (payment_id, order_id, payment_date, payment_method, amount, currency) VALUES (NULL, 475, '2025-06-24 16:03:14.579329', 'PayPal', 2304.79, 'USD');
INSERT INTO Shipping (shipping_id, order_id, carrier, tracking_number, ship_date, delivery_date, status) VALUES (NULL, 475, 'FedEx', 'TRK000475', '2025-02-18', '2025-07-14', 'Delivered');
INSERT INTO Orders (order_id, customer_id, order_date, status, shipping_address, total_amount) VALUES (476, 91, '2025-03-12 15:48:21.885685', 'Shipped', '4040 Conley Terrace Lake Timothychester, AS 31390', 1693.18);
INSERT INTO Order_Items (order_item_id, order_id, product_id, quantity, unit_price, discount) VALUES (NULL, 476, 31, 2, 123.58, 15);
INSERT INTO Order_Items (order_item_id, order_id, product_id, quantity, unit_price, discount) VALUES (NULL, 476, 11, 2, 420.5, 10);
INSERT INTO Order_Items (order_item_id, order_id, product_id, quantity, unit_price, discount) VALUES (NULL, 476, 37, 1, 400.91, 15);
INSERT INTO Order_Items (order_item_id, order_id, product_id, quantity, unit_price, discount) VALUES (NULL, 476, 26, 2, 282.36, 5);
INSERT INTO Payments (payment_id, order_id, payment_date, payment_method, amount, currency) VALUES (NULL, 476, '2025-05-27 07:22:14.900131', 'Credit Card', 1693.18, 'USD');
INSERT INTO Shipping (shipping_id, order_id, carrier, tracking_number, ship_date, delivery_date, status) VALUES (NULL, 476, 'DHL', 'TRK000476', '2025-03-24', '2025-05-13', 'Delivered');
INSERT INTO Orders (order_id, customer_id, order_date, status, shipping_address, total_amount) VALUES (477, 90, '2025-05-20 00:39:30.558858', 'Shipped', '88078 Berry Road Tomborough, TX 57379', 54.23);
INSERT INTO Order_Items (order_item_id, order_id, product_id, quantity, unit_price, discount) VALUES (NULL, 477, 21, 2, 322.61, 15);
INSERT INTO Payments (payment_id, order_id, payment_date, payment_method, amount, currency) VALUES (NULL, 477, '2025-02-17 03:26:12.351398', 'PayPal', 54.23, 'USD');
INSERT INTO Shipping (shipping_id, order_id, carrier, tracking_number, ship_date, delivery_date, status) VALUES (NULL, 477, 'UPS', 'TRK000477', '2025-02-13', '2025-08-30', 'Delivered');
INSERT INTO Orders (order_id, customer_id, order_date, status, shipping_address, total_amount) VALUES (478, 148, '2025-03-14 22:53:46.498851', 'Shipped', '04227 Harvey Groves Suite 695 Joshuafort, MN 92800', 464.12);
INSERT INTO Order_Items (order_item_id, order_id, product_id, quantity, unit_price, discount) VALUES (NULL, 478, 17, 1, 331.87, 5);
INSERT INTO Payments (payment_id, order_id, payment_date, payment_method, amount, currency) VALUES (NULL, 478, '2025-01-18 18:45:39.504288', 'Credit Card', 464.12, 'USD');
INSERT INTO Shipping (shipping_id, order_id, carrier, tracking_number, ship_date, delivery_date, status) VALUES (NULL, 478, 'UPS', 'TRK000478', '2025-06-20', '2025-04-28', 'Delivered');
INSERT INTO Orders (order_id, customer_id, order_date, status, shipping_address, total_amount) VALUES (479, 133, '2025-03-01 00:14:57.821198', 'Shipped', '422 Hall Rest Matthewmouth, PA 91979', 878.36);
INSERT INTO Order_Items (order_item_id, order_id, product_id, quantity, unit_price, discount) VALUES (NULL, 479, 20, 3, 324.69, 15);
INSERT INTO Order_Items (order_item_id, order_id, product_id, quantity, unit_price, discount) VALUES (NULL, 479, 31, 2, 10.33, 10);
INSERT INTO Payments (payment_id, order_id, payment_date, payment_method, amount, currency) VALUES (NULL, 479, '2025-08-12 18:46:06.850962', 'Debit Card', 878.36, 'USD');
INSERT INTO Shipping (shipping_id, order_id, carrier, tracking_number, ship_date, delivery_date, status) VALUES (NULL, 479, 'FedEx', 'TRK000479', '2025-03-12', '2025-03-14', 'Delivered');
INSERT INTO Orders (order_id, customer_id, order_date, status, shipping_address, total_amount) VALUES (480, 129, '2025-08-09 04:27:16.955597', 'Shipped', '1418 Sanders Corners Jacobstown, KY 49066', 708.02);
INSERT INTO Order_Items (order_item_id, order_id, product_id, quantity, unit_price, discount) VALUES (NULL, 480, 1, 1, 360.49, 0);
INSERT INTO Order_Items (order_item_id, order_id, product_id, quantity, unit_price, discount) VALUES (NULL, 480, 13, 2, 46.4, 15);
INSERT INTO Order_Items (order_item_id, order_id, product_id, quantity, unit_price, discount) VALUES (NULL, 480, 30, 1, 134.21, 0);
INSERT INTO Order_Items (order_item_id, order_id, product_id, quantity, unit_price, discount) VALUES (NULL, 480, 7, 1, 384.43, 10);
INSERT INTO Payments (payment_id, order_id, payment_date, payment_method, amount, currency) VALUES (NULL, 480, '2025-03-18 05:41:44.792793', 'PayPal', 708.02, 'USD');
INSERT INTO Shipping (shipping_id, order_id, carrier, tracking_number, ship_date, delivery_date, status) VALUES (NULL, 480, 'UPS', 'TRK000480', '2025-04-06', '2025-01-26', 'Delivered');
INSERT INTO Orders (order_id, customer_id, order_date, status, shipping_address, total_amount) VALUES (481, 187, '2025-06-23 14:56:54.889305', 'Shipped', 'PSC 7604, Box 3837 APO AP 70994', 1224.94);
INSERT INTO Order_Items (order_item_id, order_id, product_id, quantity, unit_price, discount) VALUES (NULL, 481, 33, 2, 25.28, 5);
INSERT INTO Order_Items (order_item_id, order_id, product_id, quantity, unit_price, discount) VALUES (NULL, 481, 11, 2, 330.07, 10);
INSERT INTO Order_Items (order_item_id, order_id, product_id, quantity, unit_price, discount) VALUES (NULL, 481, 3, 3, 225.41, 15);
INSERT INTO Order_Items (order_item_id, order_id, product_id, quantity, unit_price, discount) VALUES (NULL, 481, 18, 3, 246.03, 10);
INSERT INTO Order_Items (order_item_id, order_id, product_id, quantity, unit_price, discount) VALUES (NULL, 481, 26, 1, 252.36, 15);
INSERT INTO Payments (payment_id, order_id, payment_date, payment_method, amount, currency) VALUES (NULL, 481, '2025-01-28 15:34:20.894761', 'Credit Card', 1224.94, 'USD');
INSERT INTO Shipping (shipping_id, order_id, carrier, tracking_number, ship_date, delivery_date, status) VALUES (NULL, 481, 'DHL', 'TRK000481', '2025-03-12', '2025-07-12', 'Delivered');
INSERT INTO Orders (order_id, customer_id, order_date, status, shipping_address, total_amount) VALUES (482, 9, '2025-06-18 23:34:29.518184', 'Shipped', '645 Teresa Row Reedburgh, HI 35672', 2414.35);
INSERT INTO Order_Items (order_item_id, order_id, product_id, quantity, unit_price, discount) VALUES (NULL, 482, 45, 1, 42.49, 5);
INSERT INTO Order_Items (order_item_id, order_id, product_id, quantity, unit_price, discount) VALUES (NULL, 482, 50, 1, 341.89, 10);
INSERT INTO Order_Items (order_item_id, order_id, product_id, quantity, unit_price, discount) VALUES (NULL, 482, 20, 1, 194.58, 15);
INSERT INTO Order_Items (order_item_id, order_id, product_id, quantity, unit_price, discount) VALUES (NULL, 482, 35, 2, 461.06, 0);
INSERT INTO Payments (payment_id, order_id, payment_date, payment_method, amount, currency) VALUES (NULL, 482, '2025-03-26 01:12:24.733286', 'Credit Card', 2414.35, 'USD');
INSERT INTO Shipping (shipping_id, order_id, carrier, tracking_number, ship_date, delivery_date, status) VALUES (NULL, 482, 'UPS', 'TRK000482', '2025-09-01', '2025-07-11', 'Delivered');
INSERT INTO Orders (order_id, customer_id, order_date, status, shipping_address, total_amount) VALUES (483, 1, '2025-07-06 08:48:58.400491', 'Shipped', '70779 Julie Ford Port Shawnton, ID 90048', 911.99);
INSERT INTO Order_Items (order_item_id, order_id, product_id, quantity, unit_price, discount) VALUES (NULL, 483, 45, 3, 116.24, 15);
INSERT INTO Order_Items (order_item_id, order_id, product_id, quantity, unit_price, discount) VALUES (NULL, 483, 49, 1, 283.78, 15);
INSERT INTO Order_Items (order_item_id, order_id, product_id, quantity, unit_price, discount) VALUES (NULL, 483, 25, 1, 262.78, 0);
INSERT INTO Order_Items (order_item_id, order_id, product_id, quantity, unit_price, discount) VALUES (NULL, 483, 15, 2, 304.55, 5);
INSERT INTO Order_Items (order_item_id, order_id, product_id, quantity, unit_price, discount) VALUES (NULL, 483, 28, 1, 51.84, 10);
INSERT INTO Payments (payment_id, order_id, payment_date, payment_method, amount, currency) VALUES (NULL, 483, '2025-03-06 08:24:10.601623', 'Debit Card', 911.99, 'USD');
INSERT INTO Shipping (shipping_id, order_id, carrier, tracking_number, ship_date, delivery_date, status) VALUES (NULL, 483, 'DHL', 'TRK000483', '2025-06-30', '2025-05-14', 'Delivered');
INSERT INTO Orders (order_id, customer_id, order_date, status, shipping_address, total_amount) VALUES (484, 147, '2025-03-05 16:27:52.319209', 'Shipped', '093 Amy Junctions Apt. 491 South John, CT 58667', 266.16);
INSERT INTO Order_Items (order_item_id, order_id, product_id, quantity, unit_price, discount) VALUES (NULL, 484, 9, 1, 425.19, 5);
INSERT INTO Payments (payment_id, order_id, payment_date, payment_method, amount, currency) VALUES (NULL, 484, '2025-05-01 04:20:45.633076', 'Credit Card', 266.16, 'USD');
INSERT INTO Shipping (shipping_id, order_id, carrier, tracking_number, ship_date, delivery_date, status) VALUES (NULL, 484, 'DHL', 'TRK000484', '2025-02-19', '2025-02-18', 'Delivered');
INSERT INTO Orders (order_id, customer_id, order_date, status, shipping_address, total_amount) VALUES (485, 64, '2025-06-23 02:59:12.473183', 'Shipped', '0794 Scott Fall New Elizabeth, WA 85583', 2229.24);
INSERT INTO Order_Items (order_item_id, order_id, product_id, quantity, unit_price, discount) VALUES (NULL, 485, 26, 2, 96.56, 0);
INSERT INTO Order_Items (order_item_id, order_id, product_id, quantity, unit_price, discount) VALUES (NULL, 485, 46, 2, 363.15, 15);
INSERT INTO Order_Items (order_item_id, order_id, product_id, quantity, unit_price, discount) VALUES (NULL, 485, 36, 2, 73.27, 0);
INSERT INTO Order_Items (order_item_id, order_id, product_id, quantity, unit_price, discount) VALUES (NULL, 485, 40, 3, 483.91, 15);
INSERT INTO Order_Items (order_item_id, order_id, product_id, quantity, unit_price, discount) VALUES (NULL, 485, 19, 3, 144.77, 10);
INSERT INTO Payments (payment_id, order_id, payment_date, payment_method, amount, currency) VALUES (NULL, 485, '2025-02-15 18:43:10.120914', 'Debit Card', 2229.24, 'USD');
INSERT INTO Shipping (shipping_id, order_id, carrier, tracking_number, ship_date, delivery_date, status) VALUES (NULL, 485, 'FedEx', 'TRK000485', '2025-01-26', '2025-06-13', 'Delivered');
INSERT INTO Orders (order_id, customer_id, order_date, status, shipping_address, total_amount) VALUES (486, 84, '2025-04-24 19:29:49.717341', 'Shipped', '717 Snyder Forges South Todd, PW 77216', 2010.29);
INSERT INTO Order_Items (order_item_id, order_id, product_id, quantity, unit_price, discount) VALUES (NULL, 486, 34, 3, 297.57, 5);
INSERT INTO Payments (payment_id, order_id, payment_date, payment_method, amount, currency) VALUES (NULL, 486, '2025-01-23 09:31:41.412283', 'Credit Card', 2010.29, 'USD');
INSERT INTO Shipping (shipping_id, order_id, carrier, tracking_number, ship_date, delivery_date, status) VALUES (NULL, 486, 'UPS', 'TRK000486', '2025-06-09', '2025-08-07', 'Delivered');
INSERT INTO Orders (order_id, customer_id, order_date, status, shipping_address, total_amount) VALUES (487, 41, '2025-04-15 01:05:59.144724', 'Shipped', '462 Taylor Gateway South Kelsey, WI 02220', 2357.66);
INSERT INTO Order_Items (order_item_id, order_id, product_id, quantity, unit_price, discount) VALUES (NULL, 487, 18, 3, 56.84, 5);
INSERT INTO Order_Items (order_item_id, order_id, product_id, quantity, unit_price, discount) VALUES (NULL, 487, 9, 2, 358.7, 15);
INSERT INTO Order_Items (order_item_id, order_id, product_id, quantity, unit_price, discount) VALUES (NULL, 487, 12, 3, 377.78, 15);
INSERT INTO Order_Items (order_item_id, order_id, product_id, quantity, unit_price, discount) VALUES (NULL, 487, 4, 2, 430.44, 5);
INSERT INTO Order_Items (order_item_id, order_id, product_id, quantity, unit_price, discount) VALUES (NULL, 487, 32, 2, 432.38, 5);
INSERT INTO Payments (payment_id, order_id, payment_date, payment_method, amount, currency) VALUES (NULL, 487, '2025-07-06 10:10:29.974803', 'Credit Card', 2357.66, 'USD');
INSERT INTO Shipping (shipping_id, order_id, carrier, tracking_number, ship_date, delivery_date, status) VALUES (NULL, 487, 'DHL', 'TRK000487', '2025-08-15', '2025-01-23', 'Delivered');
INSERT INTO Orders (order_id, customer_id, order_date, status, shipping_address, total_amount) VALUES (488, 94, '2025-05-30 19:30:26.688171', 'Shipped', 'Unit 2239 Box 7656 DPO AA 32185', 2345.65);
INSERT INTO Order_Items (order_item_id, order_id, product_id, quantity, unit_price, discount) VALUES (NULL, 488, 38, 2, 238.45, 15);
INSERT INTO Order_Items (order_item_id, order_id, product_id, quantity, unit_price, discount) VALUES (NULL, 488, 14, 1, 303.01, 5);
INSERT INTO Order_Items (order_item_id, order_id, product_id, quantity, unit_price, discount) VALUES (NULL, 488, 47, 2, 159.1, 15);
INSERT INTO Order_Items (order_item_id, order_id, product_id, quantity, unit_price, discount) VALUES (NULL, 488, 4, 3, 443.06, 15);
INSERT INTO Payments (payment_id, order_id, payment_date, payment_method, amount, currency) VALUES (NULL, 488, '2025-06-28 10:55:17.390927', 'Debit Card', 2345.65, 'USD');
INSERT INTO Shipping (shipping_id, order_id, carrier, tracking_number, ship_date, delivery_date, status) VALUES (NULL, 488, 'UPS', 'TRK000488', '2025-03-28', '2025-06-26', 'Delivered');
INSERT INTO Orders (order_id, customer_id, order_date, status, shipping_address, total_amount) VALUES (489, 142, '2025-02-03 04:42:51.423331', 'Shipped', '879 May Causeway Romeroville, UT 63112', 2598.61);
INSERT INTO Order_Items (order_item_id, order_id, product_id, quantity, unit_price, discount) VALUES (NULL, 489, 35, 2, 397.58, 5);
INSERT INTO Payments (payment_id, order_id, payment_date, payment_method, amount, currency) VALUES (NULL, 489, '2025-07-26 11:38:28.670487', 'PayPal', 2598.61, 'USD');
INSERT INTO Shipping (shipping_id, order_id, carrier, tracking_number, ship_date, delivery_date, status) VALUES (NULL, 489, 'UPS', 'TRK000489', '2025-06-09', '2025-07-24', 'Delivered');
INSERT INTO Orders (order_id, customer_id, order_date, status, shipping_address, total_amount) VALUES (490, 170, '2025-03-31 03:07:33.520523', 'Shipped', '38113 Brandon Harbor New Ashley, MH 74546', 686.78);
INSERT INTO Order_Items (order_item_id, order_id, product_id, quantity, unit_price, discount) VALUES (NULL, 490, 24, 3, 465.88, 5);
INSERT INTO Order_Items (order_item_id, order_id, product_id, quantity, unit_price, discount) VALUES (NULL, 490, 22, 1, 131.62, 0);
INSERT INTO Order_Items (order_item_id, order_id, product_id, quantity, unit_price, discount) VALUES (NULL, 490, 11, 2, 433.2, 0);
INSERT INTO Payments (payment_id, order_id, payment_date, payment_method, amount, currency) VALUES (NULL, 490, '2025-04-27 01:55:43.613830', 'Credit Card', 686.78, 'USD');
INSERT INTO Shipping (shipping_id, order_id, carrier, tracking_number, ship_date, delivery_date, status) VALUES (NULL, 490, 'UPS', 'TRK000490', '2025-01-10', '2025-04-29', 'Delivered');
INSERT INTO Orders (order_id, customer_id, order_date, status, shipping_address, total_amount) VALUES (491, 78, '2025-05-09 14:20:50.186635', 'Shipped', '94282 Harrison Centers North Sarah, LA 15136', 901.2);
INSERT INTO Order_Items (order_item_id, order_id, product_id, quantity, unit_price, discount) VALUES (NULL, 491, 47, 2, 88.75, 5);
INSERT INTO Order_Items (order_item_id, order_id, product_id, quantity, unit_price, discount) VALUES (NULL, 491, 31, 1, 272.35, 5);
INSERT INTO Payments (payment_id, order_id, payment_date, payment_method, amount, currency) VALUES (NULL, 491, '2025-07-19 21:15:57.461288', 'Credit Card', 901.2, 'USD');
INSERT INTO Shipping (shipping_id, order_id, carrier, tracking_number, ship_date, delivery_date, status) VALUES (NULL, 491, 'FedEx', 'TRK000491', '2025-05-13', '2025-01-11', 'Delivered');
INSERT INTO Orders (order_id, customer_id, order_date, status, shipping_address, total_amount) VALUES (492, 151, '2025-08-01 03:03:03.178215', 'Shipped', '1688 Jasmine Ranch Apt. 824 New Brian, KS 96174', 2813.44);
INSERT INTO Order_Items (order_item_id, order_id, product_id, quantity, unit_price, discount) VALUES (NULL, 492, 19, 1, 388.66, 5);
INSERT INTO Order_Items (order_item_id, order_id, product_id, quantity, unit_price, discount) VALUES (NULL, 492, 30, 1, 412.06, 15);
INSERT INTO Order_Items (order_item_id, order_id, product_id, quantity, unit_price, discount) VALUES (NULL, 492, 23, 3, 121.93, 15);
INSERT INTO Order_Items (order_item_id, order_id, product_id, quantity, unit_price, discount) VALUES (NULL, 492, 13, 1, 140.05, 15);
INSERT INTO Payments (payment_id, order_id, payment_date, payment_method, amount, currency) VALUES (NULL, 492, '2025-07-04 23:02:19.327007', 'Credit Card', 2813.44, 'USD');
INSERT INTO Shipping (shipping_id, order_id, carrier, tracking_number, ship_date, delivery_date, status) VALUES (NULL, 492, 'DHL', 'TRK000492', '2025-08-20', '2025-01-14', 'Delivered');
INSERT INTO Orders (order_id, customer_id, order_date, status, shipping_address, total_amount) VALUES (493, 67, '2025-04-28 18:37:39.299601', 'Shipped', 'Unit 9085 Box 2485 DPO AE 91097', 585.01);
INSERT INTO Order_Items (order_item_id, order_id, product_id, quantity, unit_price, discount) VALUES (NULL, 493, 21, 2, 273.78, 5);
INSERT INTO Order_Items (order_item_id, order_id, product_id, quantity, unit_price, discount) VALUES (NULL, 493, 23, 1, 101.32, 10);
INSERT INTO Order_Items (order_item_id, order_id, product_id, quantity, unit_price, discount) VALUES (NULL, 493, 32, 3, 351.49, 5);
INSERT INTO Order_Items (order_item_id, order_id, product_id, quantity, unit_price, discount) VALUES (NULL, 493, 39, 1, 482.86, 10);
INSERT INTO Payments (payment_id, order_id, payment_date, payment_method, amount, currency) VALUES (NULL, 493, '2025-05-08 21:11:50.988964', 'Credit Card', 585.01, 'USD');
INSERT INTO Shipping (shipping_id, order_id, carrier, tracking_number, ship_date, delivery_date, status) VALUES (NULL, 493, 'UPS', 'TRK000493', '2025-03-02', '2025-08-27', 'Delivered');
INSERT INTO Orders (order_id, customer_id, order_date, status, shipping_address, total_amount) VALUES (494, 105, '2025-03-05 11:37:23.598424', 'Shipped', 'Unit 5657 Box 9431 DPO AE 84618', 1741.56);
INSERT INTO Order_Items (order_item_id, order_id, product_id, quantity, unit_price, discount) VALUES (NULL, 494, 7, 2, 253.82, 5);
INSERT INTO Payments (payment_id, order_id, payment_date, payment_method, amount, currency) VALUES (NULL, 494, '2025-07-19 01:56:05.872566', 'Debit Card', 1741.56, 'USD');
INSERT INTO Shipping (shipping_id, order_id, carrier, tracking_number, ship_date, delivery_date, status) VALUES (NULL, 494, 'UPS', 'TRK000494', '2025-03-01', '2025-05-23', 'Delivered');
INSERT INTO Orders (order_id, customer_id, order_date, status, shipping_address, total_amount) VALUES (495, 26, '2025-08-24 23:04:02.905577', 'Shipped', '90415 Reyes Radial Apt. 138 East Kristina, TX 69807', 721.18);
INSERT INTO Order_Items (order_item_id, order_id, product_id, quantity, unit_price, discount) VALUES (NULL, 495, 27, 3, 42.55, 10);
INSERT INTO Order_Items (order_item_id, order_id, product_id, quantity, unit_price, discount) VALUES (NULL, 495, 8, 2, 14.95, 5);
INSERT INTO Order_Items (order_item_id, order_id, product_id, quantity, unit_price, discount) VALUES (NULL, 495, 21, 2, 328.69, 15);
INSERT INTO Order_Items (order_item_id, order_id, product_id, quantity, unit_price, discount) VALUES (NULL, 495, 32, 2, 377.89, 0);
INSERT INTO Payments (payment_id, order_id, payment_date, payment_method, amount, currency) VALUES (NULL, 495, '2025-04-23 15:02:54.231645', 'PayPal', 721.18, 'USD');
INSERT INTO Shipping (shipping_id, order_id, carrier, tracking_number, ship_date, delivery_date, status) VALUES (NULL, 495, 'DHL', 'TRK000495', '2025-04-15', '2025-06-08', 'Delivered');
INSERT INTO Orders (order_id, customer_id, order_date, status, shipping_address, total_amount) VALUES (496, 127, '2025-01-24 07:09:22.091144', 'Shipped', '87722 Adrienne Meadows Suite 833 Hermanmouth, OH 36801', 1868.47);
INSERT INTO Order_Items (order_item_id, order_id, product_id, quantity, unit_price, discount) VALUES (NULL, 496, 49, 3, 498.06, 5);
INSERT INTO Order_Items (order_item_id, order_id, product_id, quantity, unit_price, discount) VALUES (NULL, 496, 48, 3, 367.94, 0);
INSERT INTO Payments (payment_id, order_id, payment_date, payment_method, amount, currency) VALUES (NULL, 496, '2025-06-24 16:04:42.743467', 'PayPal', 1868.47, 'USD');
INSERT INTO Shipping (shipping_id, order_id, carrier, tracking_number, ship_date, delivery_date, status) VALUES (NULL, 496, 'DHL', 'TRK000496', '2025-04-05', '2025-07-03', 'Delivered');
INSERT INTO Orders (order_id, customer_id, order_date, status, shipping_address, total_amount) VALUES (497, 105, '2025-05-08 19:13:04.826765', 'Shipped', '13906 Green Pike Apt. 201 New Erica, NY 90957', 62.23);
INSERT INTO Order_Items (order_item_id, order_id, product_id, quantity, unit_price, discount) VALUES (NULL, 497, 30, 3, 62.88, 5);
INSERT INTO Order_Items (order_item_id, order_id, product_id, quantity, unit_price, discount) VALUES (NULL, 497, 37, 1, 464.49, 10);
INSERT INTO Order_Items (order_item_id, order_id, product_id, quantity, unit_price, discount) VALUES (NULL, 497, 50, 2, 41.25, 15);
INSERT INTO Order_Items (order_item_id, order_id, product_id, quantity, unit_price, discount) VALUES (NULL, 497, 39, 1, 330.52, 15);
INSERT INTO Order_Items (order_item_id, order_id, product_id, quantity, unit_price, discount) VALUES (NULL, 497, 6, 1, 416.09, 15);
INSERT INTO Payments (payment_id, order_id, payment_date, payment_method, amount, currency) VALUES (NULL, 497, '2025-03-09 11:44:27.870622', 'PayPal', 62.23, 'USD');
INSERT INTO Shipping (shipping_id, order_id, carrier, tracking_number, ship_date, delivery_date, status) VALUES (NULL, 497, 'UPS', 'TRK000497', '2025-02-19', '2025-02-18', 'Delivered');
INSERT INTO Orders (order_id, customer_id, order_date, status, shipping_address, total_amount) VALUES (498, 118, '2025-04-27 17:22:32.235644', 'Shipped', '1436 Sherry Track Apt. 326 East Amymouth, AK 18525', 769.51);
INSERT INTO Order_Items (order_item_id, order_id, product_id, quantity, unit_price, discount) VALUES (NULL, 498, 11, 1, 491.96, 5);
INSERT INTO Payments (payment_id, order_id, payment_date, payment_method, amount, currency) VALUES (NULL, 498, '2025-02-07 05:09:13.219350', 'Debit Card', 769.51, 'USD');
INSERT INTO Shipping (shipping_id, order_id, carrier, tracking_number, ship_date, delivery_date, status) VALUES (NULL, 498, 'FedEx', 'TRK000498', '2025-03-20', '2025-04-23', 'Delivered');
INSERT INTO Orders (order_id, customer_id, order_date, status, shipping_address, total_amount) VALUES (499, 113, '2025-03-02 07:12:54.978645', 'Shipped', '185 Summers Hill Apt. 310 Marcuschester, GU 73708', 2839.87);
INSERT INTO Order_Items (order_item_id, order_id, product_id, quantity, unit_price, discount) VALUES (NULL, 499, 25, 3, 453.32, 15);
INSERT INTO Order_Items (order_item_id, order_id, product_id, quantity, unit_price, discount) VALUES (NULL, 499, 49, 2, 346.41, 0);
INSERT INTO Order_Items (order_item_id, order_id, product_id, quantity, unit_price, discount) VALUES (NULL, 499, 30, 1, 341.51, 10);
INSERT INTO Order_Items (order_item_id, order_id, product_id, quantity, unit_price, discount) VALUES (NULL, 499, 33, 1, 199.47, 10);
INSERT INTO Order_Items (order_item_id, order_id, product_id, quantity, unit_price, discount) VALUES (NULL, 499, 29, 3, 356.56, 15);
INSERT INTO Payments (payment_id, order_id, payment_date, payment_method, amount, currency) VALUES (NULL, 499, '2025-03-28 01:06:18.105895', 'Debit Card', 2839.87, 'USD');
INSERT INTO Shipping (shipping_id, order_id, carrier, tracking_number, ship_date, delivery_date, status) VALUES (NULL, 499, 'UPS', 'TRK000499', '2025-01-10', '2025-05-25', 'Delivered');
INSERT INTO Orders (order_id, customer_id, order_date, status, shipping_address, total_amount) VALUES (500, 23, '2025-09-01 15:49:48.882209', 'Shipped', '06018 Daniel Views Lake David, ME 88007', 1753.51);
INSERT INTO Order_Items (order_item_id, order_id, product_id, quantity, unit_price, discount) VALUES (NULL, 500, 41, 3, 246.89, 15);
INSERT INTO Order_Items (order_item_id, order_id, product_id, quantity, unit_price, discount) VALUES (NULL, 500, 17, 3, 259.09, 5);
INSERT INTO Order_Items (order_item_id, order_id, product_id, quantity, unit_price, discount) VALUES (NULL, 500, 19, 2, 19.73, 0);
INSERT INTO Payments (payment_id, order_id, payment_date, payment_method, amount, currency) VALUES (NULL, 500, '2025-05-07 00:26:33.486161', 'Credit Card', 1753.51, 'USD');
INSERT INTO Shipping (shipping_id, order_id, carrier, tracking_number, ship_date, delivery_date, status) VALUES (NULL, 500, 'FedEx', 'TRK000500', '2025-05-28', '2025-03-11', 'Delivered');
INSERT INTO Orders (order_id, customer_id, order_date, status, shipping_address, total_amount) VALUES (501, 176, '2025-04-20 15:07:11.742501', 'Shipped', '8987 Amanda Vista East Sandrashire, NE 41721', 1462.75);
INSERT INTO Order_Items (order_item_id, order_id, product_id, quantity, unit_price, discount) VALUES (NULL, 501, 6, 1, 218.27, 5);
INSERT INTO Order_Items (order_item_id, order_id, product_id, quantity, unit_price, discount) VALUES (NULL, 501, 6, 3, 448.88, 10);
INSERT INTO Payments (payment_id, order_id, payment_date, payment_method, amount, currency) VALUES (NULL, 501, '2025-01-24 00:29:46.993989', 'Debit Card', 1462.75, 'USD');
INSERT INTO Shipping (shipping_id, order_id, carrier, tracking_number, ship_date, delivery_date, status) VALUES (NULL, 501, 'UPS', 'TRK000501', '2025-02-26', '2025-02-05', 'Delivered');
INSERT INTO Orders (order_id, customer_id, order_date, status, shipping_address, total_amount) VALUES (502, 34, '2025-08-03 00:47:10.985680', 'Shipped', '298 Sullivan Stravenue North Christinehaven, FM 86169', 1053.22);
INSERT INTO Order_Items (order_item_id, order_id, product_id, quantity, unit_price, discount) VALUES (NULL, 502, 42, 3, 110.56, 10);
INSERT INTO Order_Items (order_item_id, order_id, product_id, quantity, unit_price, discount) VALUES (NULL, 502, 25, 2, 69.88, 10);
INSERT INTO Order_Items (order_item_id, order_id, product_id, quantity, unit_price, discount) VALUES (NULL, 502, 47, 2, 444.4, 15);
INSERT INTO Order_Items (order_item_id, order_id, product_id, quantity, unit_price, discount) VALUES (NULL, 502, 4, 1, 138.67, 0);
INSERT INTO Payments (payment_id, order_id, payment_date, payment_method, amount, currency) VALUES (NULL, 502, '2025-03-17 21:57:46.100499', 'Debit Card', 1053.22, 'USD');
INSERT INTO Shipping (shipping_id, order_id, carrier, tracking_number, ship_date, delivery_date, status) VALUES (NULL, 502, 'FedEx', 'TRK000502', '2025-07-13', '2025-01-19', 'Delivered');
INSERT INTO Orders (order_id, customer_id, order_date, status, shipping_address, total_amount) VALUES (503, 13, '2025-06-05 21:38:41.305238', 'Shipped', '237 Justin Freeway Lake Carla, VI 66448', 986.12);
INSERT INTO Order_Items (order_item_id, order_id, product_id, quantity, unit_price, discount) VALUES (NULL, 503, 1, 1, 130.01, 0);
INSERT INTO Order_Items (order_item_id, order_id, product_id, quantity, unit_price, discount) VALUES (NULL, 503, 30, 1, 487.47, 10);
INSERT INTO Order_Items (order_item_id, order_id, product_id, quantity, unit_price, discount) VALUES (NULL, 503, 31, 1, 410.54, 10);
INSERT INTO Order_Items (order_item_id, order_id, product_id, quantity, unit_price, discount) VALUES (NULL, 503, 50, 2, 237.29, 5);
INSERT INTO Order_Items (order_item_id, order_id, product_id, quantity, unit_price, discount) VALUES (NULL, 503, 18, 3, 38.45, 15);
INSERT INTO Payments (payment_id, order_id, payment_date, payment_method, amount, currency) VALUES (NULL, 503, '2025-03-06 11:52:17.444228', 'PayPal', 986.12, 'USD');
INSERT INTO Shipping (shipping_id, order_id, carrier, tracking_number, ship_date, delivery_date, status) VALUES (NULL, 503, 'UPS', 'TRK000503', '2025-03-27', '2025-01-17', 'Delivered');
INSERT INTO Orders (order_id, customer_id, order_date, status, shipping_address, total_amount) VALUES (504, 89, '2025-06-10 04:04:15.499256', 'Shipped', 'USNV Olson FPO AP 87804', 668.01);
INSERT INTO Order_Items (order_item_id, order_id, product_id, quantity, unit_price, discount) VALUES (NULL, 504, 30, 1, 246.82, 5);
INSERT INTO Order_Items (order_item_id, order_id, product_id, quantity, unit_price, discount) VALUES (NULL, 504, 12, 1, 88.88, 15);
INSERT INTO Order_Items (order_item_id, order_id, product_id, quantity, unit_price, discount) VALUES (NULL, 504, 37, 1, 277.96, 5);
INSERT INTO Payments (payment_id, order_id, payment_date, payment_method, amount, currency) VALUES (NULL, 504, '2025-08-08 05:04:05.239039', 'Debit Card', 668.01, 'USD');
INSERT INTO Shipping (shipping_id, order_id, carrier, tracking_number, ship_date, delivery_date, status) VALUES (NULL, 504, 'FedEx', 'TRK000504', '2025-04-10', '2025-08-10', 'Delivered');
INSERT INTO Orders (order_id, customer_id, order_date, status, shipping_address, total_amount) VALUES (505, 50, '2025-04-12 03:38:49.555597', 'Shipped', '38198 Juan Dam Suite 329 Acostaton, GA 04039', 2513.77);
INSERT INTO Order_Items (order_item_id, order_id, product_id, quantity, unit_price, discount) VALUES (NULL, 505, 35, 1, 103.95, 0);
INSERT INTO Payments (payment_id, order_id, payment_date, payment_method, amount, currency) VALUES (NULL, 505, '2025-05-07 06:52:46.901179', 'Debit Card', 2513.77, 'USD');
INSERT INTO Shipping (shipping_id, order_id, carrier, tracking_number, ship_date, delivery_date, status) VALUES (NULL, 505, 'UPS', 'TRK000505', '2025-05-08', '2025-07-20', 'Delivered');
INSERT INTO Orders (order_id, customer_id, order_date, status, shipping_address, total_amount) VALUES (506, 152, '2025-03-04 23:28:11.945478', 'Shipped', '799 Dawn Island Suite 995 Tylerfurt, PR 19269', 2506.4);
INSERT INTO Order_Items (order_item_id, order_id, product_id, quantity, unit_price, discount) VALUES (NULL, 506, 8, 1, 41.91, 5);
INSERT INTO Order_Items (order_item_id, order_id, product_id, quantity, unit_price, discount) VALUES (NULL, 506, 12, 2, 204.65, 10);
INSERT INTO Order_Items (order_item_id, order_id, product_id, quantity, unit_price, discount) VALUES (NULL, 506, 37, 3, 339.64, 5);
INSERT INTO Order_Items (order_item_id, order_id, product_id, quantity, unit_price, discount) VALUES (NULL, 506, 39, 1, 455.42, 0);
INSERT INTO Payments (payment_id, order_id, payment_date, payment_method, amount, currency) VALUES (NULL, 506, '2025-08-01 07:45:45.633109', 'Credit Card', 2506.4, 'USD');
INSERT INTO Shipping (shipping_id, order_id, carrier, tracking_number, ship_date, delivery_date, status) VALUES (NULL, 506, 'UPS', 'TRK000506', '2025-08-29', '2025-03-13', 'Delivered');
INSERT INTO Orders (order_id, customer_id, order_date, status, shipping_address, total_amount) VALUES (507, 57, '2025-07-18 04:23:40.911283', 'Shipped', '07587 Jacqueline Ford Apt. 045 South Tylerside, DC 34645', 87.2);
INSERT INTO Order_Items (order_item_id, order_id, product_id, quantity, unit_price, discount) VALUES (NULL, 507, 50, 1, 12.13, 15);
INSERT INTO Order_Items (order_item_id, order_id, product_id, quantity, unit_price, discount) VALUES (NULL, 507, 35, 3, 492.7, 5);
INSERT INTO Order_Items (order_item_id, order_id, product_id, quantity, unit_price, discount) VALUES (NULL, 507, 12, 1, 155.72, 10);
INSERT INTO Order_Items (order_item_id, order_id, product_id, quantity, unit_price, discount) VALUES (NULL, 507, 17, 1, 62.4, 10);
INSERT INTO Order_Items (order_item_id, order_id, product_id, quantity, unit_price, discount) VALUES (NULL, 507, 26, 2, 40.18, 15);
INSERT INTO Payments (payment_id, order_id, payment_date, payment_method, amount, currency) VALUES (NULL, 507, '2025-08-23 16:08:23.381228', 'Debit Card', 87.2, 'USD');
INSERT INTO Shipping (shipping_id, order_id, carrier, tracking_number, ship_date, delivery_date, status) VALUES (NULL, 507, 'UPS', 'TRK000507', '2025-03-11', '2025-04-04', 'Delivered');
INSERT INTO Orders (order_id, customer_id, order_date, status, shipping_address, total_amount) VALUES (508, 110, '2025-05-03 16:52:14.439263', 'Shipped', '3127 Olson Dam New Glennton, PW 53423', 1868.32);
INSERT INTO Order_Items (order_item_id, order_id, product_id, quantity, unit_price, discount) VALUES (NULL, 508, 16, 1, 161.32, 0);
INSERT INTO Payments (payment_id, order_id, payment_date, payment_method, amount, currency) VALUES (NULL, 508, '2025-02-23 00:07:29.243297', 'PayPal', 1868.32, 'USD');
INSERT INTO Shipping (shipping_id, order_id, carrier, tracking_number, ship_date, delivery_date, status) VALUES (NULL, 508, 'DHL', 'TRK000508', '2025-06-18', '2025-03-18', 'Delivered');
INSERT INTO Orders (order_id, customer_id, order_date, status, shipping_address, total_amount) VALUES (509, 87, '2025-06-13 08:24:47.160378', 'Shipped', '3090 Richard Brook Suite 879 East Meghan, VA 90602', 1572.56);
INSERT INTO Order_Items (order_item_id, order_id, product_id, quantity, unit_price, discount) VALUES (NULL, 509, 38, 1, 324.08, 10);
INSERT INTO Payments (payment_id, order_id, payment_date, payment_method, amount, currency) VALUES (NULL, 509, '2025-04-24 08:46:17.998183', 'PayPal', 1572.56, 'USD');
INSERT INTO Shipping (shipping_id, order_id, carrier, tracking_number, ship_date, delivery_date, status) VALUES (NULL, 509, 'UPS', 'TRK000509', '2025-02-25', '2025-05-22', 'Delivered');
INSERT INTO Orders (order_id, customer_id, order_date, status, shipping_address, total_amount) VALUES (510, 157, '2025-02-07 00:25:09.079714', 'Shipped', '2894 Coleman Land Tranfort, IN 57689', 2491.61);
INSERT INTO Order_Items (order_item_id, order_id, product_id, quantity, unit_price, discount) VALUES (NULL, 510, 20, 3, 99.6, 10);
INSERT INTO Order_Items (order_item_id, order_id, product_id, quantity, unit_price, discount) VALUES (NULL, 510, 34, 2, 40.58, 10);
INSERT INTO Payments (payment_id, order_id, payment_date, payment_method, amount, currency) VALUES (NULL, 510, '2025-04-30 11:36:59.586015', 'Debit Card', 2491.61, 'USD');
INSERT INTO Shipping (shipping_id, order_id, carrier, tracking_number, ship_date, delivery_date, status) VALUES (NULL, 510, 'UPS', 'TRK000510', '2025-02-07', '2025-07-27', 'Delivered');
INSERT INTO Orders (order_id, customer_id, order_date, status, shipping_address, total_amount) VALUES (511, 40, '2025-02-17 00:59:45.993306', 'Shipped', '983 Stephen Turnpike Suite 156 South Edwardton, MH 91264', 270.76);
INSERT INTO Order_Items (order_item_id, order_id, product_id, quantity, unit_price, discount) VALUES (NULL, 511, 12, 3, 28.31, 5);
INSERT INTO Order_Items (order_item_id, order_id, product_id, quantity, unit_price, discount) VALUES (NULL, 511, 50, 1, 104.3, 5);
INSERT INTO Order_Items (order_item_id, order_id, product_id, quantity, unit_price, discount) VALUES (NULL, 511, 28, 3, 70.76, 0);
INSERT INTO Order_Items (order_item_id, order_id, product_id, quantity, unit_price, discount) VALUES (NULL, 511, 38, 1, 27.15, 15);
INSERT INTO Order_Items (order_item_id, order_id, product_id, quantity, unit_price, discount) VALUES (NULL, 511, 4, 3, 174.42, 10);
INSERT INTO Payments (payment_id, order_id, payment_date, payment_method, amount, currency) VALUES (NULL, 511, '2025-05-25 13:31:36.159290', 'Credit Card', 270.76, 'USD');
INSERT INTO Shipping (shipping_id, order_id, carrier, tracking_number, ship_date, delivery_date, status) VALUES (NULL, 511, 'FedEx', 'TRK000511', '2025-07-11', '2025-04-02', 'Delivered');
INSERT INTO Orders (order_id, customer_id, order_date, status, shipping_address, total_amount) VALUES (512, 168, '2025-04-05 10:41:39.675333', 'Shipped', '256 Wilson Road Suite 920 Emmatown, NE 54601', 2920.49);
INSERT INTO Order_Items (order_item_id, order_id, product_id, quantity, unit_price, discount) VALUES (NULL, 512, 5, 3, 11.49, 5);
INSERT INTO Order_Items (order_item_id, order_id, product_id, quantity, unit_price, discount) VALUES (NULL, 512, 36, 1, 146.16, 15);
INSERT INTO Order_Items (order_item_id, order_id, product_id, quantity, unit_price, discount) VALUES (NULL, 512, 7, 1, 274.43, 15);
INSERT INTO Order_Items (order_item_id, order_id, product_id, quantity, unit_price, discount) VALUES (NULL, 512, 17, 2, 12.48, 15);
INSERT INTO Order_Items (order_item_id, order_id, product_id, quantity, unit_price, discount) VALUES (NULL, 512, 13, 2, 406.6, 10);
INSERT INTO Payments (payment_id, order_id, payment_date, payment_method, amount, currency) VALUES (NULL, 512, '2025-07-24 02:16:04.023241', 'Credit Card', 2920.49, 'USD');
INSERT INTO Shipping (shipping_id, order_id, carrier, tracking_number, ship_date, delivery_date, status) VALUES (NULL, 512, 'DHL', 'TRK000512', '2025-03-16', '2025-03-23', 'Delivered');
INSERT INTO Orders (order_id, customer_id, order_date, status, shipping_address, total_amount) VALUES (513, 160, '2025-04-19 03:05:23.925796', 'Shipped', '925 James Spur Suite 985 Lake Michael, ME 98250', 1915.22);
INSERT INTO Order_Items (order_item_id, order_id, product_id, quantity, unit_price, discount) VALUES (NULL, 513, 41, 3, 146.88, 10);
INSERT INTO Order_Items (order_item_id, order_id, product_id, quantity, unit_price, discount) VALUES (NULL, 513, 4, 2, 102.83, 0);
INSERT INTO Payments (payment_id, order_id, payment_date, payment_method, amount, currency) VALUES (NULL, 513, '2025-02-09 19:23:57.871272', 'Credit Card', 1915.22, 'USD');
INSERT INTO Shipping (shipping_id, order_id, carrier, tracking_number, ship_date, delivery_date, status) VALUES (NULL, 513, 'UPS', 'TRK000513', '2025-07-15', '2025-02-05', 'Delivered');
INSERT INTO Orders (order_id, customer_id, order_date, status, shipping_address, total_amount) VALUES (514, 179, '2025-03-28 10:04:32.798378', 'Shipped', '0365 Harvey Manors Suite 861 West Williamton, NV 43118', 1401.57);
INSERT INTO Order_Items (order_item_id, order_id, product_id, quantity, unit_price, discount) VALUES (NULL, 514, 25, 3, 205.88, 0);
INSERT INTO Order_Items (order_item_id, order_id, product_id, quantity, unit_price, discount) VALUES (NULL, 514, 34, 3, 179.75, 5);
INSERT INTO Order_Items (order_item_id, order_id, product_id, quantity, unit_price, discount) VALUES (NULL, 514, 10, 3, 354.78, 0);
INSERT INTO Order_Items (order_item_id, order_id, product_id, quantity, unit_price, discount) VALUES (NULL, 514, 7, 2, 72.93, 0);
INSERT INTO Order_Items (order_item_id, order_id, product_id, quantity, unit_price, discount) VALUES (NULL, 514, 39, 2, 311.93, 15);
INSERT INTO Payments (payment_id, order_id, payment_date, payment_method, amount, currency) VALUES (NULL, 514, '2025-05-21 04:36:40.234688', 'Debit Card', 1401.57, 'USD');
INSERT INTO Shipping (shipping_id, order_id, carrier, tracking_number, ship_date, delivery_date, status) VALUES (NULL, 514, 'DHL', 'TRK000514', '2025-07-31', '2025-02-12', 'Delivered');
INSERT INTO Orders (order_id, customer_id, order_date, status, shipping_address, total_amount) VALUES (515, 124, '2025-03-05 09:16:02.258299', 'Shipped', '300 Patricia Underpass Craigmouth, NC 18724', 680.21);
INSERT INTO Order_Items (order_item_id, order_id, product_id, quantity, unit_price, discount) VALUES (NULL, 515, 31, 3, 322.88, 5);
INSERT INTO Order_Items (order_item_id, order_id, product_id, quantity, unit_price, discount) VALUES (NULL, 515, 18, 1, 325.19, 10);
INSERT INTO Order_Items (order_item_id, order_id, product_id, quantity, unit_price, discount) VALUES (NULL, 515, 40, 3, 491.17, 15);
INSERT INTO Payments (payment_id, order_id, payment_date, payment_method, amount, currency) VALUES (NULL, 515, '2025-05-14 19:49:57.896743', 'PayPal', 680.21, 'USD');
INSERT INTO Shipping (shipping_id, order_id, carrier, tracking_number, ship_date, delivery_date, status) VALUES (NULL, 515, 'UPS', 'TRK000515', '2025-02-24', '2025-06-21', 'Delivered');
INSERT INTO Orders (order_id, customer_id, order_date, status, shipping_address, total_amount) VALUES (516, 178, '2025-06-28 01:40:38.855366', 'Shipped', '962 Martin Ferry Larsonfort, NH 52640', 510.75);
INSERT INTO Order_Items (order_item_id, order_id, product_id, quantity, unit_price, discount) VALUES (NULL, 516, 20, 1, 435.03, 5);
INSERT INTO Order_Items (order_item_id, order_id, product_id, quantity, unit_price, discount) VALUES (NULL, 516, 20, 3, 379.97, 10);
INSERT INTO Payments (payment_id, order_id, payment_date, payment_method, amount, currency) VALUES (NULL, 516, '2025-01-03 07:21:28.722358', 'Debit Card', 510.75, 'USD');
INSERT INTO Shipping (shipping_id, order_id, carrier, tracking_number, ship_date, delivery_date, status) VALUES (NULL, 516, 'DHL', 'TRK000516', '2025-02-03', '2025-06-18', 'Delivered');
INSERT INTO Orders (order_id, customer_id, order_date, status, shipping_address, total_amount) VALUES (517, 73, '2025-07-15 21:16:06.954227', 'Shipped', 'Unit 8976 Box 3587 DPO AP 63364', 876.43);
INSERT INTO Order_Items (order_item_id, order_id, product_id, quantity, unit_price, discount) VALUES (NULL, 517, 32, 1, 156.73, 0);
INSERT INTO Order_Items (order_item_id, order_id, product_id, quantity, unit_price, discount) VALUES (NULL, 517, 9, 3, 348.73, 0);
INSERT INTO Payments (payment_id, order_id, payment_date, payment_method, amount, currency) VALUES (NULL, 517, '2025-08-30 03:08:56.323123', 'PayPal', 876.43, 'USD');
INSERT INTO Shipping (shipping_id, order_id, carrier, tracking_number, ship_date, delivery_date, status) VALUES (NULL, 517, 'DHL', 'TRK000517', '2025-06-02', '2025-04-06', 'Delivered');
INSERT INTO Orders (order_id, customer_id, order_date, status, shipping_address, total_amount) VALUES (518, 41, '2025-02-17 04:28:18.904829', 'Shipped', '19343 Mendez Locks Apt. 126 Amyborough, AZ 18141', 1161.8);
INSERT INTO Order_Items (order_item_id, order_id, product_id, quantity, unit_price, discount) VALUES (NULL, 518, 9, 2, 217.17, 0);
INSERT INTO Order_Items (order_item_id, order_id, product_id, quantity, unit_price, discount) VALUES (NULL, 518, 29, 3, 169.8, 5);
INSERT INTO Payments (payment_id, order_id, payment_date, payment_method, amount, currency) VALUES (NULL, 518, '2025-05-15 00:57:19.793097', 'PayPal', 1161.8, 'USD');
INSERT INTO Shipping (shipping_id, order_id, carrier, tracking_number, ship_date, delivery_date, status) VALUES (NULL, 518, 'DHL', 'TRK000518', '2025-05-06', '2025-05-23', 'Delivered');
INSERT INTO Orders (order_id, customer_id, order_date, status, shipping_address, total_amount) VALUES (519, 139, '2025-07-24 05:35:47.613008', 'Shipped', '5467 Christopher Parks Apt. 428 North Carl, MS 51006', 141.22);
INSERT INTO Order_Items (order_item_id, order_id, product_id, quantity, unit_price, discount) VALUES (NULL, 519, 17, 3, 246.56, 5);
INSERT INTO Payments (payment_id, order_id, payment_date, payment_method, amount, currency) VALUES (NULL, 519, '2025-01-08 19:54:55.284992', 'PayPal', 141.22, 'USD');
INSERT INTO Shipping (shipping_id, order_id, carrier, tracking_number, ship_date, delivery_date, status) VALUES (NULL, 519, 'FedEx', 'TRK000519', '2025-07-13', '2025-04-27', 'Delivered');
INSERT INTO Orders (order_id, customer_id, order_date, status, shipping_address, total_amount) VALUES (520, 149, '2025-04-08 01:29:24.690989', 'Shipped', '27270 Barton Cliff Careyberg, MD 01402', 435.14);
INSERT INTO Order_Items (order_item_id, order_id, product_id, quantity, unit_price, discount) VALUES (NULL, 520, 43, 3, 218.38, 15);
INSERT INTO Order_Items (order_item_id, order_id, product_id, quantity, unit_price, discount) VALUES (NULL, 520, 1, 1, 89.33, 15);
INSERT INTO Order_Items (order_item_id, order_id, product_id, quantity, unit_price, discount) VALUES (NULL, 520, 28, 1, 250.35, 5);
INSERT INTO Payments (payment_id, order_id, payment_date, payment_method, amount, currency) VALUES (NULL, 520, '2025-08-04 00:08:47.688960', 'Credit Card', 435.14, 'USD');
INSERT INTO Shipping (shipping_id, order_id, carrier, tracking_number, ship_date, delivery_date, status) VALUES (NULL, 520, 'FedEx', 'TRK000520', '2025-04-10', '2025-08-27', 'Delivered');
INSERT INTO Orders (order_id, customer_id, order_date, status, shipping_address, total_amount) VALUES (521, 146, '2025-08-16 01:46:57.836531', 'Shipped', '97052 Guerra Ports Apt. 212 Ravenville, HI 89078', 903.91);
INSERT INTO Order_Items (order_item_id, order_id, product_id, quantity, unit_price, discount) VALUES (NULL, 521, 41, 3, 23.26, 15);
INSERT INTO Order_Items (order_item_id, order_id, product_id, quantity, unit_price, discount) VALUES (NULL, 521, 16, 1, 160.1, 0);
INSERT INTO Order_Items (order_item_id, order_id, product_id, quantity, unit_price, discount) VALUES (NULL, 521, 12, 2, 24.79, 15);
INSERT INTO Order_Items (order_item_id, order_id, product_id, quantity, unit_price, discount) VALUES (NULL, 521, 10, 1, 61.84, 10);
INSERT INTO Order_Items (order_item_id, order_id, product_id, quantity, unit_price, discount) VALUES (NULL, 521, 38, 2, 52.11, 5);
INSERT INTO Payments (payment_id, order_id, payment_date, payment_method, amount, currency) VALUES (NULL, 521, '2025-01-18 14:31:23.939808', 'Credit Card', 903.91, 'USD');
INSERT INTO Shipping (shipping_id, order_id, carrier, tracking_number, ship_date, delivery_date, status) VALUES (NULL, 521, 'DHL', 'TRK000521', '2025-07-08', '2025-06-24', 'Delivered');
INSERT INTO Orders (order_id, customer_id, order_date, status, shipping_address, total_amount) VALUES (522, 56, '2025-05-10 05:09:23.638371', 'Shipped', '284 Ellis Walks South Larry, AS 64580', 1965.82);
INSERT INTO Order_Items (order_item_id, order_id, product_id, quantity, unit_price, discount) VALUES (NULL, 522, 32, 1, 15.33, 10);
INSERT INTO Payments (payment_id, order_id, payment_date, payment_method, amount, currency) VALUES (NULL, 522, '2025-07-16 12:01:02.459788', 'PayPal', 1965.82, 'USD');
INSERT INTO Shipping (shipping_id, order_id, carrier, tracking_number, ship_date, delivery_date, status) VALUES (NULL, 522, 'UPS', 'TRK000522', '2025-03-26', '2025-02-02', 'Delivered');
INSERT INTO Orders (order_id, customer_id, order_date, status, shipping_address, total_amount) VALUES (523, 102, '2025-06-07 04:01:55.152615', 'Shipped', '807 Ana Glens South Allisonmouth, GU 86625', 1701.65);
INSERT INTO Order_Items (order_item_id, order_id, product_id, quantity, unit_price, discount) VALUES (NULL, 523, 43, 3, 206.41, 0);
INSERT INTO Order_Items (order_item_id, order_id, product_id, quantity, unit_price, discount) VALUES (NULL, 523, 32, 2, 391.19, 10);
INSERT INTO Payments (payment_id, order_id, payment_date, payment_method, amount, currency) VALUES (NULL, 523, '2025-03-08 06:02:15.731174', 'PayPal', 1701.65, 'USD');
INSERT INTO Shipping (shipping_id, order_id, carrier, tracking_number, ship_date, delivery_date, status) VALUES (NULL, 523, 'DHL', 'TRK000523', '2025-05-25', '2025-02-03', 'Delivered');
INSERT INTO Orders (order_id, customer_id, order_date, status, shipping_address, total_amount) VALUES (524, 165, '2025-04-19 10:45:50.655549', 'Shipped', '414 Delgado Extension Suite 632 Port Joshuaview, ND 12153', 1508.94);
INSERT INTO Order_Items (order_item_id, order_id, product_id, quantity, unit_price, discount) VALUES (NULL, 524, 43, 3, 84.86, 0);
INSERT INTO Payments (payment_id, order_id, payment_date, payment_method, amount, currency) VALUES (NULL, 524, '2025-04-16 19:47:16.733074', 'Credit Card', 1508.94, 'USD');
INSERT INTO Shipping (shipping_id, order_id, carrier, tracking_number, ship_date, delivery_date, status) VALUES (NULL, 524, 'DHL', 'TRK000524', '2025-05-25', '2025-05-24', 'Delivered');
INSERT INTO Orders (order_id, customer_id, order_date, status, shipping_address, total_amount) VALUES (525, 144, '2025-03-29 16:26:09.900057', 'Shipped', '1157 Daniel Haven Apt. 733 East Zachary, AS 35006', 1697.53);
INSERT INTO Order_Items (order_item_id, order_id, product_id, quantity, unit_price, discount) VALUES (NULL, 525, 33, 1, 274.76, 10);
INSERT INTO Order_Items (order_item_id, order_id, product_id, quantity, unit_price, discount) VALUES (NULL, 525, 6, 3, 321.15, 15);
INSERT INTO Payments (payment_id, order_id, payment_date, payment_method, amount, currency) VALUES (NULL, 525, '2025-01-06 04:14:45.102364', 'Debit Card', 1697.53, 'USD');
INSERT INTO Shipping (shipping_id, order_id, carrier, tracking_number, ship_date, delivery_date, status) VALUES (NULL, 525, 'FedEx', 'TRK000525', '2025-02-02', '2025-08-25', 'Delivered');
INSERT INTO Orders (order_id, customer_id, order_date, status, shipping_address, total_amount) VALUES (526, 44, '2025-06-20 19:40:32.610223', 'Shipped', '800 Ward Park Arthurhaven, SC 86247', 1408.3);
INSERT INTO Order_Items (order_item_id, order_id, product_id, quantity, unit_price, discount) VALUES (NULL, 526, 47, 3, 55.78, 10);
INSERT INTO Order_Items (order_item_id, order_id, product_id, quantity, unit_price, discount) VALUES (NULL, 526, 21, 2, 369.61, 0);
INSERT INTO Order_Items (order_item_id, order_id, product_id, quantity, unit_price, discount) VALUES (NULL, 526, 37, 2, 20.54, 10);
INSERT INTO Order_Items (order_item_id, order_id, product_id, quantity, unit_price, discount) VALUES (NULL, 526, 45, 3, 194.3, 15);
INSERT INTO Order_Items (order_item_id, order_id, product_id, quantity, unit_price, discount) VALUES (NULL, 526, 43, 3, 290.47, 10);
INSERT INTO Payments (payment_id, order_id, payment_date, payment_method, amount, currency) VALUES (NULL, 526, '2025-01-14 05:52:28.920030', 'PayPal', 1408.3, 'USD');
INSERT INTO Shipping (shipping_id, order_id, carrier, tracking_number, ship_date, delivery_date, status) VALUES (NULL, 526, 'UPS', 'TRK000526', '2025-04-11', '2025-02-17', 'Delivered');
INSERT INTO Orders (order_id, customer_id, order_date, status, shipping_address, total_amount) VALUES (527, 59, '2025-02-27 19:50:35.556070', 'Shipped', '19179 Goodman Oval Apt. 909 Port Veronica, CO 51827', 1111.81);
INSERT INTO Order_Items (order_item_id, order_id, product_id, quantity, unit_price, discount) VALUES (NULL, 527, 46, 3, 309.07, 10);
INSERT INTO Order_Items (order_item_id, order_id, product_id, quantity, unit_price, discount) VALUES (NULL, 527, 23, 1, 144.48, 15);
INSERT INTO Order_Items (order_item_id, order_id, product_id, quantity, unit_price, discount) VALUES (NULL, 527, 14, 3, 260.26, 10);
INSERT INTO Order_Items (order_item_id, order_id, product_id, quantity, unit_price, discount) VALUES (NULL, 527, 35, 1, 49.43, 5);
INSERT INTO Payments (payment_id, order_id, payment_date, payment_method, amount, currency) VALUES (NULL, 527, '2025-05-11 07:27:35.031481', 'Credit Card', 1111.81, 'USD');
INSERT INTO Shipping (shipping_id, order_id, carrier, tracking_number, ship_date, delivery_date, status) VALUES (NULL, 527, 'DHL', 'TRK000527', '2025-05-05', '2025-03-05', 'Delivered');
INSERT INTO Orders (order_id, customer_id, order_date, status, shipping_address, total_amount) VALUES (528, 154, '2025-03-24 03:18:25.833308', 'Shipped', '199 Eric Summit Suite 962 West Edwardborough, IN 88368', 636.58);
INSERT INTO Order_Items (order_item_id, order_id, product_id, quantity, unit_price, discount) VALUES (NULL, 528, 10, 1, 182.87, 15);
INSERT INTO Order_Items (order_item_id, order_id, product_id, quantity, unit_price, discount) VALUES (NULL, 528, 4, 3, 173.24, 10);
INSERT INTO Payments (payment_id, order_id, payment_date, payment_method, amount, currency) VALUES (NULL, 528, '2025-05-29 09:27:43.304822', 'PayPal', 636.58, 'USD');
INSERT INTO Shipping (shipping_id, order_id, carrier, tracking_number, ship_date, delivery_date, status) VALUES (NULL, 528, 'FedEx', 'TRK000528', '2025-01-10', '2025-05-08', 'Delivered');
INSERT INTO Orders (order_id, customer_id, order_date, status, shipping_address, total_amount) VALUES (529, 85, '2025-07-12 19:01:53.063082', 'Shipped', '2677 Frost Gateway West Brianside, IL 52855', 130.11);
INSERT INTO Order_Items (order_item_id, order_id, product_id, quantity, unit_price, discount) VALUES (NULL, 529, 33, 3, 382.24, 15);
INSERT INTO Order_Items (order_item_id, order_id, product_id, quantity, unit_price, discount) VALUES (NULL, 529, 44, 3, 116.07, 15);
INSERT INTO Payments (payment_id, order_id, payment_date, payment_method, amount, currency) VALUES (NULL, 529, '2025-03-22 09:06:11.259443', 'Credit Card', 130.11, 'USD');
INSERT INTO Shipping (shipping_id, order_id, carrier, tracking_number, ship_date, delivery_date, status) VALUES (NULL, 529, 'DHL', 'TRK000529', '2025-01-16', '2025-02-05', 'Delivered');
INSERT INTO Orders (order_id, customer_id, order_date, status, shipping_address, total_amount) VALUES (530, 15, '2025-08-28 20:56:27.280209', 'Shipped', '93124 Elizabeth Unions South Charlesport, OH 62956', 1851.53);
INSERT INTO Order_Items (order_item_id, order_id, product_id, quantity, unit_price, discount) VALUES (NULL, 530, 16, 2, 470.69, 15);
INSERT INTO Payments (payment_id, order_id, payment_date, payment_method, amount, currency) VALUES (NULL, 530, '2025-06-19 23:00:38.486871', 'Debit Card', 1851.53, 'USD');
INSERT INTO Shipping (shipping_id, order_id, carrier, tracking_number, ship_date, delivery_date, status) VALUES (NULL, 530, 'UPS', 'TRK000530', '2025-02-21', '2025-05-15', 'Delivered');
INSERT INTO Orders (order_id, customer_id, order_date, status, shipping_address, total_amount) VALUES (531, 18, '2025-06-05 18:45:10.870036', 'Shipped', '7851 Matthew Plain Lake Nathaniel, NV 29542', 1918.73);
INSERT INTO Order_Items (order_item_id, order_id, product_id, quantity, unit_price, discount) VALUES (NULL, 531, 25, 3, 395.79, 5);
INSERT INTO Order_Items (order_item_id, order_id, product_id, quantity, unit_price, discount) VALUES (NULL, 531, 2, 1, 440.0, 0);
INSERT INTO Payments (payment_id, order_id, payment_date, payment_method, amount, currency) VALUES (NULL, 531, '2025-03-29 04:46:24.666695', 'Credit Card', 1918.73, 'USD');
INSERT INTO Shipping (shipping_id, order_id, carrier, tracking_number, ship_date, delivery_date, status) VALUES (NULL, 531, 'UPS', 'TRK000531', '2025-05-13', '2025-03-23', 'Delivered');
INSERT INTO Orders (order_id, customer_id, order_date, status, shipping_address, total_amount) VALUES (532, 75, '2025-04-25 21:49:31.500454', 'Shipped', '694 Jerry Avenue Hernandezburgh, MT 14860', 2326.29);
INSERT INTO Order_Items (order_item_id, order_id, product_id, quantity, unit_price, discount) VALUES (NULL, 532, 40, 2, 216.26, 0);
INSERT INTO Order_Items (order_item_id, order_id, product_id, quantity, unit_price, discount) VALUES (NULL, 532, 32, 3, 468.08, 0);
INSERT INTO Order_Items (order_item_id, order_id, product_id, quantity, unit_price, discount) VALUES (NULL, 532, 4, 1, 17.08, 10);
INSERT INTO Order_Items (order_item_id, order_id, product_id, quantity, unit_price, discount) VALUES (NULL, 532, 46, 3, 363.52, 5);
INSERT INTO Payments (payment_id, order_id, payment_date, payment_method, amount, currency) VALUES (NULL, 532, '2025-03-04 16:45:33.633814', 'Credit Card', 2326.29, 'USD');
INSERT INTO Shipping (shipping_id, order_id, carrier, tracking_number, ship_date, delivery_date, status) VALUES (NULL, 532, 'UPS', 'TRK000532', '2025-08-01', '2025-01-11', 'Delivered');
INSERT INTO Orders (order_id, customer_id, order_date, status, shipping_address, total_amount) VALUES (533, 8, '2025-01-24 04:52:45.442943', 'Shipped', '05264 Jeffrey Highway Greeneshire, AS 44054', 2598.33);
INSERT INTO Order_Items (order_item_id, order_id, product_id, quantity, unit_price, discount) VALUES (NULL, 533, 6, 3, 25.59, 5);
INSERT INTO Order_Items (order_item_id, order_id, product_id, quantity, unit_price, discount) VALUES (NULL, 533, 43, 2, 440.35, 0);
INSERT INTO Order_Items (order_item_id, order_id, product_id, quantity, unit_price, discount) VALUES (NULL, 533, 8, 2, 336.3, 0);
INSERT INTO Order_Items (order_item_id, order_id, product_id, quantity, unit_price, discount) VALUES (NULL, 533, 11, 3, 99.0, 0);
INSERT INTO Order_Items (order_item_id, order_id, product_id, quantity, unit_price, discount) VALUES (NULL, 533, 7, 2, 361.46, 0);
INSERT INTO Payments (payment_id, order_id, payment_date, payment_method, amount, currency) VALUES (NULL, 533, '2025-02-05 10:57:47.428505', 'Debit Card', 2598.33, 'USD');
INSERT INTO Shipping (shipping_id, order_id, carrier, tracking_number, ship_date, delivery_date, status) VALUES (NULL, 533, 'FedEx', 'TRK000533', '2025-01-22', '2025-03-10', 'Delivered');
INSERT INTO Orders (order_id, customer_id, order_date, status, shipping_address, total_amount) VALUES (534, 127, '2025-01-11 20:34:09.530001', 'Shipped', '385 Lindsey Loop Apt. 516 Port William, AL 54280', 2989.58);
INSERT INTO Order_Items (order_item_id, order_id, product_id, quantity, unit_price, discount) VALUES (NULL, 534, 1, 2, 302.99, 15);
INSERT INTO Payments (payment_id, order_id, payment_date, payment_method, amount, currency) VALUES (NULL, 534, '2025-08-24 03:43:23.869653', 'PayPal', 2989.58, 'USD');
INSERT INTO Shipping (shipping_id, order_id, carrier, tracking_number, ship_date, delivery_date, status) VALUES (NULL, 534, 'DHL', 'TRK000534', '2025-01-19', '2025-05-01', 'Delivered');
INSERT INTO Orders (order_id, customer_id, order_date, status, shipping_address, total_amount) VALUES (535, 135, '2025-01-01 05:07:50.138232', 'Shipped', '5651 Davis Street Lake Elizabethview, AR 36741', 1893.44);
INSERT INTO Order_Items (order_item_id, order_id, product_id, quantity, unit_price, discount) VALUES (NULL, 535, 5, 2, 209.07, 0);
INSERT INTO Payments (payment_id, order_id, payment_date, payment_method, amount, currency) VALUES (NULL, 535, '2025-04-29 01:34:51.121923', 'Credit Card', 1893.44, 'USD');
INSERT INTO Shipping (shipping_id, order_id, carrier, tracking_number, ship_date, delivery_date, status) VALUES (NULL, 535, 'UPS', 'TRK000535', '2025-02-11', '2025-08-22', 'Delivered');
INSERT INTO Orders (order_id, customer_id, order_date, status, shipping_address, total_amount) VALUES (536, 36, '2025-06-18 06:02:22.411769', 'Shipped', '972 Tyler Ville Apt. 509 Stoneside, DC 33944', 1151.55);
INSERT INTO Order_Items (order_item_id, order_id, product_id, quantity, unit_price, discount) VALUES (NULL, 536, 33, 1, 253.65, 5);
INSERT INTO Order_Items (order_item_id, order_id, product_id, quantity, unit_price, discount) VALUES (NULL, 536, 46, 2, 382.96, 15);
INSERT INTO Payments (payment_id, order_id, payment_date, payment_method, amount, currency) VALUES (NULL, 536, '2025-08-16 04:28:18.183668', 'Debit Card', 1151.55, 'USD');
INSERT INTO Shipping (shipping_id, order_id, carrier, tracking_number, ship_date, delivery_date, status) VALUES (NULL, 536, 'DHL', 'TRK000536', '2025-02-23', '2025-01-14', 'Delivered');
INSERT INTO Orders (order_id, customer_id, order_date, status, shipping_address, total_amount) VALUES (537, 149, '2025-03-26 03:13:24.985004', 'Shipped', '39085 Smith Landing Apt. 943 Port Rodney, MD 10535', 2044.6);
INSERT INTO Order_Items (order_item_id, order_id, product_id, quantity, unit_price, discount) VALUES (NULL, 537, 45, 2, 397.15, 10);
INSERT INTO Order_Items (order_item_id, order_id, product_id, quantity, unit_price, discount) VALUES (NULL, 537, 41, 2, 66.02, 5);
INSERT INTO Order_Items (order_item_id, order_id, product_id, quantity, unit_price, discount) VALUES (NULL, 537, 44, 2, 421.34, 10);
INSERT INTO Order_Items (order_item_id, order_id, product_id, quantity, unit_price, discount) VALUES (NULL, 537, 45, 1, 98.27, 15);
INSERT INTO Order_Items (order_item_id, order_id, product_id, quantity, unit_price, discount) VALUES (NULL, 537, 13, 2, 169.39, 15);
INSERT INTO Payments (payment_id, order_id, payment_date, payment_method, amount, currency) VALUES (NULL, 537, '2025-08-21 17:09:52.883817', 'Credit Card', 2044.6, 'USD');
INSERT INTO Shipping (shipping_id, order_id, carrier, tracking_number, ship_date, delivery_date, status) VALUES (NULL, 537, 'DHL', 'TRK000537', '2025-05-28', '2025-08-26', 'Delivered');
INSERT INTO Orders (order_id, customer_id, order_date, status, shipping_address, total_amount) VALUES (538, 107, '2025-03-10 13:34:00.014534', 'Shipped', '14830 Carpenter Walks North Christopher, DC 44358', 484.1);
INSERT INTO Order_Items (order_item_id, order_id, product_id, quantity, unit_price, discount) VALUES (NULL, 538, 5, 2, 299.88, 0);
INSERT INTO Order_Items (order_item_id, order_id, product_id, quantity, unit_price, discount) VALUES (NULL, 538, 28, 1, 103.26, 10);
INSERT INTO Payments (payment_id, order_id, payment_date, payment_method, amount, currency) VALUES (NULL, 538, '2025-01-18 09:36:09.377396', 'Debit Card', 484.1, 'USD');
INSERT INTO Shipping (shipping_id, order_id, carrier, tracking_number, ship_date, delivery_date, status) VALUES (NULL, 538, 'FedEx', 'TRK000538', '2025-05-03', '2025-01-02', 'Delivered');
INSERT INTO Orders (order_id, customer_id, order_date, status, shipping_address, total_amount) VALUES (539, 187, '2025-02-04 15:56:33.234998', 'Shipped', '9243 Howard Crossroad Suite 706 Bradleyfort, IL 96984', 1821.14);
INSERT INTO Order_Items (order_item_id, order_id, product_id, quantity, unit_price, discount) VALUES (NULL, 539, 8, 1, 377.45, 5);
INSERT INTO Payments (payment_id, order_id, payment_date, payment_method, amount, currency) VALUES (NULL, 539, '2025-06-09 19:43:34.276652', 'Debit Card', 1821.14, 'USD');
INSERT INTO Shipping (shipping_id, order_id, carrier, tracking_number, ship_date, delivery_date, status) VALUES (NULL, 539, 'DHL', 'TRK000539', '2025-07-05', '2025-04-29', 'Delivered');
INSERT INTO Orders (order_id, customer_id, order_date, status, shipping_address, total_amount) VALUES (540, 91, '2025-02-14 03:37:54.858970', 'Shipped', '4107 Jacqueline Pass Ochoaside, MD 56126', 549.01);
INSERT INTO Order_Items (order_item_id, order_id, product_id, quantity, unit_price, discount) VALUES (NULL, 540, 38, 2, 45.73, 5);
INSERT INTO Order_Items (order_item_id, order_id, product_id, quantity, unit_price, discount) VALUES (NULL, 540, 45, 2, 183.51, 0);
INSERT INTO Payments (payment_id, order_id, payment_date, payment_method, amount, currency) VALUES (NULL, 540, '2025-03-14 16:28:09.941244', 'Debit Card', 549.01, 'USD');
INSERT INTO Shipping (shipping_id, order_id, carrier, tracking_number, ship_date, delivery_date, status) VALUES (NULL, 540, 'FedEx', 'TRK000540', '2025-07-01', '2025-08-02', 'Delivered');
INSERT INTO Orders (order_id, customer_id, order_date, status, shipping_address, total_amount) VALUES (541, 19, '2025-08-28 22:39:05.941876', 'Shipped', '2619 Richard Street New Meganland, TX 98761', 1660.97);
INSERT INTO Order_Items (order_item_id, order_id, product_id, quantity, unit_price, discount) VALUES (NULL, 541, 12, 3, 250.85, 15);
INSERT INTO Order_Items (order_item_id, order_id, product_id, quantity, unit_price, discount) VALUES (NULL, 541, 25, 2, 235.33, 15);
INSERT INTO Order_Items (order_item_id, order_id, product_id, quantity, unit_price, discount) VALUES (NULL, 541, 48, 3, 144.7, 10);
INSERT INTO Payments (payment_id, order_id, payment_date, payment_method, amount, currency) VALUES (NULL, 541, '2025-03-20 15:52:47.452610', 'Debit Card', 1660.97, 'USD');
INSERT INTO Shipping (shipping_id, order_id, carrier, tracking_number, ship_date, delivery_date, status) VALUES (NULL, 541, 'FedEx', 'TRK000541', '2025-05-10', '2025-04-05', 'Delivered');
INSERT INTO Orders (order_id, customer_id, order_date, status, shipping_address, total_amount) VALUES (542, 54, '2025-07-28 21:14:03.970003', 'Shipped', '7629 Salas Valleys Suite 702 Santanaside, FL 06985', 1300.44);
INSERT INTO Order_Items (order_item_id, order_id, product_id, quantity, unit_price, discount) VALUES (NULL, 542, 27, 2, 64.49, 5);
INSERT INTO Order_Items (order_item_id, order_id, product_id, quantity, unit_price, discount) VALUES (NULL, 542, 23, 1, 42.23, 0);
INSERT INTO Payments (payment_id, order_id, payment_date, payment_method, amount, currency) VALUES (NULL, 542, '2025-04-12 21:26:30.856766', 'Debit Card', 1300.44, 'USD');
INSERT INTO Shipping (shipping_id, order_id, carrier, tracking_number, ship_date, delivery_date, status) VALUES (NULL, 542, 'DHL', 'TRK000542', '2025-03-14', '2025-01-12', 'Delivered');
INSERT INTO Orders (order_id, customer_id, order_date, status, shipping_address, total_amount) VALUES (543, 147, '2025-01-13 20:02:36.938086', 'Shipped', '67159 Mary Burgs North Lindsey, IL 61928', 810.02);
INSERT INTO Order_Items (order_item_id, order_id, product_id, quantity, unit_price, discount) VALUES (NULL, 543, 36, 3, 468.56, 0);
INSERT INTO Payments (payment_id, order_id, payment_date, payment_method, amount, currency) VALUES (NULL, 543, '2025-08-07 10:46:09.250652', 'PayPal', 810.02, 'USD');
INSERT INTO Shipping (shipping_id, order_id, carrier, tracking_number, ship_date, delivery_date, status) VALUES (NULL, 543, 'UPS', 'TRK000543', '2025-05-16', '2025-06-23', 'Delivered');
INSERT INTO Orders (order_id, customer_id, order_date, status, shipping_address, total_amount) VALUES (544, 25, '2025-05-04 12:54:16.226875', 'Shipped', '47321 Stephen Well Apt. 734 New Ryanfurt, CA 80816', 473.21);
INSERT INTO Order_Items (order_item_id, order_id, product_id, quantity, unit_price, discount) VALUES (NULL, 544, 28, 3, 474.58, 5);
INSERT INTO Order_Items (order_item_id, order_id, product_id, quantity, unit_price, discount) VALUES (NULL, 544, 6, 3, 66.13, 5);
INSERT INTO Order_Items (order_item_id, order_id, product_id, quantity, unit_price, discount) VALUES (NULL, 544, 1, 2, 271.65, 10);
INSERT INTO Payments (payment_id, order_id, payment_date, payment_method, amount, currency) VALUES (NULL, 544, '2025-05-30 13:00:44.336718', 'Debit Card', 473.21, 'USD');
INSERT INTO Shipping (shipping_id, order_id, carrier, tracking_number, ship_date, delivery_date, status) VALUES (NULL, 544, 'FedEx', 'TRK000544', '2025-02-25', '2025-04-10', 'Delivered');
INSERT INTO Orders (order_id, customer_id, order_date, status, shipping_address, total_amount) VALUES (545, 76, '2025-08-20 18:56:30.438779', 'Shipped', 'USCGC Jimenez FPO AE 68959', 1009.74);
INSERT INTO Order_Items (order_item_id, order_id, product_id, quantity, unit_price, discount) VALUES (NULL, 545, 9, 1, 55.26, 0);
INSERT INTO Order_Items (order_item_id, order_id, product_id, quantity, unit_price, discount) VALUES (NULL, 545, 3, 3, 374.43, 0);
INSERT INTO Payments (payment_id, order_id, payment_date, payment_method, amount, currency) VALUES (NULL, 545, '2025-08-19 09:42:02.631297', 'PayPal', 1009.74, 'USD');
INSERT INTO Shipping (shipping_id, order_id, carrier, tracking_number, ship_date, delivery_date, status) VALUES (NULL, 545, 'UPS', 'TRK000545', '2025-07-29', '2025-06-18', 'Delivered');
INSERT INTO Orders (order_id, customer_id, order_date, status, shipping_address, total_amount) VALUES (546, 15, '2025-07-06 04:53:01.799096', 'Shipped', '5443 Ryan Coves Suite 978 Williamburgh, IA 71622', 1083.16);
INSERT INTO Order_Items (order_item_id, order_id, product_id, quantity, unit_price, discount) VALUES (NULL, 546, 3, 1, 138.03, 5);
INSERT INTO Payments (payment_id, order_id, payment_date, payment_method, amount, currency) VALUES (NULL, 546, '2025-01-21 20:40:26.359511', 'PayPal', 1083.16, 'USD');
INSERT INTO Shipping (shipping_id, order_id, carrier, tracking_number, ship_date, delivery_date, status) VALUES (NULL, 546, 'UPS', 'TRK000546', '2025-07-14', '2025-05-18', 'Delivered');
INSERT INTO Orders (order_id, customer_id, order_date, status, shipping_address, total_amount) VALUES (547, 75, '2025-06-28 23:55:24.384889', 'Shipped', '67210 Sheila Field Port Gina, OR 28537', 1812.09);
INSERT INTO Order_Items (order_item_id, order_id, product_id, quantity, unit_price, discount) VALUES (NULL, 547, 20, 2, 295.2, 5);
INSERT INTO Order_Items (order_item_id, order_id, product_id, quantity, unit_price, discount) VALUES (NULL, 547, 29, 2, 320.02, 15);
INSERT INTO Order_Items (order_item_id, order_id, product_id, quantity, unit_price, discount) VALUES (NULL, 547, 39, 2, 49.52, 15);
INSERT INTO Order_Items (order_item_id, order_id, product_id, quantity, unit_price, discount) VALUES (NULL, 547, 32, 2, 14.26, 10);
INSERT INTO Order_Items (order_item_id, order_id, product_id, quantity, unit_price, discount) VALUES (NULL, 547, 16, 1, 111.52, 5);
INSERT INTO Payments (payment_id, order_id, payment_date, payment_method, amount, currency) VALUES (NULL, 547, '2025-06-25 16:26:46.893465', 'PayPal', 1812.09, 'USD');
INSERT INTO Shipping (shipping_id, order_id, carrier, tracking_number, ship_date, delivery_date, status) VALUES (NULL, 547, 'FedEx', 'TRK000547', '2025-01-22', '2025-07-16', 'Delivered');
INSERT INTO Orders (order_id, customer_id, order_date, status, shipping_address, total_amount) VALUES (548, 44, '2025-03-26 05:41:03.750583', 'Shipped', '6678 Richard Courts Jenkinsberg, PA 64710', 629.16);
INSERT INTO Order_Items (order_item_id, order_id, product_id, quantity, unit_price, discount) VALUES (NULL, 548, 6, 1, 163.52, 10);
INSERT INTO Order_Items (order_item_id, order_id, product_id, quantity, unit_price, discount) VALUES (NULL, 548, 8, 1, 69.89, 0);
INSERT INTO Order_Items (order_item_id, order_id, product_id, quantity, unit_price, discount) VALUES (NULL, 548, 18, 2, 93.82, 15);
INSERT INTO Order_Items (order_item_id, order_id, product_id, quantity, unit_price, discount) VALUES (NULL, 548, 9, 2, 489.02, 10);
INSERT INTO Order_Items (order_item_id, order_id, product_id, quantity, unit_price, discount) VALUES (NULL, 548, 2, 3, 177.25, 0);
INSERT INTO Payments (payment_id, order_id, payment_date, payment_method, amount, currency) VALUES (NULL, 548, '2025-01-01 11:07:52.076036', 'PayPal', 629.16, 'USD');
INSERT INTO Shipping (shipping_id, order_id, carrier, tracking_number, ship_date, delivery_date, status) VALUES (NULL, 548, 'DHL', 'TRK000548', '2025-04-04', '2025-01-21', 'Delivered');
INSERT INTO Orders (order_id, customer_id, order_date, status, shipping_address, total_amount) VALUES (549, 27, '2025-02-04 04:53:15.204739', 'Shipped', '748 Joseph Locks Suite 452 Sanchezstad, VA 90676', 2389.72);
INSERT INTO Order_Items (order_item_id, order_id, product_id, quantity, unit_price, discount) VALUES (NULL, 549, 19, 3, 362.73, 0);
INSERT INTO Order_Items (order_item_id, order_id, product_id, quantity, unit_price, discount) VALUES (NULL, 549, 24, 3, 330.22, 10);
INSERT INTO Order_Items (order_item_id, order_id, product_id, quantity, unit_price, discount) VALUES (NULL, 549, 43, 2, 124.42, 0);
INSERT INTO Payments (payment_id, order_id, payment_date, payment_method, amount, currency) VALUES (NULL, 549, '2025-07-23 08:38:04.538225', 'PayPal', 2389.72, 'USD');
INSERT INTO Shipping (shipping_id, order_id, carrier, tracking_number, ship_date, delivery_date, status) VALUES (NULL, 549, 'UPS', 'TRK000549', '2025-03-21', '2025-03-18', 'Delivered');
INSERT INTO Orders (order_id, customer_id, order_date, status, shipping_address, total_amount) VALUES (550, 80, '2025-04-22 20:24:50.304536', 'Shipped', '6312 Vanessa Roads Apt. 691 Alifort, OK 38256', 2517.52);
INSERT INTO Order_Items (order_item_id, order_id, product_id, quantity, unit_price, discount) VALUES (NULL, 550, 26, 1, 413.92, 5);
INSERT INTO Order_Items (order_item_id, order_id, product_id, quantity, unit_price, discount) VALUES (NULL, 550, 39, 2, 22.66, 15);
INSERT INTO Order_Items (order_item_id, order_id, product_id, quantity, unit_price, discount) VALUES (NULL, 550, 26, 1, 134.36, 5);
INSERT INTO Order_Items (order_item_id, order_id, product_id, quantity, unit_price, discount) VALUES (NULL, 550, 10, 1, 254.16, 5);
INSERT INTO Payments (payment_id, order_id, payment_date, payment_method, amount, currency) VALUES (NULL, 550, '2025-08-06 18:06:57.662095', 'Debit Card', 2517.52, 'USD');
INSERT INTO Shipping (shipping_id, order_id, carrier, tracking_number, ship_date, delivery_date, status) VALUES (NULL, 550, 'DHL', 'TRK000550', '2025-03-04', '2025-06-14', 'Delivered');
INSERT INTO Orders (order_id, customer_id, order_date, status, shipping_address, total_amount) VALUES (551, 17, '2025-05-20 14:50:04.287789', 'Shipped', '7025 Hess Road Suite 177 West Rebecca, ID 48850', 2023.59);
INSERT INTO Order_Items (order_item_id, order_id, product_id, quantity, unit_price, discount) VALUES (NULL, 551, 47, 3, 401.97, 0);
INSERT INTO Order_Items (order_item_id, order_id, product_id, quantity, unit_price, discount) VALUES (NULL, 551, 10, 2, 349.66, 0);
INSERT INTO Order_Items (order_item_id, order_id, product_id, quantity, unit_price, discount) VALUES (NULL, 551, 16, 2, 235.33, 10);
INSERT INTO Payments (payment_id, order_id, payment_date, payment_method, amount, currency) VALUES (NULL, 551, '2025-07-07 18:40:29.157092', 'Debit Card', 2023.59, 'USD');
INSERT INTO Shipping (shipping_id, order_id, carrier, tracking_number, ship_date, delivery_date, status) VALUES (NULL, 551, 'FedEx', 'TRK000551', '2025-03-08', '2025-03-05', 'Delivered');
INSERT INTO Orders (order_id, customer_id, order_date, status, shipping_address, total_amount) VALUES (552, 195, '2025-03-20 23:35:13.752612', 'Shipped', '05291 Sanchez Summit Suite 533 Port Jacquelineshire, OK 24817', 1121.38);
INSERT INTO Order_Items (order_item_id, order_id, product_id, quantity, unit_price, discount) VALUES (NULL, 552, 23, 3, 182.55, 15);
INSERT INTO Order_Items (order_item_id, order_id, product_id, quantity, unit_price, discount) VALUES (NULL, 552, 16, 2, 67.58, 15);
INSERT INTO Order_Items (order_item_id, order_id, product_id, quantity, unit_price, discount) VALUES (NULL, 552, 40, 1, 323.67, 0);
INSERT INTO Order_Items (order_item_id, order_id, product_id, quantity, unit_price, discount) VALUES (NULL, 552, 16, 1, 85.81, 0);
INSERT INTO Order_Items (order_item_id, order_id, product_id, quantity, unit_price, discount) VALUES (NULL, 552, 11, 1, 251.86, 5);
INSERT INTO Payments (payment_id, order_id, payment_date, payment_method, amount, currency) VALUES (NULL, 552, '2025-05-18 11:53:04.222064', 'PayPal', 1121.38, 'USD');
INSERT INTO Shipping (shipping_id, order_id, carrier, tracking_number, ship_date, delivery_date, status) VALUES (NULL, 552, 'UPS', 'TRK000552', '2025-06-04', '2025-05-09', 'Delivered');
INSERT INTO Orders (order_id, customer_id, order_date, status, shipping_address, total_amount) VALUES (553, 155, '2025-04-05 20:11:33.516124', 'Shipped', 'PSC 2213, Box 4638 APO AE 14147', 892.87);
INSERT INTO Order_Items (order_item_id, order_id, product_id, quantity, unit_price, discount) VALUES (NULL, 553, 48, 1, 217.12, 0);
INSERT INTO Order_Items (order_item_id, order_id, product_id, quantity, unit_price, discount) VALUES (NULL, 553, 8, 3, 107.9, 10);
INSERT INTO Payments (payment_id, order_id, payment_date, payment_method, amount, currency) VALUES (NULL, 553, '2025-09-03 04:04:28.165010', 'Debit Card', 892.87, 'USD');
INSERT INTO Shipping (shipping_id, order_id, carrier, tracking_number, ship_date, delivery_date, status) VALUES (NULL, 553, 'DHL', 'TRK000553', '2025-01-08', '2025-07-14', 'Delivered');
INSERT INTO Orders (order_id, customer_id, order_date, status, shipping_address, total_amount) VALUES (554, 179, '2025-03-17 06:36:52.260742', 'Shipped', 'PSC 4267, Box 9019 APO AP 69570', 271.59);
INSERT INTO Order_Items (order_item_id, order_id, product_id, quantity, unit_price, discount) VALUES (NULL, 554, 5, 3, 474.27, 15);
INSERT INTO Order_Items (order_item_id, order_id, product_id, quantity, unit_price, discount) VALUES (NULL, 554, 23, 1, 291.8, 0);
INSERT INTO Order_Items (order_item_id, order_id, product_id, quantity, unit_price, discount) VALUES (NULL, 554, 8, 3, 167.32, 0);
INSERT INTO Order_Items (order_item_id, order_id, product_id, quantity, unit_price, discount) VALUES (NULL, 554, 28, 2, 307.28, 10);
INSERT INTO Order_Items (order_item_id, order_id, product_id, quantity, unit_price, discount) VALUES (NULL, 554, 19, 3, 370.34, 5);
INSERT INTO Payments (payment_id, order_id, payment_date, payment_method, amount, currency) VALUES (NULL, 554, '2025-01-12 05:41:37.217749', 'PayPal', 271.59, 'USD');
INSERT INTO Shipping (shipping_id, order_id, carrier, tracking_number, ship_date, delivery_date, status) VALUES (NULL, 554, 'UPS', 'TRK000554', '2025-05-22', '2025-04-12', 'Delivered');
INSERT INTO Orders (order_id, customer_id, order_date, status, shipping_address, total_amount) VALUES (555, 69, '2025-04-30 04:56:08.484438', 'Shipped', '295 Danny Mount Apt. 869 Juliefort, VI 04903', 1068.65);
INSERT INTO Order_Items (order_item_id, order_id, product_id, quantity, unit_price, discount) VALUES (NULL, 555, 48, 1, 174.09, 0);
INSERT INTO Order_Items (order_item_id, order_id, product_id, quantity, unit_price, discount) VALUES (NULL, 555, 25, 2, 467.56, 10);
INSERT INTO Payments (payment_id, order_id, payment_date, payment_method, amount, currency) VALUES (NULL, 555, '2025-07-21 08:12:05.184024', 'Credit Card', 1068.65, 'USD');
INSERT INTO Shipping (shipping_id, order_id, carrier, tracking_number, ship_date, delivery_date, status) VALUES (NULL, 555, 'FedEx', 'TRK000555', '2025-06-25', '2025-07-01', 'Delivered');
INSERT INTO Orders (order_id, customer_id, order_date, status, shipping_address, total_amount) VALUES (556, 155, '2025-08-20 16:32:32.028884', 'Shipped', '2590 Lin Spring Suite 090 Lawrencefort, MH 86946', 348.2);
INSERT INTO Order_Items (order_item_id, order_id, product_id, quantity, unit_price, discount) VALUES (NULL, 556, 35, 2, 264.6, 15);
INSERT INTO Payments (payment_id, order_id, payment_date, payment_method, amount, currency) VALUES (NULL, 556, '2025-02-26 09:10:28.107497', 'Debit Card', 348.2, 'USD');
INSERT INTO Shipping (shipping_id, order_id, carrier, tracking_number, ship_date, delivery_date, status) VALUES (NULL, 556, 'UPS', 'TRK000556', '2025-02-20', '2025-04-12', 'Delivered');
INSERT INTO Orders (order_id, customer_id, order_date, status, shipping_address, total_amount) VALUES (557, 91, '2025-04-10 17:08:08.732567', 'Shipped', '2958 Lindsay Courts Millerview, MH 21454', 2395.27);
INSERT INTO Order_Items (order_item_id, order_id, product_id, quantity, unit_price, discount) VALUES (NULL, 557, 6, 2, 261.13, 10);
INSERT INTO Order_Items (order_item_id, order_id, product_id, quantity, unit_price, discount) VALUES (NULL, 557, 16, 3, 386.8, 10);
INSERT INTO Order_Items (order_item_id, order_id, product_id, quantity, unit_price, discount) VALUES (NULL, 557, 14, 1, 372.87, 10);
INSERT INTO Order_Items (order_item_id, order_id, product_id, quantity, unit_price, discount) VALUES (NULL, 557, 34, 3, 199.1, 10);
INSERT INTO Order_Items (order_item_id, order_id, product_id, quantity, unit_price, discount) VALUES (NULL, 557, 48, 3, 72.87, 15);
INSERT INTO Payments (payment_id, order_id, payment_date, payment_method, amount, currency) VALUES (NULL, 557, '2025-08-12 11:40:09.509676', 'PayPal', 2395.27, 'USD');
INSERT INTO Shipping (shipping_id, order_id, carrier, tracking_number, ship_date, delivery_date, status) VALUES (NULL, 557, 'FedEx', 'TRK000557', '2025-07-12', '2025-07-30', 'Delivered');
INSERT INTO Orders (order_id, customer_id, order_date, status, shipping_address, total_amount) VALUES (558, 65, '2025-07-22 02:14:34.219794', 'Shipped', '4229 Joseph Courts Apt. 077 Port Larry, GA 91900', 2566.22);
INSERT INTO Order_Items (order_item_id, order_id, product_id, quantity, unit_price, discount) VALUES (NULL, 558, 29, 3, 241.41, 10);
INSERT INTO Order_Items (order_item_id, order_id, product_id, quantity, unit_price, discount) VALUES (NULL, 558, 30, 1, 465.87, 10);
INSERT INTO Order_Items (order_item_id, order_id, product_id, quantity, unit_price, discount) VALUES (NULL, 558, 3, 2, 20.17, 15);
INSERT INTO Order_Items (order_item_id, order_id, product_id, quantity, unit_price, discount) VALUES (NULL, 558, 4, 2, 341.64, 15);
INSERT INTO Payments (payment_id, order_id, payment_date, payment_method, amount, currency) VALUES (NULL, 558, '2025-05-15 10:46:50.522380', 'PayPal', 2566.22, 'USD');
INSERT INTO Shipping (shipping_id, order_id, carrier, tracking_number, ship_date, delivery_date, status) VALUES (NULL, 558, 'UPS', 'TRK000558', '2025-03-30', '2025-03-18', 'Delivered');
INSERT INTO Orders (order_id, customer_id, order_date, status, shipping_address, total_amount) VALUES (559, 98, '2025-01-25 15:03:27.831184', 'Shipped', '42864 Deborah Mountain Patriciaside, MT 29744', 2529.17);
INSERT INTO Order_Items (order_item_id, order_id, product_id, quantity, unit_price, discount) VALUES (NULL, 559, 48, 2, 299.78, 5);
INSERT INTO Order_Items (order_item_id, order_id, product_id, quantity, unit_price, discount) VALUES (NULL, 559, 35, 3, 37.71, 10);
INSERT INTO Order_Items (order_item_id, order_id, product_id, quantity, unit_price, discount) VALUES (NULL, 559, 34, 3, 180.15, 15);
INSERT INTO Payments (payment_id, order_id, payment_date, payment_method, amount, currency) VALUES (NULL, 559, '2025-05-11 06:54:48.294995', 'Credit Card', 2529.17, 'USD');
INSERT INTO Shipping (shipping_id, order_id, carrier, tracking_number, ship_date, delivery_date, status) VALUES (NULL, 559, 'DHL', 'TRK000559', '2025-08-23', '2025-06-05', 'Delivered');
INSERT INTO Orders (order_id, customer_id, order_date, status, shipping_address, total_amount) VALUES (560, 117, '2025-02-22 00:37:00.594476', 'Shipped', '211 Gilbert Station Wilsonton, NE 21270', 1978.7);
INSERT INTO Order_Items (order_item_id, order_id, product_id, quantity, unit_price, discount) VALUES (NULL, 560, 34, 1, 367.02, 0);
INSERT INTO Order_Items (order_item_id, order_id, product_id, quantity, unit_price, discount) VALUES (NULL, 560, 37, 2, 65.52, 5);
INSERT INTO Order_Items (order_item_id, order_id, product_id, quantity, unit_price, discount) VALUES (NULL, 560, 43, 3, 185.44, 5);
INSERT INTO Payments (payment_id, order_id, payment_date, payment_method, amount, currency) VALUES (NULL, 560, '2025-06-02 08:30:06.656191', 'Debit Card', 1978.7, 'USD');
INSERT INTO Shipping (shipping_id, order_id, carrier, tracking_number, ship_date, delivery_date, status) VALUES (NULL, 560, 'UPS', 'TRK000560', '2025-06-25', '2025-07-25', 'Delivered');
INSERT INTO Orders (order_id, customer_id, order_date, status, shipping_address, total_amount) VALUES (561, 186, '2025-09-03 07:52:41.936484', 'Shipped', 'USS Mccall FPO AA 39087', 1197.71);
INSERT INTO Order_Items (order_item_id, order_id, product_id, quantity, unit_price, discount) VALUES (NULL, 561, 22, 3, 21.06, 5);
INSERT INTO Payments (payment_id, order_id, payment_date, payment_method, amount, currency) VALUES (NULL, 561, '2025-05-09 10:42:24.234404', 'PayPal', 1197.71, 'USD');
INSERT INTO Shipping (shipping_id, order_id, carrier, tracking_number, ship_date, delivery_date, status) VALUES (NULL, 561, 'FedEx', 'TRK000561', '2025-05-14', '2025-04-12', 'Delivered');
INSERT INTO Orders (order_id, customer_id, order_date, status, shipping_address, total_amount) VALUES (562, 135, '2025-04-26 00:56:08.287700', 'Shipped', '238 Paul Plaza Suite 585 North Phillip, IA 97281', 2576.12);
INSERT INTO Order_Items (order_item_id, order_id, product_id, quantity, unit_price, discount) VALUES (NULL, 562, 15, 1, 395.79, 10);
INSERT INTO Order_Items (order_item_id, order_id, product_id, quantity, unit_price, discount) VALUES (NULL, 562, 38, 2, 246.14, 10);
INSERT INTO Order_Items (order_item_id, order_id, product_id, quantity, unit_price, discount) VALUES (NULL, 562, 2, 1, 230.02, 0);
INSERT INTO Order_Items (order_item_id, order_id, product_id, quantity, unit_price, discount) VALUES (NULL, 562, 5, 3, 99.78, 15);
INSERT INTO Order_Items (order_item_id, order_id, product_id, quantity, unit_price, discount) VALUES (NULL, 562, 36, 2, 456.85, 0);
INSERT INTO Payments (payment_id, order_id, payment_date, payment_method, amount, currency) VALUES (NULL, 562, '2025-02-23 11:13:35.529356', 'PayPal', 2576.12, 'USD');
INSERT INTO Shipping (shipping_id, order_id, carrier, tracking_number, ship_date, delivery_date, status) VALUES (NULL, 562, 'UPS', 'TRK000562', '2025-08-13', '2025-07-22', 'Delivered');
INSERT INTO Orders (order_id, customer_id, order_date, status, shipping_address, total_amount) VALUES (563, 8, '2025-03-17 09:35:16.575894', 'Shipped', '1332 David Knoll West Jacobmouth, UT 23342', 2231.88);
INSERT INTO Order_Items (order_item_id, order_id, product_id, quantity, unit_price, discount) VALUES (NULL, 563, 24, 2, 272.04, 15);
INSERT INTO Order_Items (order_item_id, order_id, product_id, quantity, unit_price, discount) VALUES (NULL, 563, 29, 2, 185.49, 15);
INSERT INTO Order_Items (order_item_id, order_id, product_id, quantity, unit_price, discount) VALUES (NULL, 563, 31, 2, 77.14, 5);
INSERT INTO Order_Items (order_item_id, order_id, product_id, quantity, unit_price, discount) VALUES (NULL, 563, 31, 1, 331.2, 5);
INSERT INTO Order_Items (order_item_id, order_id, product_id, quantity, unit_price, discount) VALUES (NULL, 563, 24, 3, 330.4, 15);
INSERT INTO Payments (payment_id, order_id, payment_date, payment_method, amount, currency) VALUES (NULL, 563, '2025-04-16 09:12:18.577183', 'Debit Card', 2231.88, 'USD');
INSERT INTO Shipping (shipping_id, order_id, carrier, tracking_number, ship_date, delivery_date, status) VALUES (NULL, 563, 'DHL', 'TRK000563', '2025-04-25', '2025-03-19', 'Delivered');
INSERT INTO Orders (order_id, customer_id, order_date, status, shipping_address, total_amount) VALUES (564, 58, '2025-05-18 04:31:51.214653', 'Shipped', '780 Laura Locks Fordville, ME 01383', 757.06);
INSERT INTO Order_Items (order_item_id, order_id, product_id, quantity, unit_price, discount) VALUES (NULL, 564, 49, 1, 156.23, 10);
INSERT INTO Order_Items (order_item_id, order_id, product_id, quantity, unit_price, discount) VALUES (NULL, 564, 32, 3, 201.1, 15);
INSERT INTO Order_Items (order_item_id, order_id, product_id, quantity, unit_price, discount) VALUES (NULL, 564, 25, 1, 328.31, 5);
INSERT INTO Order_Items (order_item_id, order_id, product_id, quantity, unit_price, discount) VALUES (NULL, 564, 2, 3, 283.18, 10);
INSERT INTO Payments (payment_id, order_id, payment_date, payment_method, amount, currency) VALUES (NULL, 564, '2025-08-17 15:49:24.575868', 'PayPal', 757.06, 'USD');
INSERT INTO Shipping (shipping_id, order_id, carrier, tracking_number, ship_date, delivery_date, status) VALUES (NULL, 564, 'FedEx', 'TRK000564', '2025-03-11', '2025-07-23', 'Delivered');
INSERT INTO Orders (order_id, customer_id, order_date, status, shipping_address, total_amount) VALUES (565, 18, '2025-01-13 12:12:54.617306', 'Shipped', 'Unit 5966 Box 9331 DPO AE 65959', 1171.57);
INSERT INTO Order_Items (order_item_id, order_id, product_id, quantity, unit_price, discount) VALUES (NULL, 565, 38, 3, 299.09, 0);
INSERT INTO Order_Items (order_item_id, order_id, product_id, quantity, unit_price, discount) VALUES (NULL, 565, 37, 3, 66.6, 10);
INSERT INTO Order_Items (order_item_id, order_id, product_id, quantity, unit_price, discount) VALUES (NULL, 565, 23, 1, 197.39, 5);
INSERT INTO Order_Items (order_item_id, order_id, product_id, quantity, unit_price, discount) VALUES (NULL, 565, 6, 1, 250.4, 5);
INSERT INTO Payments (payment_id, order_id, payment_date, payment_method, amount, currency) VALUES (NULL, 565, '2025-06-12 14:47:36.318513', 'PayPal', 1171.57, 'USD');
INSERT INTO Shipping (shipping_id, order_id, carrier, tracking_number, ship_date, delivery_date, status) VALUES (NULL, 565, 'DHL', 'TRK000565', '2025-05-03', '2025-08-18', 'Delivered');
INSERT INTO Orders (order_id, customer_id, order_date, status, shipping_address, total_amount) VALUES (566, 31, '2025-07-07 15:26:33.685519', 'Shipped', '10834 Castillo Prairie West Albert, LA 68857', 2039.48);
INSERT INTO Order_Items (order_item_id, order_id, product_id, quantity, unit_price, discount) VALUES (NULL, 566, 49, 1, 154.65, 0);
INSERT INTO Order_Items (order_item_id, order_id, product_id, quantity, unit_price, discount) VALUES (NULL, 566, 2, 2, 479.33, 10);
INSERT INTO Order_Items (order_item_id, order_id, product_id, quantity, unit_price, discount) VALUES (NULL, 566, 31, 1, 394.0, 10);
INSERT INTO Order_Items (order_item_id, order_id, product_id, quantity, unit_price, discount) VALUES (NULL, 566, 34, 2, 469.66, 15);
INSERT INTO Payments (payment_id, order_id, payment_date, payment_method, amount, currency) VALUES (NULL, 566, '2025-07-26 10:36:44.436069', 'Credit Card', 2039.48, 'USD');
INSERT INTO Shipping (shipping_id, order_id, carrier, tracking_number, ship_date, delivery_date, status) VALUES (NULL, 566, 'DHL', 'TRK000566', '2025-05-07', '2025-02-09', 'Delivered');
INSERT INTO Orders (order_id, customer_id, order_date, status, shipping_address, total_amount) VALUES (567, 196, '2025-03-20 23:54:37.332997', 'Shipped', '07555 Norris Dam East Felicia, NE 54226', 1988.58);
INSERT INTO Order_Items (order_item_id, order_id, product_id, quantity, unit_price, discount) VALUES (NULL, 567, 43, 2, 382.83, 0);
INSERT INTO Order_Items (order_item_id, order_id, product_id, quantity, unit_price, discount) VALUES (NULL, 567, 25, 2, 22.18, 5);
INSERT INTO Payments (payment_id, order_id, payment_date, payment_method, amount, currency) VALUES (NULL, 567, '2025-03-12 09:31:20.053621', 'Debit Card', 1988.58, 'USD');
INSERT INTO Shipping (shipping_id, order_id, carrier, tracking_number, ship_date, delivery_date, status) VALUES (NULL, 567, 'FedEx', 'TRK000567', '2025-01-27', '2025-05-02', 'Delivered');
INSERT INTO Orders (order_id, customer_id, order_date, status, shipping_address, total_amount) VALUES (568, 64, '2025-02-08 05:05:37.434380', 'Shipped', '96340 Pacheco Ville Apt. 685 Ericshire, PA 15169', 2421.31);
INSERT INTO Order_Items (order_item_id, order_id, product_id, quantity, unit_price, discount) VALUES (NULL, 568, 46, 3, 420.66, 0);
INSERT INTO Order_Items (order_item_id, order_id, product_id, quantity, unit_price, discount) VALUES (NULL, 568, 39, 3, 186.18, 0);
INSERT INTO Order_Items (order_item_id, order_id, product_id, quantity, unit_price, discount) VALUES (NULL, 568, 13, 1, 432.11, 0);
INSERT INTO Payments (payment_id, order_id, payment_date, payment_method, amount, currency) VALUES (NULL, 568, '2025-01-20 04:00:13.372214', 'Debit Card', 2421.31, 'USD');
INSERT INTO Shipping (shipping_id, order_id, carrier, tracking_number, ship_date, delivery_date, status) VALUES (NULL, 568, 'FedEx', 'TRK000568', '2025-04-11', '2025-03-20', 'Delivered');
INSERT INTO Orders (order_id, customer_id, order_date, status, shipping_address, total_amount) VALUES (569, 155, '2025-01-26 05:39:53.685439', 'Shipped', '9670 Kristine Crest Apt. 876 Williamshire, CO 91892', 1901.18);
INSERT INTO Order_Items (order_item_id, order_id, product_id, quantity, unit_price, discount) VALUES (NULL, 569, 31, 3, 204.23, 10);
INSERT INTO Order_Items (order_item_id, order_id, product_id, quantity, unit_price, discount) VALUES (NULL, 569, 12, 1, 240.36, 10);
INSERT INTO Order_Items (order_item_id, order_id, product_id, quantity, unit_price, discount) VALUES (NULL, 569, 10, 1, 61.76, 15);
INSERT INTO Order_Items (order_item_id, order_id, product_id, quantity, unit_price, discount) VALUES (NULL, 569, 22, 1, 62.08, 10);
INSERT INTO Order_Items (order_item_id, order_id, product_id, quantity, unit_price, discount) VALUES (NULL, 569, 11, 1, 346.23, 10);
INSERT INTO Payments (payment_id, order_id, payment_date, payment_method, amount, currency) VALUES (NULL, 569, '2025-04-10 02:19:29.632631', 'Credit Card', 1901.18, 'USD');
INSERT INTO Shipping (shipping_id, order_id, carrier, tracking_number, ship_date, delivery_date, status) VALUES (NULL, 569, 'DHL', 'TRK000569', '2025-04-18', '2025-07-07', 'Delivered');
INSERT INTO Orders (order_id, customer_id, order_date, status, shipping_address, total_amount) VALUES (570, 186, '2025-01-29 19:52:30.977405', 'Shipped', '6121 Norman Gardens Wilsonburgh, NV 79815', 1442.19);
INSERT INTO Order_Items (order_item_id, order_id, product_id, quantity, unit_price, discount) VALUES (NULL, 570, 48, 2, 265.11, 15);
INSERT INTO Order_Items (order_item_id, order_id, product_id, quantity, unit_price, discount) VALUES (NULL, 570, 17, 1, 72.08, 5);
INSERT INTO Payments (payment_id, order_id, payment_date, payment_method, amount, currency) VALUES (NULL, 570, '2025-06-27 02:53:01.671610', 'PayPal', 1442.19, 'USD');
INSERT INTO Shipping (shipping_id, order_id, carrier, tracking_number, ship_date, delivery_date, status) VALUES (NULL, 570, 'FedEx', 'TRK000570', '2025-03-23', '2025-04-19', 'Delivered');
INSERT INTO Orders (order_id, customer_id, order_date, status, shipping_address, total_amount) VALUES (571, 15, '2025-04-02 18:24:27.610290', 'Shipped', '2767 Roger Springs Apt. 834 Burgessstad, AL 67243', 64.39);
INSERT INTO Order_Items (order_item_id, order_id, product_id, quantity, unit_price, discount) VALUES (NULL, 571, 11, 1, 197.23, 0);
INSERT INTO Order_Items (order_item_id, order_id, product_id, quantity, unit_price, discount) VALUES (NULL, 571, 43, 1, 290.66, 10);
INSERT INTO Payments (payment_id, order_id, payment_date, payment_method, amount, currency) VALUES (NULL, 571, '2025-08-27 02:44:16.187150', 'Credit Card', 64.39, 'USD');
INSERT INTO Shipping (shipping_id, order_id, carrier, tracking_number, ship_date, delivery_date, status) VALUES (NULL, 571, 'FedEx', 'TRK000571', '2025-04-11', '2025-04-04', 'Delivered');
INSERT INTO Orders (order_id, customer_id, order_date, status, shipping_address, total_amount) VALUES (572, 124, '2025-03-27 09:30:59.245879', 'Shipped', '95796 Mendoza Meadows Susanport, NY 71834', 745.45);
INSERT INTO Order_Items (order_item_id, order_id, product_id, quantity, unit_price, discount) VALUES (NULL, 572, 21, 1, 146.05, 0);
INSERT INTO Payments (payment_id, order_id, payment_date, payment_method, amount, currency) VALUES (NULL, 572, '2025-01-07 00:41:04.128608', 'PayPal', 745.45, 'USD');
INSERT INTO Shipping (shipping_id, order_id, carrier, tracking_number, ship_date, delivery_date, status) VALUES (NULL, 572, 'UPS', 'TRK000572', '2025-03-01', '2025-06-22', 'Delivered');
INSERT INTO Orders (order_id, customer_id, order_date, status, shipping_address, total_amount) VALUES (573, 104, '2025-08-24 06:17:22.050819', 'Shipped', '16548 Mark Ferry Turnershire, DE 01966', 2709.97);
INSERT INTO Order_Items (order_item_id, order_id, product_id, quantity, unit_price, discount) VALUES (NULL, 573, 37, 2, 405.25, 15);
INSERT INTO Order_Items (order_item_id, order_id, product_id, quantity, unit_price, discount) VALUES (NULL, 573, 4, 3, 239.98, 15);
INSERT INTO Order_Items (order_item_id, order_id, product_id, quantity, unit_price, discount) VALUES (NULL, 573, 29, 1, 163.62, 0);
INSERT INTO Order_Items (order_item_id, order_id, product_id, quantity, unit_price, discount) VALUES (NULL, 573, 49, 2, 395.3, 0);
INSERT INTO Payments (payment_id, order_id, payment_date, payment_method, amount, currency) VALUES (NULL, 573, '2025-06-16 17:30:59.119691', 'Debit Card', 2709.97, 'USD');
INSERT INTO Shipping (shipping_id, order_id, carrier, tracking_number, ship_date, delivery_date, status) VALUES (NULL, 573, 'DHL', 'TRK000573', '2025-02-14', '2025-08-21', 'Delivered');
INSERT INTO Orders (order_id, customer_id, order_date, status, shipping_address, total_amount) VALUES (574, 20, '2025-06-30 20:47:21.231157', 'Shipped', '31659 Jenkins Ways Suite 599 Aprilhaven, MI 63103', 2377.83);
INSERT INTO Order_Items (order_item_id, order_id, product_id, quantity, unit_price, discount) VALUES (NULL, 574, 17, 1, 370.68, 5);
INSERT INTO Order_Items (order_item_id, order_id, product_id, quantity, unit_price, discount) VALUES (NULL, 574, 32, 3, 241.81, 15);
INSERT INTO Order_Items (order_item_id, order_id, product_id, quantity, unit_price, discount) VALUES (NULL, 574, 45, 2, 121.64, 15);
INSERT INTO Payments (payment_id, order_id, payment_date, payment_method, amount, currency) VALUES (NULL, 574, '2025-05-05 18:57:25.262750', 'PayPal', 2377.83, 'USD');
INSERT INTO Shipping (shipping_id, order_id, carrier, tracking_number, ship_date, delivery_date, status) VALUES (NULL, 574, 'DHL', 'TRK000574', '2025-06-08', '2025-07-22', 'Delivered');
INSERT INTO Orders (order_id, customer_id, order_date, status, shipping_address, total_amount) VALUES (575, 37, '2025-01-07 01:42:43.767567', 'Shipped', '5217 Elizabeth Garden West Stephanie, DC 37085', 1283.14);
INSERT INTO Order_Items (order_item_id, order_id, product_id, quantity, unit_price, discount) VALUES (NULL, 575, 1, 3, 473.61, 15);
INSERT INTO Order_Items (order_item_id, order_id, product_id, quantity, unit_price, discount) VALUES (NULL, 575, 45, 2, 364.07, 15);
INSERT INTO Payments (payment_id, order_id, payment_date, payment_method, amount, currency) VALUES (NULL, 575, '2025-03-25 00:01:27.287358', 'Debit Card', 1283.14, 'USD');
INSERT INTO Shipping (shipping_id, order_id, carrier, tracking_number, ship_date, delivery_date, status) VALUES (NULL, 575, 'DHL', 'TRK000575', '2025-08-24', '2025-02-26', 'Delivered');
INSERT INTO Orders (order_id, customer_id, order_date, status, shipping_address, total_amount) VALUES (576, 195, '2025-05-08 23:24:24.395316', 'Shipped', '0475 Hamilton Junction Apt. 884 Kevinview, AS 37963', 1532.9);
INSERT INTO Order_Items (order_item_id, order_id, product_id, quantity, unit_price, discount) VALUES (NULL, 576, 10, 2, 133.02, 10);
INSERT INTO Order_Items (order_item_id, order_id, product_id, quantity, unit_price, discount) VALUES (NULL, 576, 41, 3, 33.66, 0);
INSERT INTO Order_Items (order_item_id, order_id, product_id, quantity, unit_price, discount) VALUES (NULL, 576, 34, 1, 30.18, 0);
INSERT INTO Order_Items (order_item_id, order_id, product_id, quantity, unit_price, discount) VALUES (NULL, 576, 42, 2, 10.53, 10);
INSERT INTO Order_Items (order_item_id, order_id, product_id, quantity, unit_price, discount) VALUES (NULL, 576, 31, 2, 317.15, 15);
INSERT INTO Payments (payment_id, order_id, payment_date, payment_method, amount, currency) VALUES (NULL, 576, '2025-02-03 03:37:41.668537', 'PayPal', 1532.9, 'USD');
INSERT INTO Shipping (shipping_id, order_id, carrier, tracking_number, ship_date, delivery_date, status) VALUES (NULL, 576, 'FedEx', 'TRK000576', '2025-07-18', '2025-03-29', 'Delivered');
INSERT INTO Orders (order_id, customer_id, order_date, status, shipping_address, total_amount) VALUES (577, 166, '2025-01-13 09:31:11.263056', 'Shipped', '370 Barrett Estate Suite 926 East Angela, NE 18088', 2877.17);
INSERT INTO Order_Items (order_item_id, order_id, product_id, quantity, unit_price, discount) VALUES (NULL, 577, 40, 1, 229.6, 5);
INSERT INTO Order_Items (order_item_id, order_id, product_id, quantity, unit_price, discount) VALUES (NULL, 577, 21, 3, 414.27, 15);
INSERT INTO Order_Items (order_item_id, order_id, product_id, quantity, unit_price, discount) VALUES (NULL, 577, 34, 3, 333.89, 0);
INSERT INTO Order_Items (order_item_id, order_id, product_id, quantity, unit_price, discount) VALUES (NULL, 577, 4, 2, 209.04, 15);
INSERT INTO Payments (payment_id, order_id, payment_date, payment_method, amount, currency) VALUES (NULL, 577, '2025-08-17 20:42:26.025016', 'Debit Card', 2877.17, 'USD');
INSERT INTO Shipping (shipping_id, order_id, carrier, tracking_number, ship_date, delivery_date, status) VALUES (NULL, 577, 'FedEx', 'TRK000577', '2025-06-04', '2025-01-14', 'Delivered');
INSERT INTO Orders (order_id, customer_id, order_date, status, shipping_address, total_amount) VALUES (578, 169, '2025-01-22 18:38:17.688491', 'Shipped', '93890 Hernandez Ramp Diaztown, MS 15866', 605.86);
INSERT INTO Order_Items (order_item_id, order_id, product_id, quantity, unit_price, discount) VALUES (NULL, 578, 45, 3, 189.56, 0);
INSERT INTO Order_Items (order_item_id, order_id, product_id, quantity, unit_price, discount) VALUES (NULL, 578, 20, 1, 404.09, 15);
INSERT INTO Payments (payment_id, order_id, payment_date, payment_method, amount, currency) VALUES (NULL, 578, '2025-03-17 10:03:24.355775', 'Debit Card', 605.86, 'USD');
INSERT INTO Shipping (shipping_id, order_id, carrier, tracking_number, ship_date, delivery_date, status) VALUES (NULL, 578, 'FedEx', 'TRK000578', '2025-07-06', '2025-02-01', 'Delivered');
INSERT INTO Orders (order_id, customer_id, order_date, status, shipping_address, total_amount) VALUES (579, 91, '2025-07-12 00:12:34.985098', 'Shipped', '195 Ramirez Expressway Port Jessicamouth, MP 15560', 2869.6);
INSERT INTO Order_Items (order_item_id, order_id, product_id, quantity, unit_price, discount) VALUES (NULL, 579, 8, 3, 61.73, 5);
INSERT INTO Order_Items (order_item_id, order_id, product_id, quantity, unit_price, discount) VALUES (NULL, 579, 6, 2, 201.56, 10);
INSERT INTO Order_Items (order_item_id, order_id, product_id, quantity, unit_price, discount) VALUES (NULL, 579, 44, 2, 335.46, 10);
INSERT INTO Order_Items (order_item_id, order_id, product_id, quantity, unit_price, discount) VALUES (NULL, 579, 39, 2, 398.96, 15);
INSERT INTO Order_Items (order_item_id, order_id, product_id, quantity, unit_price, discount) VALUES (NULL, 579, 49, 1, 405.31, 10);
INSERT INTO Payments (payment_id, order_id, payment_date, payment_method, amount, currency) VALUES (NULL, 579, '2025-06-12 23:58:33.896627', 'PayPal', 2869.6, 'USD');
INSERT INTO Shipping (shipping_id, order_id, carrier, tracking_number, ship_date, delivery_date, status) VALUES (NULL, 579, 'DHL', 'TRK000579', '2025-05-26', '2025-05-06', 'Delivered');
INSERT INTO Orders (order_id, customer_id, order_date, status, shipping_address, total_amount) VALUES (580, 77, '2025-01-28 09:07:38.365375', 'Shipped', '54353 Debra Shore Apt. 766 West Juan, PW 26930', 1412.25);
INSERT INTO Order_Items (order_item_id, order_id, product_id, quantity, unit_price, discount) VALUES (NULL, 580, 50, 2, 431.92, 5);
INSERT INTO Order_Items (order_item_id, order_id, product_id, quantity, unit_price, discount) VALUES (NULL, 580, 26, 2, 206.1, 0);
INSERT INTO Order_Items (order_item_id, order_id, product_id, quantity, unit_price, discount) VALUES (NULL, 580, 14, 3, 59.96, 5);
INSERT INTO Payments (payment_id, order_id, payment_date, payment_method, amount, currency) VALUES (NULL, 580, '2025-08-09 19:41:48.131761', 'PayPal', 1412.25, 'USD');
INSERT INTO Shipping (shipping_id, order_id, carrier, tracking_number, ship_date, delivery_date, status) VALUES (NULL, 580, 'DHL', 'TRK000580', '2025-05-04', '2025-04-18', 'Delivered');
INSERT INTO Orders (order_id, customer_id, order_date, status, shipping_address, total_amount) VALUES (581, 197, '2025-01-02 02:25:51.051449', 'Shipped', '2262 Welch Ranch Suite 456 Lake Laurafurt, AR 34478', 1934.66);
INSERT INTO Order_Items (order_item_id, order_id, product_id, quantity, unit_price, discount) VALUES (NULL, 581, 17, 2, 102.64, 0);
INSERT INTO Payments (payment_id, order_id, payment_date, payment_method, amount, currency) VALUES (NULL, 581, '2025-06-19 14:30:06.582262', 'Debit Card', 1934.66, 'USD');
INSERT INTO Shipping (shipping_id, order_id, carrier, tracking_number, ship_date, delivery_date, status) VALUES (NULL, 581, 'FedEx', 'TRK000581', '2025-07-08', '2025-04-02', 'Delivered');
INSERT INTO Orders (order_id, customer_id, order_date, status, shipping_address, total_amount) VALUES (582, 105, '2025-07-10 19:13:00.008727', 'Shipped', '482 Mcmillan Ways Suite 079 New Edwardborough, VT 11378', 2710.98);
INSERT INTO Order_Items (order_item_id, order_id, product_id, quantity, unit_price, discount) VALUES (NULL, 582, 24, 3, 180.55, 5);
INSERT INTO Payments (payment_id, order_id, payment_date, payment_method, amount, currency) VALUES (NULL, 582, '2025-05-17 05:46:53.719696', 'Debit Card', 2710.98, 'USD');
INSERT INTO Shipping (shipping_id, order_id, carrier, tracking_number, ship_date, delivery_date, status) VALUES (NULL, 582, 'UPS', 'TRK000582', '2025-08-09', '2025-04-14', 'Delivered');
INSERT INTO Orders (order_id, customer_id, order_date, status, shipping_address, total_amount) VALUES (583, 19, '2025-05-22 10:32:14.266551', 'Shipped', 'USNV Bennett FPO AA 85441', 871.38);
INSERT INTO Order_Items (order_item_id, order_id, product_id, quantity, unit_price, discount) VALUES (NULL, 583, 49, 3, 311.04, 5);
INSERT INTO Order_Items (order_item_id, order_id, product_id, quantity, unit_price, discount) VALUES (NULL, 583, 29, 1, 409.42, 5);
INSERT INTO Order_Items (order_item_id, order_id, product_id, quantity, unit_price, discount) VALUES (NULL, 583, 2, 3, 237.73, 15);
INSERT INTO Order_Items (order_item_id, order_id, product_id, quantity, unit_price, discount) VALUES (NULL, 583, 2, 3, 175.77, 5);
INSERT INTO Order_Items (order_item_id, order_id, product_id, quantity, unit_price, discount) VALUES (NULL, 583, 40, 2, 388.03, 15);
INSERT INTO Payments (payment_id, order_id, payment_date, payment_method, amount, currency) VALUES (NULL, 583, '2025-05-11 19:54:18.491870', 'PayPal', 871.38, 'USD');
INSERT INTO Shipping (shipping_id, order_id, carrier, tracking_number, ship_date, delivery_date, status) VALUES (NULL, 583, 'DHL', 'TRK000583', '2025-07-30', '2025-01-03', 'Delivered');
INSERT INTO Orders (order_id, customer_id, order_date, status, shipping_address, total_amount) VALUES (584, 109, '2025-03-05 15:48:29.780491', 'Shipped', '209 Amanda Fork Port Kimberlyton, AK 46427', 1390.93);
INSERT INTO Order_Items (order_item_id, order_id, product_id, quantity, unit_price, discount) VALUES (NULL, 584, 49, 1, 285.45, 10);
INSERT INTO Payments (payment_id, order_id, payment_date, payment_method, amount, currency) VALUES (NULL, 584, '2025-07-19 00:41:14.960921', 'Credit Card', 1390.93, 'USD');
INSERT INTO Shipping (shipping_id, order_id, carrier, tracking_number, ship_date, delivery_date, status) VALUES (NULL, 584, 'FedEx', 'TRK000584', '2025-05-25', '2025-03-03', 'Delivered');
INSERT INTO Orders (order_id, customer_id, order_date, status, shipping_address, total_amount) VALUES (585, 191, '2025-03-10 00:50:46.936098', 'Shipped', '11985 Kyle Trace South Jason, WY 98444', 1259.86);
INSERT INTO Order_Items (order_item_id, order_id, product_id, quantity, unit_price, discount) VALUES (NULL, 585, 28, 2, 139.48, 5);
INSERT INTO Payments (payment_id, order_id, payment_date, payment_method, amount, currency) VALUES (NULL, 585, '2025-06-04 03:30:41.597028', 'PayPal', 1259.86, 'USD');
INSERT INTO Shipping (shipping_id, order_id, carrier, tracking_number, ship_date, delivery_date, status) VALUES (NULL, 585, 'FedEx', 'TRK000585', '2025-04-27', '2025-05-07', 'Delivered');
INSERT INTO Orders (order_id, customer_id, order_date, status, shipping_address, total_amount) VALUES (586, 164, '2025-04-04 16:33:21.327110', 'Shipped', '99311 Oliver Plaza New Aaron, IA 29703', 2532.46);
INSERT INTO Order_Items (order_item_id, order_id, product_id, quantity, unit_price, discount) VALUES (NULL, 586, 45, 2, 164.23, 5);
INSERT INTO Order_Items (order_item_id, order_id, product_id, quantity, unit_price, discount) VALUES (NULL, 586, 5, 1, 496.3, 5);
INSERT INTO Order_Items (order_item_id, order_id, product_id, quantity, unit_price, discount) VALUES (NULL, 586, 1, 2, 438.03, 10);
INSERT INTO Payments (payment_id, order_id, payment_date, payment_method, amount, currency) VALUES (NULL, 586, '2025-02-11 05:24:32.970599', 'PayPal', 2532.46, 'USD');
INSERT INTO Shipping (shipping_id, order_id, carrier, tracking_number, ship_date, delivery_date, status) VALUES (NULL, 586, 'DHL', 'TRK000586', '2025-04-20', '2025-08-18', 'Delivered');
INSERT INTO Orders (order_id, customer_id, order_date, status, shipping_address, total_amount) VALUES (587, 46, '2025-01-30 03:37:00.779521', 'Shipped', '070 Zachary Club Suite 432 North Amy, NJ 24623', 1494.54);
INSERT INTO Order_Items (order_item_id, order_id, product_id, quantity, unit_price, discount) VALUES (NULL, 587, 12, 2, 297.59, 10);
INSERT INTO Order_Items (order_item_id, order_id, product_id, quantity, unit_price, discount) VALUES (NULL, 587, 45, 3, 208.65, 0);
INSERT INTO Payments (payment_id, order_id, payment_date, payment_method, amount, currency) VALUES (NULL, 587, '2025-02-26 13:54:05.163753', 'PayPal', 1494.54, 'USD');
INSERT INTO Shipping (shipping_id, order_id, carrier, tracking_number, ship_date, delivery_date, status) VALUES (NULL, 587, 'FedEx', 'TRK000587', '2025-01-15', '2025-07-09', 'Delivered');
INSERT INTO Orders (order_id, customer_id, order_date, status, shipping_address, total_amount) VALUES (588, 130, '2025-04-04 20:41:58.343684', 'Shipped', '86049 Johnson Lock East Angelland, MH 50571', 2641.63);
INSERT INTO Order_Items (order_item_id, order_id, product_id, quantity, unit_price, discount) VALUES (NULL, 588, 31, 2, 145.86, 5);
INSERT INTO Order_Items (order_item_id, order_id, product_id, quantity, unit_price, discount) VALUES (NULL, 588, 47, 1, 298.63, 0);
INSERT INTO Order_Items (order_item_id, order_id, product_id, quantity, unit_price, discount) VALUES (NULL, 588, 9, 3, 227.34, 10);
INSERT INTO Order_Items (order_item_id, order_id, product_id, quantity, unit_price, discount) VALUES (NULL, 588, 33, 3, 337.4, 15);
INSERT INTO Order_Items (order_item_id, order_id, product_id, quantity, unit_price, discount) VALUES (NULL, 588, 30, 3, 412.59, 0);
INSERT INTO Payments (payment_id, order_id, payment_date, payment_method, amount, currency) VALUES (NULL, 588, '2025-07-14 00:33:22.724493', 'Debit Card', 2641.63, 'USD');
INSERT INTO Shipping (shipping_id, order_id, carrier, tracking_number, ship_date, delivery_date, status) VALUES (NULL, 588, 'UPS', 'TRK000588', '2025-04-04', '2025-03-16', 'Delivered');
INSERT INTO Orders (order_id, customer_id, order_date, status, shipping_address, total_amount) VALUES (589, 60, '2025-07-05 07:19:55.010283', 'Shipped', 'USCGC Jones FPO AE 64591', 1547.82);
INSERT INTO Order_Items (order_item_id, order_id, product_id, quantity, unit_price, discount) VALUES (NULL, 589, 45, 1, 240.33, 10);
INSERT INTO Order_Items (order_item_id, order_id, product_id, quantity, unit_price, discount) VALUES (NULL, 589, 9, 1, 358.48, 0);
INSERT INTO Payments (payment_id, order_id, payment_date, payment_method, amount, currency) VALUES (NULL, 589, '2025-02-23 18:03:01.756270', 'Credit Card', 1547.82, 'USD');
INSERT INTO Shipping (shipping_id, order_id, carrier, tracking_number, ship_date, delivery_date, status) VALUES (NULL, 589, 'UPS', 'TRK000589', '2025-06-23', '2025-09-02', 'Delivered');
INSERT INTO Orders (order_id, customer_id, order_date, status, shipping_address, total_amount) VALUES (590, 11, '2025-01-19 00:41:49.790292', 'Shipped', '480 Daniels Rapid Edwardport, ID 81086', 1302.85);
INSERT INTO Order_Items (order_item_id, order_id, product_id, quantity, unit_price, discount) VALUES (NULL, 590, 21, 3, 333.97, 10);
INSERT INTO Order_Items (order_item_id, order_id, product_id, quantity, unit_price, discount) VALUES (NULL, 590, 5, 2, 197.45, 15);
INSERT INTO Order_Items (order_item_id, order_id, product_id, quantity, unit_price, discount) VALUES (NULL, 590, 9, 1, 479.52, 5);
INSERT INTO Order_Items (order_item_id, order_id, product_id, quantity, unit_price, discount) VALUES (NULL, 590, 19, 3, 101.49, 0);
INSERT INTO Payments (payment_id, order_id, payment_date, payment_method, amount, currency) VALUES (NULL, 590, '2025-04-29 20:53:23.535453', 'PayPal', 1302.85, 'USD');
INSERT INTO Shipping (shipping_id, order_id, carrier, tracking_number, ship_date, delivery_date, status) VALUES (NULL, 590, 'DHL', 'TRK000590', '2025-04-10', '2025-05-28', 'Delivered');
INSERT INTO Orders (order_id, customer_id, order_date, status, shipping_address, total_amount) VALUES (591, 181, '2025-04-02 03:12:07.133594', 'Shipped', '45569 Bird Expressway Suite 216 Lake Steven, VI 77072', 161.69);
INSERT INTO Order_Items (order_item_id, order_id, product_id, quantity, unit_price, discount) VALUES (NULL, 591, 13, 2, 264.0, 10);
INSERT INTO Order_Items (order_item_id, order_id, product_id, quantity, unit_price, discount) VALUES (NULL, 591, 17, 3, 196.26, 0);
INSERT INTO Order_Items (order_item_id, order_id, product_id, quantity, unit_price, discount) VALUES (NULL, 591, 4, 2, 364.67, 10);
INSERT INTO Order_Items (order_item_id, order_id, product_id, quantity, unit_price, discount) VALUES (NULL, 591, 50, 3, 172.64, 0);
INSERT INTO Order_Items (order_item_id, order_id, product_id, quantity, unit_price, discount) VALUES (NULL, 591, 18, 2, 181.67, 10);
INSERT INTO Payments (payment_id, order_id, payment_date, payment_method, amount, currency) VALUES (NULL, 591, '2025-01-07 00:54:34.812358', 'PayPal', 161.69, 'USD');
INSERT INTO Shipping (shipping_id, order_id, carrier, tracking_number, ship_date, delivery_date, status) VALUES (NULL, 591, 'UPS', 'TRK000591', '2025-06-18', '2025-07-18', 'Delivered');
INSERT INTO Orders (order_id, customer_id, order_date, status, shipping_address, total_amount) VALUES (592, 41, '2025-05-03 01:30:23.468382', 'Shipped', 'USS Rodriguez FPO AA 42850', 593.67);
INSERT INTO Order_Items (order_item_id, order_id, product_id, quantity, unit_price, discount) VALUES (NULL, 592, 3, 3, 50.71, 10);
INSERT INTO Payments (payment_id, order_id, payment_date, payment_method, amount, currency) VALUES (NULL, 592, '2025-04-16 13:32:40.075454', 'Debit Card', 593.67, 'USD');
INSERT INTO Shipping (shipping_id, order_id, carrier, tracking_number, ship_date, delivery_date, status) VALUES (NULL, 592, 'DHL', 'TRK000592', '2025-05-23', '2025-08-04', 'Delivered');
INSERT INTO Orders (order_id, customer_id, order_date, status, shipping_address, total_amount) VALUES (593, 53, '2025-05-26 06:06:31.462617', 'Shipped', '4017 Christine Turnpike Suite 351 Chelseaton, MS 99024', 54.65);
INSERT INTO Order_Items (order_item_id, order_id, product_id, quantity, unit_price, discount) VALUES (NULL, 593, 46, 3, 437.08, 0);
INSERT INTO Order_Items (order_item_id, order_id, product_id, quantity, unit_price, discount) VALUES (NULL, 593, 15, 2, 213.14, 10);
INSERT INTO Order_Items (order_item_id, order_id, product_id, quantity, unit_price, discount) VALUES (NULL, 593, 2, 3, 494.24, 15);
INSERT INTO Order_Items (order_item_id, order_id, product_id, quantity, unit_price, discount) VALUES (NULL, 593, 49, 3, 152.46, 0);
INSERT INTO Payments (payment_id, order_id, payment_date, payment_method, amount, currency) VALUES (NULL, 593, '2025-08-13 21:55:29.321558', 'PayPal', 54.65, 'USD');
INSERT INTO Shipping (shipping_id, order_id, carrier, tracking_number, ship_date, delivery_date, status) VALUES (NULL, 593, 'FedEx', 'TRK000593', '2025-06-23', '2025-05-14', 'Delivered');
INSERT INTO Orders (order_id, customer_id, order_date, status, shipping_address, total_amount) VALUES (594, 181, '2025-05-03 12:10:47.524743', 'Shipped', '219 David Haven South Karen, AZ 67509', 2978.16);
INSERT INTO Order_Items (order_item_id, order_id, product_id, quantity, unit_price, discount) VALUES (NULL, 594, 17, 2, 366.83, 15);
INSERT INTO Order_Items (order_item_id, order_id, product_id, quantity, unit_price, discount) VALUES (NULL, 594, 44, 2, 87.04, 10);
INSERT INTO Order_Items (order_item_id, order_id, product_id, quantity, unit_price, discount) VALUES (NULL, 594, 20, 2, 307.03, 0);
INSERT INTO Payments (payment_id, order_id, payment_date, payment_method, amount, currency) VALUES (NULL, 594, '2025-04-20 01:11:52.680227', 'Debit Card', 2978.16, 'USD');
INSERT INTO Shipping (shipping_id, order_id, carrier, tracking_number, ship_date, delivery_date, status) VALUES (NULL, 594, 'FedEx', 'TRK000594', '2025-04-08', '2025-04-04', 'Delivered');
INSERT INTO Orders (order_id, customer_id, order_date, status, shipping_address, total_amount) VALUES (595, 116, '2025-05-06 03:55:03.783111', 'Shipped', '0353 Denise Villages Suite 780 South Daniellechester, DC 42207', 2193.13);
INSERT INTO Order_Items (order_item_id, order_id, product_id, quantity, unit_price, discount) VALUES (NULL, 595, 32, 2, 162.89, 0);
INSERT INTO Order_Items (order_item_id, order_id, product_id, quantity, unit_price, discount) VALUES (NULL, 595, 42, 2, 468.17, 10);
INSERT INTO Payments (payment_id, order_id, payment_date, payment_method, amount, currency) VALUES (NULL, 595, '2025-08-02 16:22:42.592445', 'Debit Card', 2193.13, 'USD');
INSERT INTO Shipping (shipping_id, order_id, carrier, tracking_number, ship_date, delivery_date, status) VALUES (NULL, 595, 'DHL', 'TRK000595', '2025-04-21', '2025-07-23', 'Delivered');
INSERT INTO Orders (order_id, customer_id, order_date, status, shipping_address, total_amount) VALUES (596, 84, '2025-01-02 05:12:01.320153', 'Shipped', '183 Nelson Forge North Christiemouth, TX 33569', 1167.54);
INSERT INTO Order_Items (order_item_id, order_id, product_id, quantity, unit_price, discount) VALUES (NULL, 596, 15, 1, 209.35, 15);
INSERT INTO Order_Items (order_item_id, order_id, product_id, quantity, unit_price, discount) VALUES (NULL, 596, 4, 1, 54.97, 5);
INSERT INTO Order_Items (order_item_id, order_id, product_id, quantity, unit_price, discount) VALUES (NULL, 596, 50, 3, 196.36, 15);
INSERT INTO Payments (payment_id, order_id, payment_date, payment_method, amount, currency) VALUES (NULL, 596, '2025-03-20 04:44:00.764001', 'Credit Card', 1167.54, 'USD');
INSERT INTO Shipping (shipping_id, order_id, carrier, tracking_number, ship_date, delivery_date, status) VALUES (NULL, 596, 'UPS', 'TRK000596', '2025-08-15', '2025-01-15', 'Delivered');
INSERT INTO Orders (order_id, customer_id, order_date, status, shipping_address, total_amount) VALUES (597, 102, '2025-06-26 07:28:07.795219', 'Shipped', '270 Katherine Forge Suite 688 East Laura, MI 11402', 1266.95);
INSERT INTO Order_Items (order_item_id, order_id, product_id, quantity, unit_price, discount) VALUES (NULL, 597, 20, 2, 347.7, 10);
INSERT INTO Order_Items (order_item_id, order_id, product_id, quantity, unit_price, discount) VALUES (NULL, 597, 46, 1, 319.73, 0);
INSERT INTO Order_Items (order_item_id, order_id, product_id, quantity, unit_price, discount) VALUES (NULL, 597, 6, 2, 59.49, 0);
INSERT INTO Order_Items (order_item_id, order_id, product_id, quantity, unit_price, discount) VALUES (NULL, 597, 14, 2, 353.15, 10);
INSERT INTO Payments (payment_id, order_id, payment_date, payment_method, amount, currency) VALUES (NULL, 597, '2025-04-22 00:24:54.181433', 'Credit Card', 1266.95, 'USD');
INSERT INTO Shipping (shipping_id, order_id, carrier, tracking_number, ship_date, delivery_date, status) VALUES (NULL, 597, 'FedEx', 'TRK000597', '2025-02-14', '2025-05-12', 'Delivered');
INSERT INTO Orders (order_id, customer_id, order_date, status, shipping_address, total_amount) VALUES (598, 69, '2025-02-13 08:46:11.752903', 'Shipped', 'Unit 3456 Box 8175 DPO AP 54356', 648.59);
INSERT INTO Order_Items (order_item_id, order_id, product_id, quantity, unit_price, discount) VALUES (NULL, 598, 48, 1, 120.99, 0);
INSERT INTO Order_Items (order_item_id, order_id, product_id, quantity, unit_price, discount) VALUES (NULL, 598, 6, 2, 413.69, 0);
INSERT INTO Order_Items (order_item_id, order_id, product_id, quantity, unit_price, discount) VALUES (NULL, 598, 38, 1, 49.14, 0);
INSERT INTO Order_Items (order_item_id, order_id, product_id, quantity, unit_price, discount) VALUES (NULL, 598, 29, 1, 18.44, 10);
INSERT INTO Payments (payment_id, order_id, payment_date, payment_method, amount, currency) VALUES (NULL, 598, '2025-03-03 07:18:30.613442', 'PayPal', 648.59, 'USD');
INSERT INTO Shipping (shipping_id, order_id, carrier, tracking_number, ship_date, delivery_date, status) VALUES (NULL, 598, 'FedEx', 'TRK000598', '2025-07-17', '2025-03-24', 'Delivered');
INSERT INTO Orders (order_id, customer_id, order_date, status, shipping_address, total_amount) VALUES (599, 171, '2025-09-03 17:04:35.021483', 'Shipped', '2364 Jason Route Morrismouth, NJ 26291', 686.47);
INSERT INTO Order_Items (order_item_id, order_id, product_id, quantity, unit_price, discount) VALUES (NULL, 599, 33, 1, 12.64, 0);
INSERT INTO Order_Items (order_item_id, order_id, product_id, quantity, unit_price, discount) VALUES (NULL, 599, 9, 2, 367.59, 5);
INSERT INTO Order_Items (order_item_id, order_id, product_id, quantity, unit_price, discount) VALUES (NULL, 599, 43, 3, 242.58, 15);
INSERT INTO Order_Items (order_item_id, order_id, product_id, quantity, unit_price, discount) VALUES (NULL, 599, 28, 3, 134.63, 10);
INSERT INTO Payments (payment_id, order_id, payment_date, payment_method, amount, currency) VALUES (NULL, 599, '2025-06-05 13:32:19.102844', 'Debit Card', 686.47, 'USD');
INSERT INTO Shipping (shipping_id, order_id, carrier, tracking_number, ship_date, delivery_date, status) VALUES (NULL, 599, 'DHL', 'TRK000599', '2025-01-11', '2025-06-02', 'Delivered');
INSERT INTO Orders (order_id, customer_id, order_date, status, shipping_address, total_amount) VALUES (600, 55, '2025-07-16 14:01:05.650725', 'Shipped', '65130 Rebekah Fords Johnhaven, UT 63657', 835.63);
INSERT INTO Order_Items (order_item_id, order_id, product_id, quantity, unit_price, discount) VALUES (NULL, 600, 4, 3, 173.49, 0);
INSERT INTO Order_Items (order_item_id, order_id, product_id, quantity, unit_price, discount) VALUES (NULL, 600, 47, 2, 327.0, 0);
INSERT INTO Order_Items (order_item_id, order_id, product_id, quantity, unit_price, discount) VALUES (NULL, 600, 31, 3, 257.01, 15);
INSERT INTO Payments (payment_id, order_id, payment_date, payment_method, amount, currency) VALUES (NULL, 600, '2025-07-28 16:59:07.930381', 'PayPal', 835.63, 'USD');
INSERT INTO Shipping (shipping_id, order_id, carrier, tracking_number, ship_date, delivery_date, status) VALUES (NULL, 600, 'DHL', 'TRK000600', '2025-03-30', '2025-06-27', 'Delivered');
INSERT INTO Orders (order_id, customer_id, order_date, status, shipping_address, total_amount) VALUES (601, 83, '2025-01-30 01:28:17.115836', 'Shipped', '57207 Julie Corners Stevenland, MA 23787', 706.08);
INSERT INTO Order_Items (order_item_id, order_id, product_id, quantity, unit_price, discount) VALUES (NULL, 601, 22, 2, 70.27, 5);
INSERT INTO Order_Items (order_item_id, order_id, product_id, quantity, unit_price, discount) VALUES (NULL, 601, 15, 3, 279.1, 15);
INSERT INTO Order_Items (order_item_id, order_id, product_id, quantity, unit_price, discount) VALUES (NULL, 601, 23, 3, 65.82, 0);
INSERT INTO Payments (payment_id, order_id, payment_date, payment_method, amount, currency) VALUES (NULL, 601, '2025-03-06 19:55:32.803633', 'PayPal', 706.08, 'USD');
INSERT INTO Shipping (shipping_id, order_id, carrier, tracking_number, ship_date, delivery_date, status) VALUES (NULL, 601, 'DHL', 'TRK000601', '2025-01-10', '2025-08-03', 'Delivered');
INSERT INTO Orders (order_id, customer_id, order_date, status, shipping_address, total_amount) VALUES (602, 188, '2025-08-26 21:33:09.137723', 'Shipped', '2931 Lawrence Landing Apt. 548 Nicoleburgh, VI 98967', 678.9);
INSERT INTO Order_Items (order_item_id, order_id, product_id, quantity, unit_price, discount) VALUES (NULL, 602, 4, 1, 444.24, 5);
INSERT INTO Order_Items (order_item_id, order_id, product_id, quantity, unit_price, discount) VALUES (NULL, 602, 28, 2, 197.87, 15);
INSERT INTO Order_Items (order_item_id, order_id, product_id, quantity, unit_price, discount) VALUES (NULL, 602, 13, 2, 196.03, 15);
INSERT INTO Order_Items (order_item_id, order_id, product_id, quantity, unit_price, discount) VALUES (NULL, 602, 42, 2, 185.56, 15);
INSERT INTO Payments (payment_id, order_id, payment_date, payment_method, amount, currency) VALUES (NULL, 602, '2025-03-30 04:18:34.694903', 'Debit Card', 678.9, 'USD');
INSERT INTO Shipping (shipping_id, order_id, carrier, tracking_number, ship_date, delivery_date, status) VALUES (NULL, 602, 'FedEx', 'TRK000602', '2025-07-25', '2025-02-24', 'Delivered');
INSERT INTO Orders (order_id, customer_id, order_date, status, shipping_address, total_amount) VALUES (603, 194, '2025-06-09 00:41:58.241449', 'Shipped', '5917 Jason Forges Apt. 055 Jenniferton, VT 85017', 2557.71);
INSERT INTO Order_Items (order_item_id, order_id, product_id, quantity, unit_price, discount) VALUES (NULL, 603, 47, 3, 271.05, 15);
INSERT INTO Payments (payment_id, order_id, payment_date, payment_method, amount, currency) VALUES (NULL, 603, '2025-08-30 16:33:08.322616', 'Credit Card', 2557.71, 'USD');
INSERT INTO Shipping (shipping_id, order_id, carrier, tracking_number, ship_date, delivery_date, status) VALUES (NULL, 603, 'UPS', 'TRK000603', '2025-07-01', '2025-04-01', 'Delivered');
INSERT INTO Orders (order_id, customer_id, order_date, status, shipping_address, total_amount) VALUES (604, 99, '2025-02-24 21:51:10.405301', 'Shipped', '8992 Garza Island Apt. 693 East Amanda, SC 93309', 509.05);
INSERT INTO Order_Items (order_item_id, order_id, product_id, quantity, unit_price, discount) VALUES (NULL, 604, 21, 1, 368.56, 15);
INSERT INTO Order_Items (order_item_id, order_id, product_id, quantity, unit_price, discount) VALUES (NULL, 604, 35, 1, 14.59, 10);
INSERT INTO Order_Items (order_item_id, order_id, product_id, quantity, unit_price, discount) VALUES (NULL, 604, 46, 3, 328.02, 0);
INSERT INTO Order_Items (order_item_id, order_id, product_id, quantity, unit_price, discount) VALUES (NULL, 604, 39, 1, 283.73, 0);
INSERT INTO Order_Items (order_item_id, order_id, product_id, quantity, unit_price, discount) VALUES (NULL, 604, 11, 1, 482.24, 10);
INSERT INTO Payments (payment_id, order_id, payment_date, payment_method, amount, currency) VALUES (NULL, 604, '2025-03-09 05:22:32.276325', 'Debit Card', 509.05, 'USD');
INSERT INTO Shipping (shipping_id, order_id, carrier, tracking_number, ship_date, delivery_date, status) VALUES (NULL, 604, 'DHL', 'TRK000604', '2025-08-23', '2025-04-17', 'Delivered');
INSERT INTO Orders (order_id, customer_id, order_date, status, shipping_address, total_amount) VALUES (605, 93, '2025-03-21 20:18:07.331717', 'Shipped', 'PSC 4721, Box 0667 APO AE 29221', 2740.02);
INSERT INTO Order_Items (order_item_id, order_id, product_id, quantity, unit_price, discount) VALUES (NULL, 605, 8, 1, 99.95, 0);
INSERT INTO Payments (payment_id, order_id, payment_date, payment_method, amount, currency) VALUES (NULL, 605, '2025-06-27 08:54:41.306152', 'Credit Card', 2740.02, 'USD');
INSERT INTO Shipping (shipping_id, order_id, carrier, tracking_number, ship_date, delivery_date, status) VALUES (NULL, 605, 'UPS', 'TRK000605', '2025-03-13', '2025-02-27', 'Delivered');
INSERT INTO Orders (order_id, customer_id, order_date, status, shipping_address, total_amount) VALUES (606, 79, '2025-05-01 03:12:43.693227', 'Shipped', 'PSC 6846, Box 6334 APO AA 59381', 2336.21);
INSERT INTO Order_Items (order_item_id, order_id, product_id, quantity, unit_price, discount) VALUES (NULL, 606, 31, 2, 48.1, 10);
INSERT INTO Payments (payment_id, order_id, payment_date, payment_method, amount, currency) VALUES (NULL, 606, '2025-05-17 06:49:17.574754', 'Credit Card', 2336.21, 'USD');
INSERT INTO Shipping (shipping_id, order_id, carrier, tracking_number, ship_date, delivery_date, status) VALUES (NULL, 606, 'FedEx', 'TRK000606', '2025-05-20', '2025-08-08', 'Delivered');
INSERT INTO Orders (order_id, customer_id, order_date, status, shipping_address, total_amount) VALUES (607, 108, '2025-05-21 16:34:20.999653', 'Shipped', 'PSC 1418, Box 1260 APO AE 38878', 2760.36);
INSERT INTO Order_Items (order_item_id, order_id, product_id, quantity, unit_price, discount) VALUES (NULL, 607, 17, 2, 364.21, 5);
INSERT INTO Order_Items (order_item_id, order_id, product_id, quantity, unit_price, discount) VALUES (NULL, 607, 19, 3, 314.34, 5);
INSERT INTO Payments (payment_id, order_id, payment_date, payment_method, amount, currency) VALUES (NULL, 607, '2025-03-25 19:49:00.006183', 'Credit Card', 2760.36, 'USD');
INSERT INTO Shipping (shipping_id, order_id, carrier, tracking_number, ship_date, delivery_date, status) VALUES (NULL, 607, 'FedEx', 'TRK000607', '2025-03-22', '2025-02-27', 'Delivered');
INSERT INTO Orders (order_id, customer_id, order_date, status, shipping_address, total_amount) VALUES (608, 64, '2025-01-03 02:55:03.505484', 'Shipped', '4097 Stewart Lakes Apt. 597 Lake Vincentview, MO 03725', 2654.22);
INSERT INTO Order_Items (order_item_id, order_id, product_id, quantity, unit_price, discount) VALUES (NULL, 608, 45, 3, 35.61, 10);
INSERT INTO Order_Items (order_item_id, order_id, product_id, quantity, unit_price, discount) VALUES (NULL, 608, 41, 1, 23.44, 15);
INSERT INTO Order_Items (order_item_id, order_id, product_id, quantity, unit_price, discount) VALUES (NULL, 608, 25, 3, 274.73, 5);
INSERT INTO Payments (payment_id, order_id, payment_date, payment_method, amount, currency) VALUES (NULL, 608, '2025-06-17 09:20:33.003057', 'Debit Card', 2654.22, 'USD');
INSERT INTO Shipping (shipping_id, order_id, carrier, tracking_number, ship_date, delivery_date, status) VALUES (NULL, 608, 'FedEx', 'TRK000608', '2025-02-18', '2025-03-13', 'Delivered');
INSERT INTO Orders (order_id, customer_id, order_date, status, shipping_address, total_amount) VALUES (609, 142, '2025-06-24 09:57:32.627881', 'Shipped', '55711 James Squares Suite 567 Lake Ericville, CA 87465', 1282.64);
INSERT INTO Order_Items (order_item_id, order_id, product_id, quantity, unit_price, discount) VALUES (NULL, 609, 44, 2, 126.92, 10);
INSERT INTO Order_Items (order_item_id, order_id, product_id, quantity, unit_price, discount) VALUES (NULL, 609, 29, 3, 68.07, 10);
INSERT INTO Order_Items (order_item_id, order_id, product_id, quantity, unit_price, discount) VALUES (NULL, 609, 50, 2, 122.44, 0);
INSERT INTO Order_Items (order_item_id, order_id, product_id, quantity, unit_price, discount) VALUES (NULL, 609, 17, 3, 254.45, 15);
INSERT INTO Payments (payment_id, order_id, payment_date, payment_method, amount, currency) VALUES (NULL, 609, '2025-03-12 18:20:00.092827', 'Credit Card', 1282.64, 'USD');
INSERT INTO Shipping (shipping_id, order_id, carrier, tracking_number, ship_date, delivery_date, status) VALUES (NULL, 609, 'UPS', 'TRK000609', '2025-06-23', '2025-02-13', 'Delivered');
INSERT INTO Orders (order_id, customer_id, order_date, status, shipping_address, total_amount) VALUES (610, 142, '2025-05-30 06:27:55.307472', 'Shipped', '8396 Emily Trace East Danielbury, UT 26823', 713.43);
INSERT INTO Order_Items (order_item_id, order_id, product_id, quantity, unit_price, discount) VALUES (NULL, 610, 17, 2, 91.64, 15);
INSERT INTO Order_Items (order_item_id, order_id, product_id, quantity, unit_price, discount) VALUES (NULL, 610, 31, 2, 318.48, 10);
INSERT INTO Order_Items (order_item_id, order_id, product_id, quantity, unit_price, discount) VALUES (NULL, 610, 47, 2, 172.29, 0);
INSERT INTO Payments (payment_id, order_id, payment_date, payment_method, amount, currency) VALUES (NULL, 610, '2025-06-06 14:05:02.571696', 'Credit Card', 713.43, 'USD');
INSERT INTO Shipping (shipping_id, order_id, carrier, tracking_number, ship_date, delivery_date, status) VALUES (NULL, 610, 'UPS', 'TRK000610', '2025-07-26', '2025-04-18', 'Delivered');
INSERT INTO Orders (order_id, customer_id, order_date, status, shipping_address, total_amount) VALUES (611, 32, '2025-07-16 11:08:26.344883', 'Shipped', 'USCGC Adams FPO AP 47832', 1588.43);
INSERT INTO Order_Items (order_item_id, order_id, product_id, quantity, unit_price, discount) VALUES (NULL, 611, 45, 3, 489.49, 5);
INSERT INTO Order_Items (order_item_id, order_id, product_id, quantity, unit_price, discount) VALUES (NULL, 611, 15, 1, 64.26, 10);
INSERT INTO Order_Items (order_item_id, order_id, product_id, quantity, unit_price, discount) VALUES (NULL, 611, 47, 3, 215.33, 5);
INSERT INTO Order_Items (order_item_id, order_id, product_id, quantity, unit_price, discount) VALUES (NULL, 611, 14, 3, 75.79, 10);
INSERT INTO Order_Items (order_item_id, order_id, product_id, quantity, unit_price, discount) VALUES (NULL, 611, 47, 1, 214.62, 10);
INSERT INTO Payments (payment_id, order_id, payment_date, payment_method, amount, currency) VALUES (NULL, 611, '2025-05-23 23:28:09.192959', 'Debit Card', 1588.43, 'USD');
INSERT INTO Shipping (shipping_id, order_id, carrier, tracking_number, ship_date, delivery_date, status) VALUES (NULL, 611, 'UPS', 'TRK000611', '2025-02-04', '2025-07-01', 'Delivered');
INSERT INTO Orders (order_id, customer_id, order_date, status, shipping_address, total_amount) VALUES (612, 115, '2025-05-06 20:23:47.549149', 'Shipped', '7020 Woods Islands Suite 907 Larryton, LA 35957', 1215.06);
INSERT INTO Order_Items (order_item_id, order_id, product_id, quantity, unit_price, discount) VALUES (NULL, 612, 11, 3, 491.28, 5);
INSERT INTO Payments (payment_id, order_id, payment_date, payment_method, amount, currency) VALUES (NULL, 612, '2025-03-02 17:22:48.908452', 'Credit Card', 1215.06, 'USD');
INSERT INTO Shipping (shipping_id, order_id, carrier, tracking_number, ship_date, delivery_date, status) VALUES (NULL, 612, 'UPS', 'TRK000612', '2025-01-16', '2025-07-11', 'Delivered');
INSERT INTO Orders (order_id, customer_id, order_date, status, shipping_address, total_amount) VALUES (613, 31, '2025-04-06 22:50:38.818637', 'Shipped', '9062 Rocha Camp Port Debbie, NM 25418', 2650.24);
INSERT INTO Order_Items (order_item_id, order_id, product_id, quantity, unit_price, discount) VALUES (NULL, 613, 7, 2, 413.55, 0);
INSERT INTO Order_Items (order_item_id, order_id, product_id, quantity, unit_price, discount) VALUES (NULL, 613, 9, 3, 328.06, 0);
INSERT INTO Order_Items (order_item_id, order_id, product_id, quantity, unit_price, discount) VALUES (NULL, 613, 46, 2, 352.72, 5);
INSERT INTO Order_Items (order_item_id, order_id, product_id, quantity, unit_price, discount) VALUES (NULL, 613, 32, 3, 394.51, 0);
INSERT INTO Payments (payment_id, order_id, payment_date, payment_method, amount, currency) VALUES (NULL, 613, '2025-05-13 14:50:19.395462', 'PayPal', 2650.24, 'USD');
INSERT INTO Shipping (shipping_id, order_id, carrier, tracking_number, ship_date, delivery_date, status) VALUES (NULL, 613, 'DHL', 'TRK000613', '2025-04-04', '2025-04-26', 'Delivered');
INSERT INTO Orders (order_id, customer_id, order_date, status, shipping_address, total_amount) VALUES (614, 18, '2025-07-04 20:49:26.875458', 'Shipped', '66494 Melissa Ports Luisshire, NJ 79144', 2139.62);
INSERT INTO Order_Items (order_item_id, order_id, product_id, quantity, unit_price, discount) VALUES (NULL, 614, 11, 1, 413.41, 5);
INSERT INTO Order_Items (order_item_id, order_id, product_id, quantity, unit_price, discount) VALUES (NULL, 614, 4, 2, 327.3, 0);
INSERT INTO Payments (payment_id, order_id, payment_date, payment_method, amount, currency) VALUES (NULL, 614, '2025-05-13 23:00:26.098204', 'Debit Card', 2139.62, 'USD');
INSERT INTO Shipping (shipping_id, order_id, carrier, tracking_number, ship_date, delivery_date, status) VALUES (NULL, 614, 'FedEx', 'TRK000614', '2025-05-20', '2025-01-11', 'Delivered');
INSERT INTO Orders (order_id, customer_id, order_date, status, shipping_address, total_amount) VALUES (615, 160, '2025-07-29 07:58:44.428765', 'Shipped', '7213 Hector Valleys Suite 784 North Michelle, PA 46008', 521.72);
INSERT INTO Order_Items (order_item_id, order_id, product_id, quantity, unit_price, discount) VALUES (NULL, 615, 25, 3, 209.38, 5);
INSERT INTO Order_Items (order_item_id, order_id, product_id, quantity, unit_price, discount) VALUES (NULL, 615, 11, 3, 386.72, 15);
INSERT INTO Order_Items (order_item_id, order_id, product_id, quantity, unit_price, discount) VALUES (NULL, 615, 42, 1, 254.15, 10);
INSERT INTO Order_Items (order_item_id, order_id, product_id, quantity, unit_price, discount) VALUES (NULL, 615, 33, 1, 34.91, 10);
INSERT INTO Order_Items (order_item_id, order_id, product_id, quantity, unit_price, discount) VALUES (NULL, 615, 14, 2, 364.13, 15);
INSERT INTO Payments (payment_id, order_id, payment_date, payment_method, amount, currency) VALUES (NULL, 615, '2025-03-27 08:23:46.277009', 'Debit Card', 521.72, 'USD');
INSERT INTO Shipping (shipping_id, order_id, carrier, tracking_number, ship_date, delivery_date, status) VALUES (NULL, 615, 'UPS', 'TRK000615', '2025-07-22', '2025-01-08', 'Delivered');
INSERT INTO Orders (order_id, customer_id, order_date, status, shipping_address, total_amount) VALUES (616, 146, '2025-02-28 08:41:22.748795', 'Shipped', '204 Crystal Points North Kyle, MD 01435', 1887.56);
INSERT INTO Order_Items (order_item_id, order_id, product_id, quantity, unit_price, discount) VALUES (NULL, 616, 45, 1, 204.83, 0);
INSERT INTO Order_Items (order_item_id, order_id, product_id, quantity, unit_price, discount) VALUES (NULL, 616, 11, 2, 441.34, 10);
INSERT INTO Order_Items (order_item_id, order_id, product_id, quantity, unit_price, discount) VALUES (NULL, 616, 44, 1, 157.48, 5);
INSERT INTO Order_Items (order_item_id, order_id, product_id, quantity, unit_price, discount) VALUES (NULL, 616, 19, 3, 401.23, 5);
INSERT INTO Payments (payment_id, order_id, payment_date, payment_method, amount, currency) VALUES (NULL, 616, '2025-08-11 04:55:10.747877', 'Debit Card', 1887.56, 'USD');
INSERT INTO Shipping (shipping_id, order_id, carrier, tracking_number, ship_date, delivery_date, status) VALUES (NULL, 616, 'UPS', 'TRK000616', '2025-03-05', '2025-01-16', 'Delivered');
INSERT INTO Orders (order_id, customer_id, order_date, status, shipping_address, total_amount) VALUES (617, 16, '2025-04-13 05:38:49.606605', 'Shipped', '777 Berg Street Sarahton, KS 22694', 2866.42);
INSERT INTO Order_Items (order_item_id, order_id, product_id, quantity, unit_price, discount) VALUES (NULL, 617, 1, 2, 297.86, 10);
INSERT INTO Order_Items (order_item_id, order_id, product_id, quantity, unit_price, discount) VALUES (NULL, 617, 5, 3, 69.25, 15);
INSERT INTO Order_Items (order_item_id, order_id, product_id, quantity, unit_price, discount) VALUES (NULL, 617, 35, 1, 125.36, 10);
INSERT INTO Order_Items (order_item_id, order_id, product_id, quantity, unit_price, discount) VALUES (NULL, 617, 3, 3, 68.88, 5);
INSERT INTO Payments (payment_id, order_id, payment_date, payment_method, amount, currency) VALUES (NULL, 617, '2025-01-10 09:13:06.807762', 'Credit Card', 2866.42, 'USD');
INSERT INTO Shipping (shipping_id, order_id, carrier, tracking_number, ship_date, delivery_date, status) VALUES (NULL, 617, 'FedEx', 'TRK000617', '2025-02-04', '2025-04-17', 'Delivered');
INSERT INTO Orders (order_id, customer_id, order_date, status, shipping_address, total_amount) VALUES (618, 40, '2025-08-16 09:24:02.177488', 'Shipped', '83115 Berry Dam New Frank, GU 10197', 2499.53);
INSERT INTO Order_Items (order_item_id, order_id, product_id, quantity, unit_price, discount) VALUES (NULL, 618, 6, 3, 492.95, 5);
INSERT INTO Order_Items (order_item_id, order_id, product_id, quantity, unit_price, discount) VALUES (NULL, 618, 50, 1, 490.4, 15);
INSERT INTO Order_Items (order_item_id, order_id, product_id, quantity, unit_price, discount) VALUES (NULL, 618, 16, 2, 310.93, 10);
INSERT INTO Order_Items (order_item_id, order_id, product_id, quantity, unit_price, discount) VALUES (NULL, 618, 12, 1, 374.68, 0);
INSERT INTO Payments (payment_id, order_id, payment_date, payment_method, amount, currency) VALUES (NULL, 618, '2025-03-06 08:43:57.515864', 'PayPal', 2499.53, 'USD');
INSERT INTO Shipping (shipping_id, order_id, carrier, tracking_number, ship_date, delivery_date, status) VALUES (NULL, 618, 'FedEx', 'TRK000618', '2025-04-17', '2025-04-29', 'Delivered');
INSERT INTO Orders (order_id, customer_id, order_date, status, shipping_address, total_amount) VALUES (619, 117, '2025-06-06 10:51:39.887957', 'Shipped', '74770 Snyder Ridge Lake Nathanberg, OK 03166', 379.38);
INSERT INTO Order_Items (order_item_id, order_id, product_id, quantity, unit_price, discount) VALUES (NULL, 619, 13, 3, 414.23, 10);
INSERT INTO Payments (payment_id, order_id, payment_date, payment_method, amount, currency) VALUES (NULL, 619, '2025-01-15 14:03:33.217814', 'PayPal', 379.38, 'USD');
INSERT INTO Shipping (shipping_id, order_id, carrier, tracking_number, ship_date, delivery_date, status) VALUES (NULL, 619, 'DHL', 'TRK000619', '2025-03-15', '2025-06-05', 'Delivered');
INSERT INTO Orders (order_id, customer_id, order_date, status, shipping_address, total_amount) VALUES (620, 20, '2025-01-24 05:05:10.733624', 'Shipped', 'USNV Ward FPO AE 59924', 123.37);
INSERT INTO Order_Items (order_item_id, order_id, product_id, quantity, unit_price, discount) VALUES (NULL, 620, 32, 2, 74.9, 15);
INSERT INTO Order_Items (order_item_id, order_id, product_id, quantity, unit_price, discount) VALUES (NULL, 620, 17, 1, 171.33, 15);
INSERT INTO Order_Items (order_item_id, order_id, product_id, quantity, unit_price, discount) VALUES (NULL, 620, 1, 1, 258.67, 0);
INSERT INTO Payments (payment_id, order_id, payment_date, payment_method, amount, currency) VALUES (NULL, 620, '2025-01-16 21:26:22.251926', 'PayPal', 123.37, 'USD');
INSERT INTO Shipping (shipping_id, order_id, carrier, tracking_number, ship_date, delivery_date, status) VALUES (NULL, 620, 'DHL', 'TRK000620', '2025-04-13', '2025-05-30', 'Delivered');
INSERT INTO Orders (order_id, customer_id, order_date, status, shipping_address, total_amount) VALUES (621, 132, '2025-08-23 18:27:49.514450', 'Shipped', '9951 Fox Vista Brendachester, NM 53639', 450.64);
INSERT INTO Order_Items (order_item_id, order_id, product_id, quantity, unit_price, discount) VALUES (NULL, 621, 29, 3, 450.93, 10);
INSERT INTO Order_Items (order_item_id, order_id, product_id, quantity, unit_price, discount) VALUES (NULL, 621, 50, 3, 193.9, 0);
INSERT INTO Order_Items (order_item_id, order_id, product_id, quantity, unit_price, discount) VALUES (NULL, 621, 48, 2, 37.71, 15);
INSERT INTO Payments (payment_id, order_id, payment_date, payment_method, amount, currency) VALUES (NULL, 621, '2025-02-11 12:31:03.765041', 'Credit Card', 450.64, 'USD');
INSERT INTO Shipping (shipping_id, order_id, carrier, tracking_number, ship_date, delivery_date, status) VALUES (NULL, 621, 'DHL', 'TRK000621', '2025-02-22', '2025-01-24', 'Delivered');
INSERT INTO Orders (order_id, customer_id, order_date, status, shipping_address, total_amount) VALUES (622, 121, '2025-01-09 22:19:55.786754', 'Shipped', '78575 Julie Coves Apt. 205 New Joe, CO 10145', 1697.31);
INSERT INTO Order_Items (order_item_id, order_id, product_id, quantity, unit_price, discount) VALUES (NULL, 622, 30, 2, 349.04, 10);
INSERT INTO Order_Items (order_item_id, order_id, product_id, quantity, unit_price, discount) VALUES (NULL, 622, 12, 1, 55.83, 0);
INSERT INTO Payments (payment_id, order_id, payment_date, payment_method, amount, currency) VALUES (NULL, 622, '2025-08-22 19:40:27.463211', 'PayPal', 1697.31, 'USD');
INSERT INTO Shipping (shipping_id, order_id, carrier, tracking_number, ship_date, delivery_date, status) VALUES (NULL, 622, 'UPS', 'TRK000622', '2025-02-08', '2025-02-16', 'Delivered');
INSERT INTO Orders (order_id, customer_id, order_date, status, shipping_address, total_amount) VALUES (623, 173, '2025-04-09 17:14:43.033833', 'Shipped', '84971 Jordan Trail Suite 864 Lake Sara, TX 05761', 501.32);
INSERT INTO Order_Items (order_item_id, order_id, product_id, quantity, unit_price, discount) VALUES (NULL, 623, 29, 2, 249.01, 10);
INSERT INTO Order_Items (order_item_id, order_id, product_id, quantity, unit_price, discount) VALUES (NULL, 623, 3, 2, 493.09, 0);
INSERT INTO Payments (payment_id, order_id, payment_date, payment_method, amount, currency) VALUES (NULL, 623, '2025-01-13 01:06:19.267961', 'Debit Card', 501.32, 'USD');
INSERT INTO Shipping (shipping_id, order_id, carrier, tracking_number, ship_date, delivery_date, status) VALUES (NULL, 623, 'FedEx', 'TRK000623', '2025-07-05', '2025-02-01', 'Delivered');
INSERT INTO Orders (order_id, customer_id, order_date, status, shipping_address, total_amount) VALUES (624, 185, '2025-03-07 12:43:27.007296', 'Shipped', '5474 Pamela Track Carolynberg, CT 21961', 2819.71);
INSERT INTO Order_Items (order_item_id, order_id, product_id, quantity, unit_price, discount) VALUES (NULL, 624, 6, 3, 260.79, 5);
INSERT INTO Order_Items (order_item_id, order_id, product_id, quantity, unit_price, discount) VALUES (NULL, 624, 5, 3, 295.61, 0);
INSERT INTO Payments (payment_id, order_id, payment_date, payment_method, amount, currency) VALUES (NULL, 624, '2025-03-12 05:59:15.054122', 'Debit Card', 2819.71, 'USD');
INSERT INTO Shipping (shipping_id, order_id, carrier, tracking_number, ship_date, delivery_date, status) VALUES (NULL, 624, 'UPS', 'TRK000624', '2025-08-30', '2025-04-14', 'Delivered');
INSERT INTO Orders (order_id, customer_id, order_date, status, shipping_address, total_amount) VALUES (625, 174, '2025-01-05 06:52:50.512262', 'Shipped', '6952 Green Extension East Jennifer, MA 25208', 577.09);
INSERT INTO Order_Items (order_item_id, order_id, product_id, quantity, unit_price, discount) VALUES (NULL, 625, 27, 1, 71.24, 10);
INSERT INTO Payments (payment_id, order_id, payment_date, payment_method, amount, currency) VALUES (NULL, 625, '2025-01-04 12:24:36.163915', 'Credit Card', 577.09, 'USD');
INSERT INTO Shipping (shipping_id, order_id, carrier, tracking_number, ship_date, delivery_date, status) VALUES (NULL, 625, 'DHL', 'TRK000625', '2025-05-13', '2025-03-17', 'Delivered');
INSERT INTO Orders (order_id, customer_id, order_date, status, shipping_address, total_amount) VALUES (626, 155, '2025-06-14 12:08:03.294194', 'Shipped', '04594 Thompson Center East Samuel, PA 90672', 404.33);
INSERT INTO Order_Items (order_item_id, order_id, product_id, quantity, unit_price, discount) VALUES (NULL, 626, 30, 2, 143.74, 0);
INSERT INTO Payments (payment_id, order_id, payment_date, payment_method, amount, currency) VALUES (NULL, 626, '2025-01-30 02:05:56.937655', 'Credit Card', 404.33, 'USD');
INSERT INTO Shipping (shipping_id, order_id, carrier, tracking_number, ship_date, delivery_date, status) VALUES (NULL, 626, 'DHL', 'TRK000626', '2025-02-14', '2025-03-14', 'Delivered');
INSERT INTO Orders (order_id, customer_id, order_date, status, shipping_address, total_amount) VALUES (627, 93, '2025-07-21 13:30:40.719196', 'Shipped', '0854 Heather Ridges South Thomasshire, IL 14622', 2781.86);
INSERT INTO Order_Items (order_item_id, order_id, product_id, quantity, unit_price, discount) VALUES (NULL, 627, 21, 2, 161.29, 0);
INSERT INTO Payments (payment_id, order_id, payment_date, payment_method, amount, currency) VALUES (NULL, 627, '2025-02-26 15:29:59.503527', 'Credit Card', 2781.86, 'USD');
INSERT INTO Shipping (shipping_id, order_id, carrier, tracking_number, ship_date, delivery_date, status) VALUES (NULL, 627, 'FedEx', 'TRK000627', '2025-07-18', '2025-03-03', 'Delivered');
INSERT INTO Orders (order_id, customer_id, order_date, status, shipping_address, total_amount) VALUES (628, 47, '2025-01-10 14:32:13.404475', 'Shipped', '068 Dixon Harbor Suite 603 Port Monica, DC 69259', 2679.68);
INSERT INTO Order_Items (order_item_id, order_id, product_id, quantity, unit_price, discount) VALUES (NULL, 628, 46, 3, 292.48, 5);
INSERT INTO Order_Items (order_item_id, order_id, product_id, quantity, unit_price, discount) VALUES (NULL, 628, 37, 2, 48.38, 10);
INSERT INTO Order_Items (order_item_id, order_id, product_id, quantity, unit_price, discount) VALUES (NULL, 628, 17, 2, 73.16, 5);
INSERT INTO Order_Items (order_item_id, order_id, product_id, quantity, unit_price, discount) VALUES (NULL, 628, 38, 3, 290.32, 15);
INSERT INTO Payments (payment_id, order_id, payment_date, payment_method, amount, currency) VALUES (NULL, 628, '2025-05-28 15:06:37.809258', 'Credit Card', 2679.68, 'USD');
INSERT INTO Shipping (shipping_id, order_id, carrier, tracking_number, ship_date, delivery_date, status) VALUES (NULL, 628, 'UPS', 'TRK000628', '2025-01-02', '2025-07-23', 'Delivered');
INSERT INTO Orders (order_id, customer_id, order_date, status, shipping_address, total_amount) VALUES (629, 166, '2025-04-19 23:01:15.203412', 'Shipped', 'PSC 9370, Box 9673 APO AA 39135', 1273.41);
INSERT INTO Order_Items (order_item_id, order_id, product_id, quantity, unit_price, discount) VALUES (NULL, 629, 50, 3, 262.85, 10);
INSERT INTO Payments (payment_id, order_id, payment_date, payment_method, amount, currency) VALUES (NULL, 629, '2025-06-25 02:34:57.505101', 'Credit Card', 1273.41, 'USD');
INSERT INTO Shipping (shipping_id, order_id, carrier, tracking_number, ship_date, delivery_date, status) VALUES (NULL, 629, 'FedEx', 'TRK000629', '2025-01-02', '2025-08-10', 'Delivered');
INSERT INTO Orders (order_id, customer_id, order_date, status, shipping_address, total_amount) VALUES (630, 53, '2025-06-07 14:04:31.400182', 'Shipped', '646 Lawrence Harbors Suite 698 Howellview, AR 93301', 2665.8);
INSERT INTO Order_Items (order_item_id, order_id, product_id, quantity, unit_price, discount) VALUES (NULL, 630, 44, 2, 51.09, 0);
INSERT INTO Order_Items (order_item_id, order_id, product_id, quantity, unit_price, discount) VALUES (NULL, 630, 1, 2, 98.55, 10);
INSERT INTO Payments (payment_id, order_id, payment_date, payment_method, amount, currency) VALUES (NULL, 630, '2025-06-18 12:44:40.634556', 'Credit Card', 2665.8, 'USD');
INSERT INTO Shipping (shipping_id, order_id, carrier, tracking_number, ship_date, delivery_date, status) VALUES (NULL, 630, 'DHL', 'TRK000630', '2025-05-19', '2025-05-29', 'Delivered');
INSERT INTO Orders (order_id, customer_id, order_date, status, shipping_address, total_amount) VALUES (631, 144, '2025-03-24 11:04:34.827600', 'Shipped', 'PSC 6949, Box 7087 APO AP 11433', 445.44);
INSERT INTO Order_Items (order_item_id, order_id, product_id, quantity, unit_price, discount) VALUES (NULL, 631, 45, 2, 294.83, 5);
INSERT INTO Payments (payment_id, order_id, payment_date, payment_method, amount, currency) VALUES (NULL, 631, '2025-08-16 12:36:38.686995', 'PayPal', 445.44, 'USD');
INSERT INTO Shipping (shipping_id, order_id, carrier, tracking_number, ship_date, delivery_date, status) VALUES (NULL, 631, 'UPS', 'TRK000631', '2025-06-12', '2025-07-25', 'Delivered');
INSERT INTO Orders (order_id, customer_id, order_date, status, shipping_address, total_amount) VALUES (632, 173, '2025-01-31 15:07:30.696750', 'Shipped', '10864 Nolan Groves Port Adrianaview, MT 42971', 962.02);
INSERT INTO Order_Items (order_item_id, order_id, product_id, quantity, unit_price, discount) VALUES (NULL, 632, 7, 1, 359.21, 15);
INSERT INTO Order_Items (order_item_id, order_id, product_id, quantity, unit_price, discount) VALUES (NULL, 632, 26, 2, 429.56, 15);
INSERT INTO Order_Items (order_item_id, order_id, product_id, quantity, unit_price, discount) VALUES (NULL, 632, 14, 1, 38.38, 10);
INSERT INTO Payments (payment_id, order_id, payment_date, payment_method, amount, currency) VALUES (NULL, 632, '2025-07-27 16:47:48.090597', 'PayPal', 962.02, 'USD');
INSERT INTO Shipping (shipping_id, order_id, carrier, tracking_number, ship_date, delivery_date, status) VALUES (NULL, 632, 'FedEx', 'TRK000632', '2025-06-01', '2025-05-02', 'Delivered');
INSERT INTO Orders (order_id, customer_id, order_date, status, shipping_address, total_amount) VALUES (633, 83, '2025-06-06 18:37:31.855202', 'Shipped', '99619 Reese Circle Suite 524 Hughesstad, AR 50975', 1836.42);
INSERT INTO Order_Items (order_item_id, order_id, product_id, quantity, unit_price, discount) VALUES (NULL, 633, 10, 3, 312.98, 15);
INSERT INTO Order_Items (order_item_id, order_id, product_id, quantity, unit_price, discount) VALUES (NULL, 633, 27, 2, 336.17, 5);
INSERT INTO Order_Items (order_item_id, order_id, product_id, quantity, unit_price, discount) VALUES (NULL, 633, 7, 2, 489.49, 5);
INSERT INTO Order_Items (order_item_id, order_id, product_id, quantity, unit_price, discount) VALUES (NULL, 633, 32, 1, 215.59, 15);
INSERT INTO Payments (payment_id, order_id, payment_date, payment_method, amount, currency) VALUES (NULL, 633, '2025-04-27 07:21:52.850289', 'Debit Card', 1836.42, 'USD');
INSERT INTO Shipping (shipping_id, order_id, carrier, tracking_number, ship_date, delivery_date, status) VALUES (NULL, 633, 'UPS', 'TRK000633', '2025-03-23', '2025-02-27', 'Delivered');
INSERT INTO Orders (order_id, customer_id, order_date, status, shipping_address, total_amount) VALUES (634, 188, '2025-05-01 01:21:51.663007', 'Shipped', '455 Becker Spring Apt. 267 South Maria, OH 16937', 2285.07);
INSERT INTO Order_Items (order_item_id, order_id, product_id, quantity, unit_price, discount) VALUES (NULL, 634, 26, 1, 59.89, 0);
INSERT INTO Order_Items (order_item_id, order_id, product_id, quantity, unit_price, discount) VALUES (NULL, 634, 1, 2, 305.3, 10);
INSERT INTO Order_Items (order_item_id, order_id, product_id, quantity, unit_price, discount) VALUES (NULL, 634, 23, 1, 410.86, 0);
INSERT INTO Order_Items (order_item_id, order_id, product_id, quantity, unit_price, discount) VALUES (NULL, 634, 1, 3, 168.02, 0);
INSERT INTO Order_Items (order_item_id, order_id, product_id, quantity, unit_price, discount) VALUES (NULL, 634, 27, 3, 455.5, 10);
INSERT INTO Payments (payment_id, order_id, payment_date, payment_method, amount, currency) VALUES (NULL, 634, '2025-05-13 15:03:46.335575', 'Credit Card', 2285.07, 'USD');
INSERT INTO Shipping (shipping_id, order_id, carrier, tracking_number, ship_date, delivery_date, status) VALUES (NULL, 634, 'FedEx', 'TRK000634', '2025-05-17', '2025-07-23', 'Delivered');
INSERT INTO Orders (order_id, customer_id, order_date, status, shipping_address, total_amount) VALUES (635, 21, '2025-05-29 14:03:58.070265', 'Shipped', '36526 Riggs Coves Michaelburgh, MT 39742', 906.87);
INSERT INTO Order_Items (order_item_id, order_id, product_id, quantity, unit_price, discount) VALUES (NULL, 635, 10, 2, 323.27, 15);
INSERT INTO Order_Items (order_item_id, order_id, product_id, quantity, unit_price, discount) VALUES (NULL, 635, 4, 3, 135.34, 5);
INSERT INTO Payments (payment_id, order_id, payment_date, payment_method, amount, currency) VALUES (NULL, 635, '2025-09-02 15:58:13.697461', 'Credit Card', 906.87, 'USD');
INSERT INTO Shipping (shipping_id, order_id, carrier, tracking_number, ship_date, delivery_date, status) VALUES (NULL, 635, 'FedEx', 'TRK000635', '2025-04-08', '2025-03-23', 'Delivered');
INSERT INTO Orders (order_id, customer_id, order_date, status, shipping_address, total_amount) VALUES (636, 197, '2025-02-04 19:33:28.169797', 'Shipped', '2686 Williams Club North Lindsey, WA 59449', 737.55);
INSERT INTO Order_Items (order_item_id, order_id, product_id, quantity, unit_price, discount) VALUES (NULL, 636, 35, 1, 96.06, 10);
INSERT INTO Payments (payment_id, order_id, payment_date, payment_method, amount, currency) VALUES (NULL, 636, '2025-04-26 21:31:27.901500', 'Credit Card', 737.55, 'USD');
INSERT INTO Shipping (shipping_id, order_id, carrier, tracking_number, ship_date, delivery_date, status) VALUES (NULL, 636, 'DHL', 'TRK000636', '2025-08-29', '2025-07-11', 'Delivered');
INSERT INTO Orders (order_id, customer_id, order_date, status, shipping_address, total_amount) VALUES (637, 73, '2025-04-07 09:36:39.633401', 'Shipped', '5444 Christopher Dam Jonathanhaven, MI 05109', 1275.15);
INSERT INTO Order_Items (order_item_id, order_id, product_id, quantity, unit_price, discount) VALUES (NULL, 637, 35, 3, 55.98, 5);
INSERT INTO Order_Items (order_item_id, order_id, product_id, quantity, unit_price, discount) VALUES (NULL, 637, 26, 3, 121.06, 5);
INSERT INTO Order_Items (order_item_id, order_id, product_id, quantity, unit_price, discount) VALUES (NULL, 637, 40, 2, 317.98, 0);
INSERT INTO Payments (payment_id, order_id, payment_date, payment_method, amount, currency) VALUES (NULL, 637, '2025-06-04 22:15:56.880018', 'PayPal', 1275.15, 'USD');
INSERT INTO Shipping (shipping_id, order_id, carrier, tracking_number, ship_date, delivery_date, status) VALUES (NULL, 637, 'DHL', 'TRK000637', '2025-03-11', '2025-01-01', 'Delivered');
INSERT INTO Orders (order_id, customer_id, order_date, status, shipping_address, total_amount) VALUES (638, 16, '2025-02-22 09:24:48.281066', 'Shipped', '1352 Perry Walks Apt. 294 Grantfort, KS 98491', 862.0);
INSERT INTO Order_Items (order_item_id, order_id, product_id, quantity, unit_price, discount) VALUES (NULL, 638, 50, 2, 287.17, 5);
INSERT INTO Order_Items (order_item_id, order_id, product_id, quantity, unit_price, discount) VALUES (NULL, 638, 41, 2, 105.71, 15);
INSERT INTO Order_Items (order_item_id, order_id, product_id, quantity, unit_price, discount) VALUES (NULL, 638, 36, 1, 190.17, 5);
INSERT INTO Order_Items (order_item_id, order_id, product_id, quantity, unit_price, discount) VALUES (NULL, 638, 19, 3, 205.1, 0);
INSERT INTO Order_Items (order_item_id, order_id, product_id, quantity, unit_price, discount) VALUES (NULL, 638, 7, 2, 263.29, 5);
INSERT INTO Payments (payment_id, order_id, payment_date, payment_method, amount, currency) VALUES (NULL, 638, '2025-03-31 19:23:45.419528', 'Credit Card', 862.0, 'USD');
INSERT INTO Shipping (shipping_id, order_id, carrier, tracking_number, ship_date, delivery_date, status) VALUES (NULL, 638, 'UPS', 'TRK000638', '2025-01-24', '2025-06-26', 'Delivered');
INSERT INTO Orders (order_id, customer_id, order_date, status, shipping_address, total_amount) VALUES (639, 111, '2025-02-25 00:45:34.009522', 'Shipped', '817 Miranda Roads Suite 415 Daniellemouth, OR 95500', 91.52);
INSERT INTO Order_Items (order_item_id, order_id, product_id, quantity, unit_price, discount) VALUES (NULL, 639, 39, 1, 274.85, 5);
INSERT INTO Order_Items (order_item_id, order_id, product_id, quantity, unit_price, discount) VALUES (NULL, 639, 30, 2, 420.14, 0);
INSERT INTO Order_Items (order_item_id, order_id, product_id, quantity, unit_price, discount) VALUES (NULL, 639, 10, 3, 155.91, 5);
INSERT INTO Payments (payment_id, order_id, payment_date, payment_method, amount, currency) VALUES (NULL, 639, '2025-03-09 03:04:14.142437', 'Debit Card', 91.52, 'USD');
INSERT INTO Shipping (shipping_id, order_id, carrier, tracking_number, ship_date, delivery_date, status) VALUES (NULL, 639, 'DHL', 'TRK000639', '2025-06-15', '2025-07-08', 'Delivered');
INSERT INTO Orders (order_id, customer_id, order_date, status, shipping_address, total_amount) VALUES (640, 199, '2025-06-16 11:46:18.140103', 'Shipped', '811 Ellis Circle East Matthewville, ND 99485', 2482.1);
INSERT INTO Order_Items (order_item_id, order_id, product_id, quantity, unit_price, discount) VALUES (NULL, 640, 14, 2, 80.42, 5);
INSERT INTO Payments (payment_id, order_id, payment_date, payment_method, amount, currency) VALUES (NULL, 640, '2025-08-17 21:39:25.924030', 'Debit Card', 2482.1, 'USD');
INSERT INTO Shipping (shipping_id, order_id, carrier, tracking_number, ship_date, delivery_date, status) VALUES (NULL, 640, 'DHL', 'TRK000640', '2025-01-10', '2025-06-11', 'Delivered');
INSERT INTO Orders (order_id, customer_id, order_date, status, shipping_address, total_amount) VALUES (641, 175, '2025-08-17 05:13:23.440163', 'Shipped', '17587 Sanchez Terrace North Cheyennemouth, AL 81545', 66.18);
INSERT INTO Order_Items (order_item_id, order_id, product_id, quantity, unit_price, discount) VALUES (NULL, 641, 42, 3, 219.08, 10);
INSERT INTO Order_Items (order_item_id, order_id, product_id, quantity, unit_price, discount) VALUES (NULL, 641, 35, 2, 346.65, 0);
INSERT INTO Order_Items (order_item_id, order_id, product_id, quantity, unit_price, discount) VALUES (NULL, 641, 13, 1, 316.42, 10);
INSERT INTO Order_Items (order_item_id, order_id, product_id, quantity, unit_price, discount) VALUES (NULL, 641, 29, 1, 420.4, 0);
INSERT INTO Payments (payment_id, order_id, payment_date, payment_method, amount, currency) VALUES (NULL, 641, '2025-07-16 05:53:37.598099', 'Debit Card', 66.18, 'USD');
INSERT INTO Shipping (shipping_id, order_id, carrier, tracking_number, ship_date, delivery_date, status) VALUES (NULL, 641, 'FedEx', 'TRK000641', '2025-03-15', '2025-07-24', 'Delivered');
INSERT INTO Orders (order_id, customer_id, order_date, status, shipping_address, total_amount) VALUES (642, 32, '2025-05-15 19:39:47.327175', 'Shipped', '00825 Shelby Vista Suite 862 Piercefort, PR 31408', 1151.61);
INSERT INTO Order_Items (order_item_id, order_id, product_id, quantity, unit_price, discount) VALUES (NULL, 642, 22, 2, 208.65, 0);
INSERT INTO Payments (payment_id, order_id, payment_date, payment_method, amount, currency) VALUES (NULL, 642, '2025-07-28 02:27:28.293562', 'PayPal', 1151.61, 'USD');
INSERT INTO Shipping (shipping_id, order_id, carrier, tracking_number, ship_date, delivery_date, status) VALUES (NULL, 642, 'FedEx', 'TRK000642', '2025-05-27', '2025-08-07', 'Delivered');
INSERT INTO Orders (order_id, customer_id, order_date, status, shipping_address, total_amount) VALUES (643, 55, '2025-05-11 08:31:36.728950', 'Shipped', '5999 Mcguire Run Rosebury, CA 60378', 2593.25);
INSERT INTO Order_Items (order_item_id, order_id, product_id, quantity, unit_price, discount) VALUES (NULL, 643, 16, 2, 394.89, 15);
INSERT INTO Order_Items (order_item_id, order_id, product_id, quantity, unit_price, discount) VALUES (NULL, 643, 11, 2, 115.14, 15);
INSERT INTO Order_Items (order_item_id, order_id, product_id, quantity, unit_price, discount) VALUES (NULL, 643, 15, 2, 172.68, 5);
INSERT INTO Order_Items (order_item_id, order_id, product_id, quantity, unit_price, discount) VALUES (NULL, 643, 1, 1, 165.67, 5);
INSERT INTO Payments (payment_id, order_id, payment_date, payment_method, amount, currency) VALUES (NULL, 643, '2025-07-14 04:44:33.911520', 'PayPal', 2593.25, 'USD');
INSERT INTO Shipping (shipping_id, order_id, carrier, tracking_number, ship_date, delivery_date, status) VALUES (NULL, 643, 'UPS', 'TRK000643', '2025-05-06', '2025-03-26', 'Delivered');
INSERT INTO Orders (order_id, customer_id, order_date, status, shipping_address, total_amount) VALUES (644, 66, '2025-07-24 13:36:47.142549', 'Shipped', '01753 Melton Extension Seanchester, AL 18371', 801.64);
INSERT INTO Order_Items (order_item_id, order_id, product_id, quantity, unit_price, discount) VALUES (NULL, 644, 49, 2, 355.37, 15);
INSERT INTO Order_Items (order_item_id, order_id, product_id, quantity, unit_price, discount) VALUES (NULL, 644, 22, 3, 158.21, 5);
INSERT INTO Payments (payment_id, order_id, payment_date, payment_method, amount, currency) VALUES (NULL, 644, '2025-04-24 01:34:57.337749', 'Debit Card', 801.64, 'USD');
INSERT INTO Shipping (shipping_id, order_id, carrier, tracking_number, ship_date, delivery_date, status) VALUES (NULL, 644, 'FedEx', 'TRK000644', '2025-04-02', '2025-07-14', 'Delivered');
INSERT INTO Orders (order_id, customer_id, order_date, status, shipping_address, total_amount) VALUES (645, 24, '2025-06-17 19:57:23.214245', 'Shipped', '75289 Scott Lake Apt. 583 Marychester, WV 53642', 1250.24);
INSERT INTO Order_Items (order_item_id, order_id, product_id, quantity, unit_price, discount) VALUES (NULL, 645, 4, 3, 28.81, 5);
INSERT INTO Order_Items (order_item_id, order_id, product_id, quantity, unit_price, discount) VALUES (NULL, 645, 31, 3, 60.73, 15);
INSERT INTO Payments (payment_id, order_id, payment_date, payment_method, amount, currency) VALUES (NULL, 645, '2025-07-30 23:57:42.467249', 'Debit Card', 1250.24, 'USD');
INSERT INTO Shipping (shipping_id, order_id, carrier, tracking_number, ship_date, delivery_date, status) VALUES (NULL, 645, 'UPS', 'TRK000645', '2025-09-02', '2025-05-16', 'Delivered');
INSERT INTO Orders (order_id, customer_id, order_date, status, shipping_address, total_amount) VALUES (646, 44, '2025-03-23 20:37:28.691800', 'Shipped', 'Unit 5583 Box 0272 DPO AE 33168', 1330.08);
INSERT INTO Order_Items (order_item_id, order_id, product_id, quantity, unit_price, discount) VALUES (NULL, 646, 37, 1, 332.34, 5);
INSERT INTO Payments (payment_id, order_id, payment_date, payment_method, amount, currency) VALUES (NULL, 646, '2025-03-23 16:50:23.316306', 'Debit Card', 1330.08, 'USD');
INSERT INTO Shipping (shipping_id, order_id, carrier, tracking_number, ship_date, delivery_date, status) VALUES (NULL, 646, 'DHL', 'TRK000646', '2025-04-30', '2025-04-17', 'Delivered');
INSERT INTO Orders (order_id, customer_id, order_date, status, shipping_address, total_amount) VALUES (647, 141, '2025-03-01 21:49:55.593559', 'Shipped', '230 David Cliff East Sandrafurt, IA 18504', 1042.7);
INSERT INTO Order_Items (order_item_id, order_id, product_id, quantity, unit_price, discount) VALUES (NULL, 647, 17, 3, 61.23, 0);
INSERT INTO Order_Items (order_item_id, order_id, product_id, quantity, unit_price, discount) VALUES (NULL, 647, 48, 2, 207.01, 0);
INSERT INTO Order_Items (order_item_id, order_id, product_id, quantity, unit_price, discount) VALUES (NULL, 647, 29, 3, 122.44, 10);
INSERT INTO Order_Items (order_item_id, order_id, product_id, quantity, unit_price, discount) VALUES (NULL, 647, 46, 1, 53.5, 15);
INSERT INTO Order_Items (order_item_id, order_id, product_id, quantity, unit_price, discount) VALUES (NULL, 647, 35, 2, 390.2, 5);
INSERT INTO Payments (payment_id, order_id, payment_date, payment_method, amount, currency) VALUES (NULL, 647, '2025-06-17 06:28:13.454916', 'PayPal', 1042.7, 'USD');
INSERT INTO Shipping (shipping_id, order_id, carrier, tracking_number, ship_date, delivery_date, status) VALUES (NULL, 647, 'FedEx', 'TRK000647', '2025-07-27', '2025-01-30', 'Delivered');
INSERT INTO Orders (order_id, customer_id, order_date, status, shipping_address, total_amount) VALUES (648, 117, '2025-01-12 18:05:04.394652', 'Shipped', '8796 Hernandez Lodge Christopherland, MA 73242', 2795.29);
INSERT INTO Order_Items (order_item_id, order_id, product_id, quantity, unit_price, discount) VALUES (NULL, 648, 38, 2, 417.64, 0);
INSERT INTO Order_Items (order_item_id, order_id, product_id, quantity, unit_price, discount) VALUES (NULL, 648, 17, 1, 219.28, 15);
INSERT INTO Order_Items (order_item_id, order_id, product_id, quantity, unit_price, discount) VALUES (NULL, 648, 17, 2, 354.42, 10);
INSERT INTO Order_Items (order_item_id, order_id, product_id, quantity, unit_price, discount) VALUES (NULL, 648, 14, 3, 11.9, 15);
INSERT INTO Payments (payment_id, order_id, payment_date, payment_method, amount, currency) VALUES (NULL, 648, '2025-05-05 18:15:12.465729', 'Debit Card', 2795.29, 'USD');
INSERT INTO Shipping (shipping_id, order_id, carrier, tracking_number, ship_date, delivery_date, status) VALUES (NULL, 648, 'DHL', 'TRK000648', '2025-05-10', '2025-07-11', 'Delivered');
INSERT INTO Orders (order_id, customer_id, order_date, status, shipping_address, total_amount) VALUES (649, 96, '2025-01-05 03:59:11.519708', 'Shipped', '42477 Michael Creek Saundersland, KY 28839', 2330.66);
INSERT INTO Order_Items (order_item_id, order_id, product_id, quantity, unit_price, discount) VALUES (NULL, 649, 26, 2, 31.46, 5);
INSERT INTO Payments (payment_id, order_id, payment_date, payment_method, amount, currency) VALUES (NULL, 649, '2025-06-26 01:48:59.924915', 'Credit Card', 2330.66, 'USD');
INSERT INTO Shipping (shipping_id, order_id, carrier, tracking_number, ship_date, delivery_date, status) VALUES (NULL, 649, 'UPS', 'TRK000649', '2025-05-17', '2025-04-23', 'Delivered');
INSERT INTO Orders (order_id, customer_id, order_date, status, shipping_address, total_amount) VALUES (650, 8, '2025-06-02 14:41:07.189580', 'Shipped', '395 Short Ways Apt. 533 East Alexandraland, IA 84252', 1619.69);
INSERT INTO Order_Items (order_item_id, order_id, product_id, quantity, unit_price, discount) VALUES (NULL, 650, 11, 3, 68.71, 0);
INSERT INTO Order_Items (order_item_id, order_id, product_id, quantity, unit_price, discount) VALUES (NULL, 650, 46, 2, 39.77, 10);
INSERT INTO Order_Items (order_item_id, order_id, product_id, quantity, unit_price, discount) VALUES (NULL, 650, 38, 2, 27.4, 0);
INSERT INTO Order_Items (order_item_id, order_id, product_id, quantity, unit_price, discount) VALUES (NULL, 650, 34, 2, 265.12, 15);
INSERT INTO Order_Items (order_item_id, order_id, product_id, quantity, unit_price, discount) VALUES (NULL, 650, 46, 3, 178.55, 10);
INSERT INTO Payments (payment_id, order_id, payment_date, payment_method, amount, currency) VALUES (NULL, 650, '2025-08-22 09:31:10.470575', 'Credit Card', 1619.69, 'USD');
INSERT INTO Shipping (shipping_id, order_id, carrier, tracking_number, ship_date, delivery_date, status) VALUES (NULL, 650, 'UPS', 'TRK000650', '2025-02-17', '2025-08-16', 'Delivered');
INSERT INTO Orders (order_id, customer_id, order_date, status, shipping_address, total_amount) VALUES (651, 6, '2025-06-08 10:43:35.785288', 'Shipped', '1374 John Summit Michellestad, OK 39631', 433.07);
INSERT INTO Order_Items (order_item_id, order_id, product_id, quantity, unit_price, discount) VALUES (NULL, 651, 8, 2, 333.75, 0);
INSERT INTO Order_Items (order_item_id, order_id, product_id, quantity, unit_price, discount) VALUES (NULL, 651, 49, 2, 22.27, 5);
INSERT INTO Order_Items (order_item_id, order_id, product_id, quantity, unit_price, discount) VALUES (NULL, 651, 6, 1, 148.54, 0);
INSERT INTO Payments (payment_id, order_id, payment_date, payment_method, amount, currency) VALUES (NULL, 651, '2025-08-27 11:04:26.133566', 'Credit Card', 433.07, 'USD');
INSERT INTO Shipping (shipping_id, order_id, carrier, tracking_number, ship_date, delivery_date, status) VALUES (NULL, 651, 'DHL', 'TRK000651', '2025-02-10', '2025-07-12', 'Delivered');
INSERT INTO Orders (order_id, customer_id, order_date, status, shipping_address, total_amount) VALUES (652, 101, '2025-01-12 02:15:15.820908', 'Shipped', '483 Joel Stravenue Cruzburgh, TX 65652', 1062.36);
INSERT INTO Order_Items (order_item_id, order_id, product_id, quantity, unit_price, discount) VALUES (NULL, 652, 47, 3, 11.21, 10);
INSERT INTO Payments (payment_id, order_id, payment_date, payment_method, amount, currency) VALUES (NULL, 652, '2025-05-01 00:13:08.647505', 'PayPal', 1062.36, 'USD');
INSERT INTO Shipping (shipping_id, order_id, carrier, tracking_number, ship_date, delivery_date, status) VALUES (NULL, 652, 'UPS', 'TRK000652', '2025-03-06', '2025-07-25', 'Delivered');
INSERT INTO Orders (order_id, customer_id, order_date, status, shipping_address, total_amount) VALUES (653, 31, '2025-07-09 00:11:35.445267', 'Shipped', '16999 Jefferson Canyon West Linda, IA 26363', 1502.01);
INSERT INTO Order_Items (order_item_id, order_id, product_id, quantity, unit_price, discount) VALUES (NULL, 653, 50, 3, 135.8, 0);
INSERT INTO Order_Items (order_item_id, order_id, product_id, quantity, unit_price, discount) VALUES (NULL, 653, 6, 3, 303.48, 0);
INSERT INTO Order_Items (order_item_id, order_id, product_id, quantity, unit_price, discount) VALUES (NULL, 653, 18, 1, 262.4, 0);
INSERT INTO Payments (payment_id, order_id, payment_date, payment_method, amount, currency) VALUES (NULL, 653, '2025-08-01 07:03:20.035546', 'Credit Card', 1502.01, 'USD');
INSERT INTO Shipping (shipping_id, order_id, carrier, tracking_number, ship_date, delivery_date, status) VALUES (NULL, 653, 'FedEx', 'TRK000653', '2025-03-26', '2025-03-13', 'Delivered');
INSERT INTO Orders (order_id, customer_id, order_date, status, shipping_address, total_amount) VALUES (654, 197, '2025-02-23 03:35:36.358028', 'Shipped', '649 Smith Circles Suite 819 Nicholasview, WY 73119', 2033.91);
INSERT INTO Order_Items (order_item_id, order_id, product_id, quantity, unit_price, discount) VALUES (NULL, 654, 45, 1, 47.21, 0);
INSERT INTO Order_Items (order_item_id, order_id, product_id, quantity, unit_price, discount) VALUES (NULL, 654, 18, 2, 53.11, 15);
INSERT INTO Order_Items (order_item_id, order_id, product_id, quantity, unit_price, discount) VALUES (NULL, 654, 23, 1, 245.89, 0);
INSERT INTO Order_Items (order_item_id, order_id, product_id, quantity, unit_price, discount) VALUES (NULL, 654, 8, 2, 171.36, 5);
INSERT INTO Order_Items (order_item_id, order_id, product_id, quantity, unit_price, discount) VALUES (NULL, 654, 22, 1, 212.61, 15);
INSERT INTO Payments (payment_id, order_id, payment_date, payment_method, amount, currency) VALUES (NULL, 654, '2025-04-21 09:30:11.546588', 'PayPal', 2033.91, 'USD');
INSERT INTO Shipping (shipping_id, order_id, carrier, tracking_number, ship_date, delivery_date, status) VALUES (NULL, 654, 'DHL', 'TRK000654', '2025-04-16', '2025-02-24', 'Delivered');
INSERT INTO Orders (order_id, customer_id, order_date, status, shipping_address, total_amount) VALUES (655, 119, '2025-03-20 07:21:48.271868', 'Shipped', '90832 Dorsey Valley Suite 178 Hawkinsshire, ND 05691', 1548.42);
INSERT INTO Order_Items (order_item_id, order_id, product_id, quantity, unit_price, discount) VALUES (NULL, 655, 11, 3, 26.43, 5);
INSERT INTO Order_Items (order_item_id, order_id, product_id, quantity, unit_price, discount) VALUES (NULL, 655, 11, 3, 73.98, 10);
INSERT INTO Payments (payment_id, order_id, payment_date, payment_method, amount, currency) VALUES (NULL, 655, '2025-01-09 00:53:02.706094', 'Credit Card', 1548.42, 'USD');
INSERT INTO Shipping (shipping_id, order_id, carrier, tracking_number, ship_date, delivery_date, status) VALUES (NULL, 655, 'DHL', 'TRK000655', '2025-06-28', '2025-02-02', 'Delivered');
INSERT INTO Orders (order_id, customer_id, order_date, status, shipping_address, total_amount) VALUES (656, 102, '2025-02-28 14:34:01.170207', 'Shipped', '827 Kaitlyn Drives Desireeland, GU 08944', 576.94);
INSERT INTO Order_Items (order_item_id, order_id, product_id, quantity, unit_price, discount) VALUES (NULL, 656, 16, 1, 376.69, 5);
INSERT INTO Order_Items (order_item_id, order_id, product_id, quantity, unit_price, discount) VALUES (NULL, 656, 36, 3, 330.18, 0);
INSERT INTO Order_Items (order_item_id, order_id, product_id, quantity, unit_price, discount) VALUES (NULL, 656, 16, 2, 451.69, 5);
INSERT INTO Order_Items (order_item_id, order_id, product_id, quantity, unit_price, discount) VALUES (NULL, 656, 16, 1, 352.92, 0);
INSERT INTO Payments (payment_id, order_id, payment_date, payment_method, amount, currency) VALUES (NULL, 656, '2025-01-30 23:17:46.821396', 'Debit Card', 576.94, 'USD');
INSERT INTO Shipping (shipping_id, order_id, carrier, tracking_number, ship_date, delivery_date, status) VALUES (NULL, 656, 'UPS', 'TRK000656', '2025-05-31', '2025-01-28', 'Delivered');
INSERT INTO Orders (order_id, customer_id, order_date, status, shipping_address, total_amount) VALUES (657, 20, '2025-08-18 02:53:23.960156', 'Shipped', '53649 Owens Hollow West Kristyshire, OH 71898', 2837.29);
INSERT INTO Order_Items (order_item_id, order_id, product_id, quantity, unit_price, discount) VALUES (NULL, 657, 18, 3, 65.99, 5);
INSERT INTO Payments (payment_id, order_id, payment_date, payment_method, amount, currency) VALUES (NULL, 657, '2025-04-03 02:45:01.743408', 'Debit Card', 2837.29, 'USD');
INSERT INTO Shipping (shipping_id, order_id, carrier, tracking_number, ship_date, delivery_date, status) VALUES (NULL, 657, 'DHL', 'TRK000657', '2025-01-16', '2025-08-19', 'Delivered');
INSERT INTO Orders (order_id, customer_id, order_date, status, shipping_address, total_amount) VALUES (658, 70, '2025-08-27 01:02:22.600467', 'Shipped', '812 Fischer Flat Leslieport, OH 37442', 2803.1);
INSERT INTO Order_Items (order_item_id, order_id, product_id, quantity, unit_price, discount) VALUES (NULL, 658, 11, 2, 145.6, 0);
INSERT INTO Payments (payment_id, order_id, payment_date, payment_method, amount, currency) VALUES (NULL, 658, '2025-08-23 22:07:55.492377', 'Debit Card', 2803.1, 'USD');
INSERT INTO Shipping (shipping_id, order_id, carrier, tracking_number, ship_date, delivery_date, status) VALUES (NULL, 658, 'FedEx', 'TRK000658', '2025-08-22', '2025-05-30', 'Delivered');
INSERT INTO Orders (order_id, customer_id, order_date, status, shipping_address, total_amount) VALUES (659, 94, '2025-07-03 03:30:56.029424', 'Shipped', '7490 Megan Cape Suite 627 Aprilshire, CT 48902', 2407.64);
INSERT INTO Order_Items (order_item_id, order_id, product_id, quantity, unit_price, discount) VALUES (NULL, 659, 21, 2, 414.13, 15);
INSERT INTO Order_Items (order_item_id, order_id, product_id, quantity, unit_price, discount) VALUES (NULL, 659, 18, 1, 258.93, 5);
INSERT INTO Order_Items (order_item_id, order_id, product_id, quantity, unit_price, discount) VALUES (NULL, 659, 6, 3, 115.27, 15);
INSERT INTO Order_Items (order_item_id, order_id, product_id, quantity, unit_price, discount) VALUES (NULL, 659, 39, 2, 423.91, 10);
INSERT INTO Payments (payment_id, order_id, payment_date, payment_method, amount, currency) VALUES (NULL, 659, '2025-03-05 01:51:13.512486', 'Debit Card', 2407.64, 'USD');
INSERT INTO Shipping (shipping_id, order_id, carrier, tracking_number, ship_date, delivery_date, status) VALUES (NULL, 659, 'UPS', 'TRK000659', '2025-05-08', '2025-06-03', 'Delivered');
INSERT INTO Orders (order_id, customer_id, order_date, status, shipping_address, total_amount) VALUES (660, 160, '2025-05-14 21:18:23.073413', 'Shipped', '7223 Thornton Lodge East Matthewmouth, ND 98018', 1676.58);
INSERT INTO Order_Items (order_item_id, order_id, product_id, quantity, unit_price, discount) VALUES (NULL, 660, 34, 1, 462.59, 5);
INSERT INTO Order_Items (order_item_id, order_id, product_id, quantity, unit_price, discount) VALUES (NULL, 660, 10, 1, 333.83, 15);
INSERT INTO Payments (payment_id, order_id, payment_date, payment_method, amount, currency) VALUES (NULL, 660, '2025-06-27 23:41:14.387347', 'Credit Card', 1676.58, 'USD');
INSERT INTO Shipping (shipping_id, order_id, carrier, tracking_number, ship_date, delivery_date, status) VALUES (NULL, 660, 'UPS', 'TRK000660', '2025-05-05', '2025-02-12', 'Delivered');
INSERT INTO Orders (order_id, customer_id, order_date, status, shipping_address, total_amount) VALUES (661, 67, '2025-04-08 00:27:28.195297', 'Shipped', '99609 Jasmine Rapids Apt. 837 Acevedomouth, FL 29209', 276.82);
INSERT INTO Order_Items (order_item_id, order_id, product_id, quantity, unit_price, discount) VALUES (NULL, 661, 3, 1, 87.09, 10);
INSERT INTO Order_Items (order_item_id, order_id, product_id, quantity, unit_price, discount) VALUES (NULL, 661, 48, 1, 66.84, 15);
INSERT INTO Order_Items (order_item_id, order_id, product_id, quantity, unit_price, discount) VALUES (NULL, 661, 22, 1, 428.52, 0);
INSERT INTO Order_Items (order_item_id, order_id, product_id, quantity, unit_price, discount) VALUES (NULL, 661, 3, 1, 314.8, 0);
INSERT INTO Payments (payment_id, order_id, payment_date, payment_method, amount, currency) VALUES (NULL, 661, '2025-03-02 10:18:40.705102', 'Credit Card', 276.82, 'USD');
INSERT INTO Shipping (shipping_id, order_id, carrier, tracking_number, ship_date, delivery_date, status) VALUES (NULL, 661, 'UPS', 'TRK000661', '2025-01-31', '2025-04-12', 'Delivered');
INSERT INTO Orders (order_id, customer_id, order_date, status, shipping_address, total_amount) VALUES (662, 150, '2025-03-03 20:44:32.814770', 'Shipped', '297 Ryan Fords Vincentside, NE 33751', 1160.74);
INSERT INTO Order_Items (order_item_id, order_id, product_id, quantity, unit_price, discount) VALUES (NULL, 662, 32, 3, 370.44, 5);
INSERT INTO Order_Items (order_item_id, order_id, product_id, quantity, unit_price, discount) VALUES (NULL, 662, 47, 2, 80.88, 0);
INSERT INTO Order_Items (order_item_id, order_id, product_id, quantity, unit_price, discount) VALUES (NULL, 662, 5, 1, 221.95, 10);
INSERT INTO Order_Items (order_item_id, order_id, product_id, quantity, unit_price, discount) VALUES (NULL, 662, 15, 1, 87.0, 10);
INSERT INTO Payments (payment_id, order_id, payment_date, payment_method, amount, currency) VALUES (NULL, 662, '2025-05-23 13:53:43.505925', 'Credit Card', 1160.74, 'USD');
INSERT INTO Shipping (shipping_id, order_id, carrier, tracking_number, ship_date, delivery_date, status) VALUES (NULL, 662, 'FedEx', 'TRK000662', '2025-01-01', '2025-01-17', 'Delivered');
INSERT INTO Orders (order_id, customer_id, order_date, status, shipping_address, total_amount) VALUES (663, 179, '2025-01-08 23:26:13.611949', 'Shipped', '99676 Rojas Shores Apt. 287 South Jessicachester, MI 63905', 678.78);
INSERT INTO Order_Items (order_item_id, order_id, product_id, quantity, unit_price, discount) VALUES (NULL, 663, 39, 1, 286.08, 0);
INSERT INTO Order_Items (order_item_id, order_id, product_id, quantity, unit_price, discount) VALUES (NULL, 663, 13, 3, 37.56, 5);
INSERT INTO Payments (payment_id, order_id, payment_date, payment_method, amount, currency) VALUES (NULL, 663, '2025-01-15 20:15:24.752516', 'Credit Card', 678.78, 'USD');
INSERT INTO Shipping (shipping_id, order_id, carrier, tracking_number, ship_date, delivery_date, status) VALUES (NULL, 663, 'FedEx', 'TRK000663', '2025-03-20', '2025-02-13', 'Delivered');
INSERT INTO Orders (order_id, customer_id, order_date, status, shipping_address, total_amount) VALUES (664, 52, '2025-07-01 07:35:42.028921', 'Shipped', '960 Hurley Lane North Danielborough, KS 76252', 1832.66);
INSERT INTO Order_Items (order_item_id, order_id, product_id, quantity, unit_price, discount) VALUES (NULL, 664, 6, 3, 301.22, 15);
INSERT INTO Order_Items (order_item_id, order_id, product_id, quantity, unit_price, discount) VALUES (NULL, 664, 44, 2, 224.23, 0);
INSERT INTO Payments (payment_id, order_id, payment_date, payment_method, amount, currency) VALUES (NULL, 664, '2025-08-07 15:06:58.748789', 'Debit Card', 1832.66, 'USD');
INSERT INTO Shipping (shipping_id, order_id, carrier, tracking_number, ship_date, delivery_date, status) VALUES (NULL, 664, 'UPS', 'TRK000664', '2025-04-02', '2025-06-01', 'Delivered');
INSERT INTO Orders (order_id, customer_id, order_date, status, shipping_address, total_amount) VALUES (665, 87, '2025-03-01 20:31:57.922138', 'Shipped', 'PSC 7756, Box 8306 APO AP 35977', 1479.06);
INSERT INTO Order_Items (order_item_id, order_id, product_id, quantity, unit_price, discount) VALUES (NULL, 665, 18, 2, 228.28, 10);
INSERT INTO Payments (payment_id, order_id, payment_date, payment_method, amount, currency) VALUES (NULL, 665, '2025-03-22 06:30:00.392194', 'PayPal', 1479.06, 'USD');
INSERT INTO Shipping (shipping_id, order_id, carrier, tracking_number, ship_date, delivery_date, status) VALUES (NULL, 665, 'DHL', 'TRK000665', '2025-08-14', '2025-05-08', 'Delivered');
INSERT INTO Orders (order_id, customer_id, order_date, status, shipping_address, total_amount) VALUES (666, 199, '2025-04-21 04:43:02.381551', 'Shipped', '268 Michelle Vista Apt. 769 Lake Lori, MA 56666', 2349.85);
INSERT INTO Order_Items (order_item_id, order_id, product_id, quantity, unit_price, discount) VALUES (NULL, 666, 44, 2, 29.81, 5);
INSERT INTO Order_Items (order_item_id, order_id, product_id, quantity, unit_price, discount) VALUES (NULL, 666, 1, 1, 482.01, 5);
INSERT INTO Order_Items (order_item_id, order_id, product_id, quantity, unit_price, discount) VALUES (NULL, 666, 6, 1, 423.06, 5);
INSERT INTO Order_Items (order_item_id, order_id, product_id, quantity, unit_price, discount) VALUES (NULL, 666, 17, 3, 478.91, 0);
INSERT INTO Order_Items (order_item_id, order_id, product_id, quantity, unit_price, discount) VALUES (NULL, 666, 25, 2, 103.63, 0);
INSERT INTO Payments (payment_id, order_id, payment_date, payment_method, amount, currency) VALUES (NULL, 666, '2025-03-06 08:17:43.158364', 'Credit Card', 2349.85, 'USD');
INSERT INTO Shipping (shipping_id, order_id, carrier, tracking_number, ship_date, delivery_date, status) VALUES (NULL, 666, 'FedEx', 'TRK000666', '2025-06-08', '2025-02-07', 'Delivered');
INSERT INTO Orders (order_id, customer_id, order_date, status, shipping_address, total_amount) VALUES (667, 57, '2025-05-02 01:29:47.829406', 'Shipped', '1664 Singh Plains Lake Scott, NH 14874', 2367.01);
INSERT INTO Order_Items (order_item_id, order_id, product_id, quantity, unit_price, discount) VALUES (NULL, 667, 41, 1, 359.73, 10);
INSERT INTO Order_Items (order_item_id, order_id, product_id, quantity, unit_price, discount) VALUES (NULL, 667, 25, 2, 342.44, 0);
INSERT INTO Order_Items (order_item_id, order_id, product_id, quantity, unit_price, discount) VALUES (NULL, 667, 29, 3, 62.58, 5);
INSERT INTO Order_Items (order_item_id, order_id, product_id, quantity, unit_price, discount) VALUES (NULL, 667, 16, 3, 233.18, 15);
INSERT INTO Payments (payment_id, order_id, payment_date, payment_method, amount, currency) VALUES (NULL, 667, '2025-04-11 09:07:17.325654', 'PayPal', 2367.01, 'USD');
INSERT INTO Shipping (shipping_id, order_id, carrier, tracking_number, ship_date, delivery_date, status) VALUES (NULL, 667, 'DHL', 'TRK000667', '2025-02-05', '2025-02-04', 'Delivered');
INSERT INTO Orders (order_id, customer_id, order_date, status, shipping_address, total_amount) VALUES (668, 114, '2025-07-30 23:49:46.860056', 'Shipped', '620 Stephens Rue Apt. 283 Lake Tamara, DC 80864', 529.32);
INSERT INTO Order_Items (order_item_id, order_id, product_id, quantity, unit_price, discount) VALUES (NULL, 668, 38, 2, 298.93, 15);
INSERT INTO Order_Items (order_item_id, order_id, product_id, quantity, unit_price, discount) VALUES (NULL, 668, 23, 3, 169.64, 5);
INSERT INTO Order_Items (order_item_id, order_id, product_id, quantity, unit_price, discount) VALUES (NULL, 668, 13, 3, 297.93, 0);
INSERT INTO Payments (payment_id, order_id, payment_date, payment_method, amount, currency) VALUES (NULL, 668, '2025-06-25 23:14:52.754992', 'Debit Card', 529.32, 'USD');
INSERT INTO Shipping (shipping_id, order_id, carrier, tracking_number, ship_date, delivery_date, status) VALUES (NULL, 668, 'UPS', 'TRK000668', '2025-05-17', '2025-06-25', 'Delivered');
INSERT INTO Orders (order_id, customer_id, order_date, status, shipping_address, total_amount) VALUES (669, 135, '2025-05-22 23:34:38.723389', 'Shipped', '6918 Kevin Villages Prattberg, AZ 60289', 709.35);
INSERT INTO Order_Items (order_item_id, order_id, product_id, quantity, unit_price, discount) VALUES (NULL, 669, 6, 3, 282.13, 5);
INSERT INTO Payments (payment_id, order_id, payment_date, payment_method, amount, currency) VALUES (NULL, 669, '2025-06-03 04:40:59.636680', 'Debit Card', 709.35, 'USD');
INSERT INTO Shipping (shipping_id, order_id, carrier, tracking_number, ship_date, delivery_date, status) VALUES (NULL, 669, 'UPS', 'TRK000669', '2025-04-15', '2025-08-24', 'Delivered');
INSERT INTO Orders (order_id, customer_id, order_date, status, shipping_address, total_amount) VALUES (670, 14, '2025-04-16 09:08:22.093013', 'Shipped', '531 Andre Bypass Suite 607 South Jeremyville, IA 69173', 2477.02);
INSERT INTO Order_Items (order_item_id, order_id, product_id, quantity, unit_price, discount) VALUES (NULL, 670, 21, 1, 298.48, 0);
INSERT INTO Order_Items (order_item_id, order_id, product_id, quantity, unit_price, discount) VALUES (NULL, 670, 12, 2, 314.07, 10);
INSERT INTO Order_Items (order_item_id, order_id, product_id, quantity, unit_price, discount) VALUES (NULL, 670, 50, 2, 446.64, 0);
INSERT INTO Payments (payment_id, order_id, payment_date, payment_method, amount, currency) VALUES (NULL, 670, '2025-07-31 21:01:38.722847', 'Credit Card', 2477.02, 'USD');
INSERT INTO Shipping (shipping_id, order_id, carrier, tracking_number, ship_date, delivery_date, status) VALUES (NULL, 670, 'FedEx', 'TRK000670', '2025-03-13', '2025-04-02', 'Delivered');
INSERT INTO Orders (order_id, customer_id, order_date, status, shipping_address, total_amount) VALUES (671, 53, '2025-08-19 00:57:48.659948', 'Shipped', '8766 Daniel Freeway South Sarahton, MT 82184', 536.87);
INSERT INTO Order_Items (order_item_id, order_id, product_id, quantity, unit_price, discount) VALUES (NULL, 671, 10, 1, 43.41, 15);
INSERT INTO Payments (payment_id, order_id, payment_date, payment_method, amount, currency) VALUES (NULL, 671, '2025-05-28 20:31:09.845893', 'Debit Card', 536.87, 'USD');
INSERT INTO Shipping (shipping_id, order_id, carrier, tracking_number, ship_date, delivery_date, status) VALUES (NULL, 671, 'DHL', 'TRK000671', '2025-08-20', '2025-02-16', 'Delivered');
INSERT INTO Orders (order_id, customer_id, order_date, status, shipping_address, total_amount) VALUES (672, 176, '2025-01-29 18:10:25.231950', 'Shipped', '5134 Ortiz Valley Micheleland, RI 16684', 29.27);
INSERT INTO Order_Items (order_item_id, order_id, product_id, quantity, unit_price, discount) VALUES (NULL, 672, 46, 1, 253.09, 10);
INSERT INTO Order_Items (order_item_id, order_id, product_id, quantity, unit_price, discount) VALUES (NULL, 672, 34, 1, 240.14, 10);
INSERT INTO Order_Items (order_item_id, order_id, product_id, quantity, unit_price, discount) VALUES (NULL, 672, 22, 1, 410.1, 5);
INSERT INTO Payments (payment_id, order_id, payment_date, payment_method, amount, currency) VALUES (NULL, 672, '2025-07-15 10:53:49.043885', 'PayPal', 29.27, 'USD');
INSERT INTO Shipping (shipping_id, order_id, carrier, tracking_number, ship_date, delivery_date, status) VALUES (NULL, 672, 'UPS', 'TRK000672', '2025-06-11', '2025-04-17', 'Delivered');
INSERT INTO Orders (order_id, customer_id, order_date, status, shipping_address, total_amount) VALUES (673, 184, '2025-06-11 23:46:10.056528', 'Shipped', '6984 Martinez Rapid Martinville, NM 66894', 1437.52);
INSERT INTO Order_Items (order_item_id, order_id, product_id, quantity, unit_price, discount) VALUES (NULL, 673, 45, 2, 207.56, 10);
INSERT INTO Order_Items (order_item_id, order_id, product_id, quantity, unit_price, discount) VALUES (NULL, 673, 28, 1, 425.66, 5);
INSERT INTO Order_Items (order_item_id, order_id, product_id, quantity, unit_price, discount) VALUES (NULL, 673, 4, 3, 68.82, 10);
INSERT INTO Order_Items (order_item_id, order_id, product_id, quantity, unit_price, discount) VALUES (NULL, 673, 47, 3, 420.12, 0);
INSERT INTO Payments (payment_id, order_id, payment_date, payment_method, amount, currency) VALUES (NULL, 673, '2025-03-28 11:57:19.336406', 'PayPal', 1437.52, 'USD');
INSERT INTO Shipping (shipping_id, order_id, carrier, tracking_number, ship_date, delivery_date, status) VALUES (NULL, 673, 'UPS', 'TRK000673', '2025-01-21', '2025-07-30', 'Delivered');
INSERT INTO Orders (order_id, customer_id, order_date, status, shipping_address, total_amount) VALUES (674, 76, '2025-01-13 12:55:38.337161', 'Shipped', '360 Thompson Junctions East Karen, KS 43504', 2045.57);
INSERT INTO Order_Items (order_item_id, order_id, product_id, quantity, unit_price, discount) VALUES (NULL, 674, 21, 2, 216.52, 15);
INSERT INTO Order_Items (order_item_id, order_id, product_id, quantity, unit_price, discount) VALUES (NULL, 674, 34, 2, 301.79, 5);
INSERT INTO Order_Items (order_item_id, order_id, product_id, quantity, unit_price, discount) VALUES (NULL, 674, 5, 2, 289.65, 5);
INSERT INTO Payments (payment_id, order_id, payment_date, payment_method, amount, currency) VALUES (NULL, 674, '2025-08-06 11:06:58.551296', 'Debit Card', 2045.57, 'USD');
INSERT INTO Shipping (shipping_id, order_id, carrier, tracking_number, ship_date, delivery_date, status) VALUES (NULL, 674, 'FedEx', 'TRK000674', '2025-01-26', '2025-01-16', 'Delivered');
INSERT INTO Orders (order_id, customer_id, order_date, status, shipping_address, total_amount) VALUES (675, 50, '2025-01-07 09:12:53.778752', 'Shipped', '738 Katherine Divide Suite 925 East Timothy, VT 51781', 1533.13);
INSERT INTO Order_Items (order_item_id, order_id, product_id, quantity, unit_price, discount) VALUES (NULL, 675, 37, 3, 48.9, 0);
INSERT INTO Order_Items (order_item_id, order_id, product_id, quantity, unit_price, discount) VALUES (NULL, 675, 8, 3, 90.13, 5);
INSERT INTO Order_Items (order_item_id, order_id, product_id, quantity, unit_price, discount) VALUES (NULL, 675, 3, 3, 115.36, 0);
INSERT INTO Order_Items (order_item_id, order_id, product_id, quantity, unit_price, discount) VALUES (NULL, 675, 18, 3, 170.45, 15);
INSERT INTO Order_Items (order_item_id, order_id, product_id, quantity, unit_price, discount) VALUES (NULL, 675, 37, 3, 381.98, 10);
INSERT INTO Payments (payment_id, order_id, payment_date, payment_method, amount, currency) VALUES (NULL, 675, '2025-03-20 05:50:05.776310', 'Credit Card', 1533.13, 'USD');
INSERT INTO Shipping (shipping_id, order_id, carrier, tracking_number, ship_date, delivery_date, status) VALUES (NULL, 675, 'DHL', 'TRK000675', '2025-02-05', '2025-07-14', 'Delivered');
INSERT INTO Orders (order_id, customer_id, order_date, status, shipping_address, total_amount) VALUES (676, 149, '2025-06-06 08:58:50.775112', 'Shipped', '3731 Ashley Locks Apt. 697 Oscarfort, CT 40776', 2551.0);
INSERT INTO Order_Items (order_item_id, order_id, product_id, quantity, unit_price, discount) VALUES (NULL, 676, 47, 1, 468.29, 15);
INSERT INTO Order_Items (order_item_id, order_id, product_id, quantity, unit_price, discount) VALUES (NULL, 676, 9, 1, 336.58, 10);
INSERT INTO Payments (payment_id, order_id, payment_date, payment_method, amount, currency) VALUES (NULL, 676, '2025-02-20 16:48:55.629664', 'Debit Card', 2551.0, 'USD');
INSERT INTO Shipping (shipping_id, order_id, carrier, tracking_number, ship_date, delivery_date, status) VALUES (NULL, 676, 'FedEx', 'TRK000676', '2025-08-17', '2025-06-19', 'Delivered');
INSERT INTO Orders (order_id, customer_id, order_date, status, shipping_address, total_amount) VALUES (677, 94, '2025-06-09 15:31:40.449138', 'Shipped', '66035 Craig Tunnel Suite 746 East Matthewmouth, PA 53886', 2360.48);
INSERT INTO Order_Items (order_item_id, order_id, product_id, quantity, unit_price, discount) VALUES (NULL, 677, 42, 3, 408.13, 15);
INSERT INTO Payments (payment_id, order_id, payment_date, payment_method, amount, currency) VALUES (NULL, 677, '2025-02-20 01:25:09.527058', 'Credit Card', 2360.48, 'USD');
INSERT INTO Shipping (shipping_id, order_id, carrier, tracking_number, ship_date, delivery_date, status) VALUES (NULL, 677, 'DHL', 'TRK000677', '2025-07-12', '2025-04-29', 'Delivered');
INSERT INTO Orders (order_id, customer_id, order_date, status, shipping_address, total_amount) VALUES (678, 149, '2025-08-13 22:18:47.365312', 'Shipped', '9638 Garner Wall Jeanville, NH 37730', 1491.34);
INSERT INTO Order_Items (order_item_id, order_id, product_id, quantity, unit_price, discount) VALUES (NULL, 678, 19, 1, 280.05, 15);
INSERT INTO Order_Items (order_item_id, order_id, product_id, quantity, unit_price, discount) VALUES (NULL, 678, 48, 3, 195.01, 15);
INSERT INTO Order_Items (order_item_id, order_id, product_id, quantity, unit_price, discount) VALUES (NULL, 678, 41, 1, 350.82, 5);
INSERT INTO Order_Items (order_item_id, order_id, product_id, quantity, unit_price, discount) VALUES (NULL, 678, 27, 1, 53.17, 0);
INSERT INTO Payments (payment_id, order_id, payment_date, payment_method, amount, currency) VALUES (NULL, 678, '2025-01-17 22:24:10.975879', 'Credit Card', 1491.34, 'USD');
INSERT INTO Shipping (shipping_id, order_id, carrier, tracking_number, ship_date, delivery_date, status) VALUES (NULL, 678, 'UPS', 'TRK000678', '2025-05-09', '2025-07-16', 'Delivered');
INSERT INTO Orders (order_id, customer_id, order_date, status, shipping_address, total_amount) VALUES (679, 132, '2025-08-02 13:53:36.530839', 'Shipped', '244 John Walk Nicholashaven, GA 45214', 1146.37);
INSERT INTO Order_Items (order_item_id, order_id, product_id, quantity, unit_price, discount) VALUES (NULL, 679, 49, 3, 382.84, 10);
INSERT INTO Order_Items (order_item_id, order_id, product_id, quantity, unit_price, discount) VALUES (NULL, 679, 24, 3, 140.44, 0);
INSERT INTO Payments (payment_id, order_id, payment_date, payment_method, amount, currency) VALUES (NULL, 679, '2025-03-10 11:01:06.372557', 'Debit Card', 1146.37, 'USD');
INSERT INTO Shipping (shipping_id, order_id, carrier, tracking_number, ship_date, delivery_date, status) VALUES (NULL, 679, 'UPS', 'TRK000679', '2025-06-30', '2025-07-06', 'Delivered');
INSERT INTO Orders (order_id, customer_id, order_date, status, shipping_address, total_amount) VALUES (680, 23, '2025-02-09 22:51:14.668087', 'Shipped', '28557 Shawn Lane Garnermouth, AS 28312', 627.9);
INSERT INTO Order_Items (order_item_id, order_id, product_id, quantity, unit_price, discount) VALUES (NULL, 680, 19, 3, 481.12, 5);
INSERT INTO Order_Items (order_item_id, order_id, product_id, quantity, unit_price, discount) VALUES (NULL, 680, 42, 3, 488.83, 5);
INSERT INTO Order_Items (order_item_id, order_id, product_id, quantity, unit_price, discount) VALUES (NULL, 680, 21, 2, 448.86, 15);
INSERT INTO Order_Items (order_item_id, order_id, product_id, quantity, unit_price, discount) VALUES (NULL, 680, 22, 1, 48.03, 0);
INSERT INTO Order_Items (order_item_id, order_id, product_id, quantity, unit_price, discount) VALUES (NULL, 680, 50, 3, 290.26, 15);
INSERT INTO Payments (payment_id, order_id, payment_date, payment_method, amount, currency) VALUES (NULL, 680, '2025-07-29 00:40:30.855324', 'Credit Card', 627.9, 'USD');
INSERT INTO Shipping (shipping_id, order_id, carrier, tracking_number, ship_date, delivery_date, status) VALUES (NULL, 680, 'FedEx', 'TRK000680', '2025-01-26', '2025-03-19', 'Delivered');
INSERT INTO Orders (order_id, customer_id, order_date, status, shipping_address, total_amount) VALUES (681, 28, '2025-02-21 13:55:29.218387', 'Shipped', '8679 Jenkins Fort North Jeffrey, CT 88820', 1722.37);
INSERT INTO Order_Items (order_item_id, order_id, product_id, quantity, unit_price, discount) VALUES (NULL, 681, 14, 2, 292.29, 0);
INSERT INTO Order_Items (order_item_id, order_id, product_id, quantity, unit_price, discount) VALUES (NULL, 681, 47, 1, 423.12, 0);
INSERT INTO Order_Items (order_item_id, order_id, product_id, quantity, unit_price, discount) VALUES (NULL, 681, 47, 3, 168.26, 15);
INSERT INTO Order_Items (order_item_id, order_id, product_id, quantity, unit_price, discount) VALUES (NULL, 681, 30, 3, 38.19, 0);
INSERT INTO Payments (payment_id, order_id, payment_date, payment_method, amount, currency) VALUES (NULL, 681, '2025-07-02 21:40:09.143387', 'PayPal', 1722.37, 'USD');
INSERT INTO Shipping (shipping_id, order_id, carrier, tracking_number, ship_date, delivery_date, status) VALUES (NULL, 681, 'UPS', 'TRK000681', '2025-03-14', '2025-06-04', 'Delivered');
INSERT INTO Orders (order_id, customer_id, order_date, status, shipping_address, total_amount) VALUES (682, 55, '2025-06-28 02:03:21.549690', 'Shipped', '427 Tammy Plaza Andersonshire, MD 97654', 2080.61);
INSERT INTO Order_Items (order_item_id, order_id, product_id, quantity, unit_price, discount) VALUES (NULL, 682, 39, 3, 153.21, 5);
INSERT INTO Order_Items (order_item_id, order_id, product_id, quantity, unit_price, discount) VALUES (NULL, 682, 43, 1, 401.6, 10);
INSERT INTO Order_Items (order_item_id, order_id, product_id, quantity, unit_price, discount) VALUES (NULL, 682, 28, 2, 344.44, 0);
INSERT INTO Order_Items (order_item_id, order_id, product_id, quantity, unit_price, discount) VALUES (NULL, 682, 39, 3, 29.6, 10);
INSERT INTO Payments (payment_id, order_id, payment_date, payment_method, amount, currency) VALUES (NULL, 682, '2025-01-15 23:40:18.929841', 'Credit Card', 2080.61, 'USD');
INSERT INTO Shipping (shipping_id, order_id, carrier, tracking_number, ship_date, delivery_date, status) VALUES (NULL, 682, 'UPS', 'TRK000682', '2025-06-29', '2025-04-21', 'Delivered');
INSERT INTO Orders (order_id, customer_id, order_date, status, shipping_address, total_amount) VALUES (683, 53, '2025-07-31 14:45:07.307723', 'Shipped', '308 Hensley Branch Adrianstad, MD 21067', 255.71);
INSERT INTO Order_Items (order_item_id, order_id, product_id, quantity, unit_price, discount) VALUES (NULL, 683, 47, 1, 367.14, 0);
INSERT INTO Order_Items (order_item_id, order_id, product_id, quantity, unit_price, discount) VALUES (NULL, 683, 9, 1, 103.75, 10);
INSERT INTO Payments (payment_id, order_id, payment_date, payment_method, amount, currency) VALUES (NULL, 683, '2025-08-06 13:32:40.867076', 'Debit Card', 255.71, 'USD');
INSERT INTO Shipping (shipping_id, order_id, carrier, tracking_number, ship_date, delivery_date, status) VALUES (NULL, 683, 'UPS', 'TRK000683', '2025-07-29', '2025-07-11', 'Delivered');
INSERT INTO Orders (order_id, customer_id, order_date, status, shipping_address, total_amount) VALUES (684, 64, '2025-04-02 22:33:51.083085', 'Shipped', '0786 Ruben Divide Apt. 026 East Tony, NE 97006', 1578.75);
INSERT INTO Order_Items (order_item_id, order_id, product_id, quantity, unit_price, discount) VALUES (NULL, 684, 9, 2, 293.33, 0);
INSERT INTO Order_Items (order_item_id, order_id, product_id, quantity, unit_price, discount) VALUES (NULL, 684, 4, 3, 369.33, 0);
INSERT INTO Payments (payment_id, order_id, payment_date, payment_method, amount, currency) VALUES (NULL, 684, '2025-02-05 12:25:52.048573', 'Credit Card', 1578.75, 'USD');
INSERT INTO Shipping (shipping_id, order_id, carrier, tracking_number, ship_date, delivery_date, status) VALUES (NULL, 684, 'FedEx', 'TRK000684', '2025-02-28', '2025-04-10', 'Delivered');
INSERT INTO Orders (order_id, customer_id, order_date, status, shipping_address, total_amount) VALUES (685, 177, '2025-02-11 15:55:45.257553', 'Shipped', 'USCGC Martinez FPO AE 55760', 1470.78);
INSERT INTO Order_Items (order_item_id, order_id, product_id, quantity, unit_price, discount) VALUES (NULL, 685, 36, 2, 101.85, 10);
INSERT INTO Order_Items (order_item_id, order_id, product_id, quantity, unit_price, discount) VALUES (NULL, 685, 36, 3, 98.14, 10);
INSERT INTO Payments (payment_id, order_id, payment_date, payment_method, amount, currency) VALUES (NULL, 685, '2025-03-02 21:05:25.829342', 'Credit Card', 1470.78, 'USD');
INSERT INTO Shipping (shipping_id, order_id, carrier, tracking_number, ship_date, delivery_date, status) VALUES (NULL, 685, 'DHL', 'TRK000685', '2025-03-13', '2025-01-13', 'Delivered');
INSERT INTO Orders (order_id, customer_id, order_date, status, shipping_address, total_amount) VALUES (686, 155, '2025-07-15 11:34:22.450951', 'Shipped', '2096 Thomas Stream Newmanberg, AZ 73654', 1411.22);
INSERT INTO Order_Items (order_item_id, order_id, product_id, quantity, unit_price, discount) VALUES (NULL, 686, 45, 1, 113.16, 10);
INSERT INTO Order_Items (order_item_id, order_id, product_id, quantity, unit_price, discount) VALUES (NULL, 686, 17, 3, 172.01, 15);
INSERT INTO Order_Items (order_item_id, order_id, product_id, quantity, unit_price, discount) VALUES (NULL, 686, 29, 3, 453.07, 10);
INSERT INTO Payments (payment_id, order_id, payment_date, payment_method, amount, currency) VALUES (NULL, 686, '2025-06-26 05:03:15.791439', 'PayPal', 1411.22, 'USD');
INSERT INTO Shipping (shipping_id, order_id, carrier, tracking_number, ship_date, delivery_date, status) VALUES (NULL, 686, 'UPS', 'TRK000686', '2025-07-24', '2025-02-22', 'Delivered');
INSERT INTO Orders (order_id, customer_id, order_date, status, shipping_address, total_amount) VALUES (687, 103, '2025-01-19 06:14:15.778845', 'Shipped', '186 Bartlett Keys Port Robertland, MH 01076', 665.31);
INSERT INTO Order_Items (order_item_id, order_id, product_id, quantity, unit_price, discount) VALUES (NULL, 687, 45, 2, 196.68, 0);
INSERT INTO Order_Items (order_item_id, order_id, product_id, quantity, unit_price, discount) VALUES (NULL, 687, 27, 2, 153.64, 10);
INSERT INTO Order_Items (order_item_id, order_id, product_id, quantity, unit_price, discount) VALUES (NULL, 687, 50, 1, 13.25, 5);
INSERT INTO Payments (payment_id, order_id, payment_date, payment_method, amount, currency) VALUES (NULL, 687, '2025-04-13 16:05:01.244998', 'PayPal', 665.31, 'USD');
INSERT INTO Shipping (shipping_id, order_id, carrier, tracking_number, ship_date, delivery_date, status) VALUES (NULL, 687, 'DHL', 'TRK000687', '2025-01-02', '2025-01-19', 'Delivered');
INSERT INTO Orders (order_id, customer_id, order_date, status, shipping_address, total_amount) VALUES (688, 155, '2025-03-31 14:55:20.559461', 'Shipped', '733 Perry Inlet Apt. 409 South Rogerburgh, MP 14646', 541.78);
INSERT INTO Order_Items (order_item_id, order_id, product_id, quantity, unit_price, discount) VALUES (NULL, 688, 15, 2, 289.06, 0);
INSERT INTO Order_Items (order_item_id, order_id, product_id, quantity, unit_price, discount) VALUES (NULL, 688, 3, 1, 240.19, 0);
INSERT INTO Order_Items (order_item_id, order_id, product_id, quantity, unit_price, discount) VALUES (NULL, 688, 17, 3, 196.95, 0);
INSERT INTO Payments (payment_id, order_id, payment_date, payment_method, amount, currency) VALUES (NULL, 688, '2025-04-12 14:20:50.262971', 'PayPal', 541.78, 'USD');
INSERT INTO Shipping (shipping_id, order_id, carrier, tracking_number, ship_date, delivery_date, status) VALUES (NULL, 688, 'UPS', 'TRK000688', '2025-08-03', '2025-04-26', 'Delivered');
INSERT INTO Orders (order_id, customer_id, order_date, status, shipping_address, total_amount) VALUES (689, 92, '2025-03-11 20:34:06.238840', 'Shipped', 'Unit 5477 Box 3508 DPO AA 76146', 1475.04);
INSERT INTO Order_Items (order_item_id, order_id, product_id, quantity, unit_price, discount) VALUES (NULL, 689, 5, 2, 95.64, 0);
INSERT INTO Order_Items (order_item_id, order_id, product_id, quantity, unit_price, discount) VALUES (NULL, 689, 35, 1, 28.95, 0);
INSERT INTO Order_Items (order_item_id, order_id, product_id, quantity, unit_price, discount) VALUES (NULL, 689, 7, 2, 285.85, 10);
INSERT INTO Payments (payment_id, order_id, payment_date, payment_method, amount, currency) VALUES (NULL, 689, '2025-04-13 16:20:01.285214', 'Credit Card', 1475.04, 'USD');
INSERT INTO Shipping (shipping_id, order_id, carrier, tracking_number, ship_date, delivery_date, status) VALUES (NULL, 689, 'DHL', 'TRK000689', '2025-02-14', '2025-02-19', 'Delivered');
INSERT INTO Orders (order_id, customer_id, order_date, status, shipping_address, total_amount) VALUES (690, 113, '2025-07-14 02:02:33.830616', 'Shipped', '24736 Joshua Court Apt. 087 West Marybury, UT 47597', 2449.81);
INSERT INTO Order_Items (order_item_id, order_id, product_id, quantity, unit_price, discount) VALUES (NULL, 690, 31, 2, 215.74, 15);
INSERT INTO Order_Items (order_item_id, order_id, product_id, quantity, unit_price, discount) VALUES (NULL, 690, 14, 2, 318.07, 10);
INSERT INTO Payments (payment_id, order_id, payment_date, payment_method, amount, currency) VALUES (NULL, 690, '2025-05-01 09:38:09.275379', 'Debit Card', 2449.81, 'USD');
INSERT INTO Shipping (shipping_id, order_id, carrier, tracking_number, ship_date, delivery_date, status) VALUES (NULL, 690, 'FedEx', 'TRK000690', '2025-01-20', '2025-07-23', 'Delivered');
INSERT INTO Orders (order_id, customer_id, order_date, status, shipping_address, total_amount) VALUES (691, 147, '2025-02-26 20:11:27.345771', 'Shipped', '69610 Mitchell Greens Suite 517 Bensonberg, WI 02188', 623.37);
INSERT INTO Order_Items (order_item_id, order_id, product_id, quantity, unit_price, discount) VALUES (NULL, 691, 2, 3, 30.52, 5);
INSERT INTO Order_Items (order_item_id, order_id, product_id, quantity, unit_price, discount) VALUES (NULL, 691, 36, 2, 235.43, 10);
INSERT INTO Payments (payment_id, order_id, payment_date, payment_method, amount, currency) VALUES (NULL, 691, '2025-02-15 00:16:56.606738', 'Debit Card', 623.37, 'USD');
INSERT INTO Shipping (shipping_id, order_id, carrier, tracking_number, ship_date, delivery_date, status) VALUES (NULL, 691, 'DHL', 'TRK000691', '2025-06-09', '2025-02-23', 'Delivered');
INSERT INTO Orders (order_id, customer_id, order_date, status, shipping_address, total_amount) VALUES (692, 46, '2025-03-05 17:58:21.470199', 'Shipped', '089 Philip Via West Tammyview, OH 89092', 1059.92);
INSERT INTO Order_Items (order_item_id, order_id, product_id, quantity, unit_price, discount) VALUES (NULL, 692, 8, 1, 451.41, 0);
INSERT INTO Order_Items (order_item_id, order_id, product_id, quantity, unit_price, discount) VALUES (NULL, 692, 6, 1, 290.31, 0);
INSERT INTO Payments (payment_id, order_id, payment_date, payment_method, amount, currency) VALUES (NULL, 692, '2025-05-23 13:12:38.027167', 'Debit Card', 1059.92, 'USD');
INSERT INTO Shipping (shipping_id, order_id, carrier, tracking_number, ship_date, delivery_date, status) VALUES (NULL, 692, 'FedEx', 'TRK000692', '2025-03-16', '2025-04-20', 'Delivered');
INSERT INTO Orders (order_id, customer_id, order_date, status, shipping_address, total_amount) VALUES (693, 98, '2025-04-09 20:37:43.756658', 'Shipped', '1519 John Ranch Suite 193 Ruthmouth, ME 29496', 1478.65);
INSERT INTO Order_Items (order_item_id, order_id, product_id, quantity, unit_price, discount) VALUES (NULL, 693, 50, 2, 119.62, 10);
INSERT INTO Payments (payment_id, order_id, payment_date, payment_method, amount, currency) VALUES (NULL, 693, '2025-05-20 05:50:06.912997', 'PayPal', 1478.65, 'USD');
INSERT INTO Shipping (shipping_id, order_id, carrier, tracking_number, ship_date, delivery_date, status) VALUES (NULL, 693, 'UPS', 'TRK000693', '2025-05-19', '2025-07-28', 'Delivered');
INSERT INTO Orders (order_id, customer_id, order_date, status, shipping_address, total_amount) VALUES (694, 80, '2025-07-01 04:32:02.133174', 'Shipped', '026 Stone Courts Kevinton, MT 84163', 2759.08);
INSERT INTO Order_Items (order_item_id, order_id, product_id, quantity, unit_price, discount) VALUES (NULL, 694, 16, 3, 268.24, 10);
INSERT INTO Order_Items (order_item_id, order_id, product_id, quantity, unit_price, discount) VALUES (NULL, 694, 46, 3, 39.0, 0);
INSERT INTO Order_Items (order_item_id, order_id, product_id, quantity, unit_price, discount) VALUES (NULL, 694, 37, 3, 90.99, 15);
INSERT INTO Payments (payment_id, order_id, payment_date, payment_method, amount, currency) VALUES (NULL, 694, '2025-05-20 12:40:50.003110', 'Debit Card', 2759.08, 'USD');
INSERT INTO Shipping (shipping_id, order_id, carrier, tracking_number, ship_date, delivery_date, status) VALUES (NULL, 694, 'DHL', 'TRK000694', '2025-03-06', '2025-02-28', 'Delivered');
INSERT INTO Orders (order_id, customer_id, order_date, status, shipping_address, total_amount) VALUES (695, 177, '2025-03-20 05:38:19.051789', 'Shipped', '690 Weaver Rest Hayesport, FL 62752', 2531.08);
INSERT INTO Order_Items (order_item_id, order_id, product_id, quantity, unit_price, discount) VALUES (NULL, 695, 23, 1, 142.24, 10);
INSERT INTO Order_Items (order_item_id, order_id, product_id, quantity, unit_price, discount) VALUES (NULL, 695, 46, 2, 413.86, 15);
INSERT INTO Order_Items (order_item_id, order_id, product_id, quantity, unit_price, discount) VALUES (NULL, 695, 29, 2, 220.25, 15);
INSERT INTO Order_Items (order_item_id, order_id, product_id, quantity, unit_price, discount) VALUES (NULL, 695, 4, 3, 269.77, 0);
INSERT INTO Order_Items (order_item_id, order_id, product_id, quantity, unit_price, discount) VALUES (NULL, 695, 27, 3, 119.94, 15);
INSERT INTO Payments (payment_id, order_id, payment_date, payment_method, amount, currency) VALUES (NULL, 695, '2025-07-20 20:46:45.832773', 'Debit Card', 2531.08, 'USD');
INSERT INTO Shipping (shipping_id, order_id, carrier, tracking_number, ship_date, delivery_date, status) VALUES (NULL, 695, 'FedEx', 'TRK000695', '2025-06-12', '2025-04-08', 'Delivered');
INSERT INTO Orders (order_id, customer_id, order_date, status, shipping_address, total_amount) VALUES (696, 53, '2025-05-17 21:57:42.840619', 'Shipped', '18551 Herring Row Apt. 049 Martineztown, HI 83137', 1903.92);
INSERT INTO Order_Items (order_item_id, order_id, product_id, quantity, unit_price, discount) VALUES (NULL, 696, 16, 3, 13.99, 5);
INSERT INTO Order_Items (order_item_id, order_id, product_id, quantity, unit_price, discount) VALUES (NULL, 696, 3, 2, 156.03, 5);
INSERT INTO Order_Items (order_item_id, order_id, product_id, quantity, unit_price, discount) VALUES (NULL, 696, 26, 1, 36.29, 10);
INSERT INTO Payments (payment_id, order_id, payment_date, payment_method, amount, currency) VALUES (NULL, 696, '2025-02-26 20:55:05.145090', 'Debit Card', 1903.92, 'USD');
INSERT INTO Shipping (shipping_id, order_id, carrier, tracking_number, ship_date, delivery_date, status) VALUES (NULL, 696, 'FedEx', 'TRK000696', '2025-05-19', '2025-04-06', 'Delivered');
INSERT INTO Orders (order_id, customer_id, order_date, status, shipping_address, total_amount) VALUES (697, 132, '2025-04-26 09:09:25.726685', 'Shipped', '14441 Marissa Prairie Apt. 801 West Emilyland, WI 97141', 2144.91);
INSERT INTO Order_Items (order_item_id, order_id, product_id, quantity, unit_price, discount) VALUES (NULL, 697, 32, 2, 310.18, 0);
INSERT INTO Order_Items (order_item_id, order_id, product_id, quantity, unit_price, discount) VALUES (NULL, 697, 1, 3, 434.96, 5);
INSERT INTO Order_Items (order_item_id, order_id, product_id, quantity, unit_price, discount) VALUES (NULL, 697, 47, 3, 473.43, 5);
INSERT INTO Order_Items (order_item_id, order_id, product_id, quantity, unit_price, discount) VALUES (NULL, 697, 26, 3, 26.66, 15);
INSERT INTO Payments (payment_id, order_id, payment_date, payment_method, amount, currency) VALUES (NULL, 697, '2025-07-26 17:20:27.047854', 'Credit Card', 2144.91, 'USD');
INSERT INTO Shipping (shipping_id, order_id, carrier, tracking_number, ship_date, delivery_date, status) VALUES (NULL, 697, 'FedEx', 'TRK000697', '2025-03-30', '2025-04-05', 'Delivered');
INSERT INTO Orders (order_id, customer_id, order_date, status, shipping_address, total_amount) VALUES (698, 186, '2025-05-06 18:28:18.247410', 'Shipped', '9424 Jordan Plain Suite 254 Port Amandafurt, MS 49337', 2093.53);
INSERT INTO Order_Items (order_item_id, order_id, product_id, quantity, unit_price, discount) VALUES (NULL, 698, 13, 2, 399.41, 5);
INSERT INTO Order_Items (order_item_id, order_id, product_id, quantity, unit_price, discount) VALUES (NULL, 698, 6, 3, 339.5, 15);
INSERT INTO Payments (payment_id, order_id, payment_date, payment_method, amount, currency) VALUES (NULL, 698, '2025-01-16 08:30:07.798021', 'PayPal', 2093.53, 'USD');
INSERT INTO Shipping (shipping_id, order_id, carrier, tracking_number, ship_date, delivery_date, status) VALUES (NULL, 698, 'FedEx', 'TRK000698', '2025-01-02', '2025-05-17', 'Delivered');
INSERT INTO Orders (order_id, customer_id, order_date, status, shipping_address, total_amount) VALUES (699, 87, '2025-08-15 11:47:25.793979', 'Shipped', '6361 Moody Square Brandontown, SD 85671', 2006.8);
INSERT INTO Order_Items (order_item_id, order_id, product_id, quantity, unit_price, discount) VALUES (NULL, 699, 12, 2, 436.68, 5);
INSERT INTO Payments (payment_id, order_id, payment_date, payment_method, amount, currency) VALUES (NULL, 699, '2025-07-22 23:28:48.056839', 'Credit Card', 2006.8, 'USD');
INSERT INTO Shipping (shipping_id, order_id, carrier, tracking_number, ship_date, delivery_date, status) VALUES (NULL, 699, 'DHL', 'TRK000699', '2025-01-18', '2025-03-03', 'Delivered');
INSERT INTO Orders (order_id, customer_id, order_date, status, shipping_address, total_amount) VALUES (700, 45, '2025-03-02 03:19:09.878768', 'Shipped', '7169 Amanda Passage Danaland, GA 10088', 588.37);
INSERT INTO Order_Items (order_item_id, order_id, product_id, quantity, unit_price, discount) VALUES (NULL, 700, 37, 1, 304.79, 0);
INSERT INTO Order_Items (order_item_id, order_id, product_id, quantity, unit_price, discount) VALUES (NULL, 700, 4, 2, 230.09, 0);
INSERT INTO Order_Items (order_item_id, order_id, product_id, quantity, unit_price, discount) VALUES (NULL, 700, 6, 3, 280.47, 15);
INSERT INTO Order_Items (order_item_id, order_id, product_id, quantity, unit_price, discount) VALUES (NULL, 700, 42, 1, 429.06, 15);
INSERT INTO Payments (payment_id, order_id, payment_date, payment_method, amount, currency) VALUES (NULL, 700, '2025-01-04 11:13:41.399568', 'PayPal', 588.37, 'USD');
INSERT INTO Shipping (shipping_id, order_id, carrier, tracking_number, ship_date, delivery_date, status) VALUES (NULL, 700, 'FedEx', 'TRK000700', '2025-01-14', '2025-06-01', 'Delivered');
INSERT INTO Orders (order_id, customer_id, order_date, status, shipping_address, total_amount) VALUES (701, 149, '2025-05-26 12:59:34.779993', 'Shipped', '0024 Stein Summit Suite 558 Port Brianville, SC 27728', 1031.92);
INSERT INTO Order_Items (order_item_id, order_id, product_id, quantity, unit_price, discount) VALUES (NULL, 701, 10, 2, 86.57, 0);
INSERT INTO Order_Items (order_item_id, order_id, product_id, quantity, unit_price, discount) VALUES (NULL, 701, 25, 2, 391.24, 10);
INSERT INTO Payments (payment_id, order_id, payment_date, payment_method, amount, currency) VALUES (NULL, 701, '2025-08-16 06:26:20.287692', 'Debit Card', 1031.92, 'USD');
INSERT INTO Shipping (shipping_id, order_id, carrier, tracking_number, ship_date, delivery_date, status) VALUES (NULL, 701, 'DHL', 'TRK000701', '2025-01-09', '2025-04-16', 'Delivered');
INSERT INTO Orders (order_id, customer_id, order_date, status, shipping_address, total_amount) VALUES (702, 116, '2025-06-01 00:20:52.927832', 'Shipped', '667 Judy Route Apt. 172 East Brandonfurt, PA 92202', 2640.35);
INSERT INTO Order_Items (order_item_id, order_id, product_id, quantity, unit_price, discount) VALUES (NULL, 702, 2, 1, 266.92, 15);
INSERT INTO Order_Items (order_item_id, order_id, product_id, quantity, unit_price, discount) VALUES (NULL, 702, 20, 2, 478.85, 10);
INSERT INTO Order_Items (order_item_id, order_id, product_id, quantity, unit_price, discount) VALUES (NULL, 702, 1, 1, 283.86, 10);
INSERT INTO Payments (payment_id, order_id, payment_date, payment_method, amount, currency) VALUES (NULL, 702, '2025-02-25 01:21:20.309092', 'Debit Card', 2640.35, 'USD');
INSERT INTO Shipping (shipping_id, order_id, carrier, tracking_number, ship_date, delivery_date, status) VALUES (NULL, 702, 'UPS', 'TRK000702', '2025-03-19', '2025-02-15', 'Delivered');
INSERT INTO Orders (order_id, customer_id, order_date, status, shipping_address, total_amount) VALUES (703, 24, '2025-03-08 14:48:23.772138', 'Shipped', '4870 Montgomery Avenue West Angelica, DE 52161', 828.72);
INSERT INTO Order_Items (order_item_id, order_id, product_id, quantity, unit_price, discount) VALUES (NULL, 703, 19, 3, 286.3, 5);
INSERT INTO Payments (payment_id, order_id, payment_date, payment_method, amount, currency) VALUES (NULL, 703, '2025-04-04 00:41:50.754446', 'Credit Card', 828.72, 'USD');
INSERT INTO Shipping (shipping_id, order_id, carrier, tracking_number, ship_date, delivery_date, status) VALUES (NULL, 703, 'UPS', 'TRK000703', '2025-03-24', '2025-07-31', 'Delivered');
INSERT INTO Orders (order_id, customer_id, order_date, status, shipping_address, total_amount) VALUES (704, 21, '2025-04-08 11:08:46.422924', 'Shipped', '377 Brent Summit Apt. 183 Garyport, MT 16069', 1016.57);
INSERT INTO Order_Items (order_item_id, order_id, product_id, quantity, unit_price, discount) VALUES (NULL, 704, 19, 2, 124.73, 10);
INSERT INTO Payments (payment_id, order_id, payment_date, payment_method, amount, currency) VALUES (NULL, 704, '2025-03-25 02:09:07.850160', 'Credit Card', 1016.57, 'USD');
INSERT INTO Shipping (shipping_id, order_id, carrier, tracking_number, ship_date, delivery_date, status) VALUES (NULL, 704, 'FedEx', 'TRK000704', '2025-07-07', '2025-04-12', 'Delivered');
INSERT INTO Orders (order_id, customer_id, order_date, status, shipping_address, total_amount) VALUES (705, 101, '2025-04-15 23:08:31.782394', 'Shipped', '343 Francis Key Suite 230 Emilyville, NJ 60642', 2781.86);
INSERT INTO Order_Items (order_item_id, order_id, product_id, quantity, unit_price, discount) VALUES (NULL, 705, 50, 2, 429.28, 15);
INSERT INTO Order_Items (order_item_id, order_id, product_id, quantity, unit_price, discount) VALUES (NULL, 705, 24, 1, 497.45, 15);
INSERT INTO Order_Items (order_item_id, order_id, product_id, quantity, unit_price, discount) VALUES (NULL, 705, 34, 2, 365.86, 0);
INSERT INTO Order_Items (order_item_id, order_id, product_id, quantity, unit_price, discount) VALUES (NULL, 705, 27, 2, 372.45, 0);
INSERT INTO Order_Items (order_item_id, order_id, product_id, quantity, unit_price, discount) VALUES (NULL, 705, 14, 1, 165.97, 5);
INSERT INTO Payments (payment_id, order_id, payment_date, payment_method, amount, currency) VALUES (NULL, 705, '2025-03-30 04:42:12.791758', 'PayPal', 2781.86, 'USD');
INSERT INTO Shipping (shipping_id, order_id, carrier, tracking_number, ship_date, delivery_date, status) VALUES (NULL, 705, 'FedEx', 'TRK000705', '2025-07-07', '2025-09-01', 'Delivered');
INSERT INTO Orders (order_id, customer_id, order_date, status, shipping_address, total_amount) VALUES (706, 107, '2025-05-02 18:30:48.262281', 'Shipped', 'USNS Gomez FPO AE 29671', 671.55);
INSERT INTO Order_Items (order_item_id, order_id, product_id, quantity, unit_price, discount) VALUES (NULL, 706, 24, 3, 29.9, 15);
INSERT INTO Payments (payment_id, order_id, payment_date, payment_method, amount, currency) VALUES (NULL, 706, '2025-02-07 20:38:33.678804', 'Debit Card', 671.55, 'USD');
INSERT INTO Shipping (shipping_id, order_id, carrier, tracking_number, ship_date, delivery_date, status) VALUES (NULL, 706, 'UPS', 'TRK000706', '2025-06-28', '2025-03-28', 'Delivered');
INSERT INTO Orders (order_id, customer_id, order_date, status, shipping_address, total_amount) VALUES (707, 198, '2025-06-10 19:05:16.151733', 'Shipped', '177 Jeff Mountains Apt. 777 Karabury, AZ 35765', 45.02);
INSERT INTO Order_Items (order_item_id, order_id, product_id, quantity, unit_price, discount) VALUES (NULL, 707, 30, 2, 72.59, 10);
INSERT INTO Payments (payment_id, order_id, payment_date, payment_method, amount, currency) VALUES (NULL, 707, '2025-05-12 13:21:30.498247', 'PayPal', 45.02, 'USD');
INSERT INTO Shipping (shipping_id, order_id, carrier, tracking_number, ship_date, delivery_date, status) VALUES (NULL, 707, 'UPS', 'TRK000707', '2025-01-03', '2025-02-15', 'Delivered');
INSERT INTO Orders (order_id, customer_id, order_date, status, shipping_address, total_amount) VALUES (708, 185, '2025-01-07 17:29:50.961676', 'Shipped', '6132 Brian Mall West Gabrieltown, IA 56471', 1375.82);
INSERT INTO Order_Items (order_item_id, order_id, product_id, quantity, unit_price, discount) VALUES (NULL, 708, 42, 3, 244.8, 5);
INSERT INTO Order_Items (order_item_id, order_id, product_id, quantity, unit_price, discount) VALUES (NULL, 708, 27, 3, 250.11, 5);
INSERT INTO Order_Items (order_item_id, order_id, product_id, quantity, unit_price, discount) VALUES (NULL, 708, 29, 3, 120.62, 10);
INSERT INTO Order_Items (order_item_id, order_id, product_id, quantity, unit_price, discount) VALUES (NULL, 708, 16, 1, 273.95, 5);
INSERT INTO Payments (payment_id, order_id, payment_date, payment_method, amount, currency) VALUES (NULL, 708, '2025-02-23 20:29:04.070688', 'PayPal', 1375.82, 'USD');
INSERT INTO Shipping (shipping_id, order_id, carrier, tracking_number, ship_date, delivery_date, status) VALUES (NULL, 708, 'FedEx', 'TRK000708', '2025-03-18', '2025-08-23', 'Delivered');
INSERT INTO Orders (order_id, customer_id, order_date, status, shipping_address, total_amount) VALUES (709, 78, '2025-05-10 17:38:30.013651', 'Shipped', '622 Cathy Street Apt. 774 Johnsonhaven, FM 15569', 1994.55);
INSERT INTO Order_Items (order_item_id, order_id, product_id, quantity, unit_price, discount) VALUES (NULL, 709, 9, 3, 237.28, 0);
INSERT INTO Payments (payment_id, order_id, payment_date, payment_method, amount, currency) VALUES (NULL, 709, '2025-01-07 22:41:49.561491', 'PayPal', 1994.55, 'USD');
INSERT INTO Shipping (shipping_id, order_id, carrier, tracking_number, ship_date, delivery_date, status) VALUES (NULL, 709, 'DHL', 'TRK000709', '2025-05-31', '2025-08-20', 'Delivered');
INSERT INTO Orders (order_id, customer_id, order_date, status, shipping_address, total_amount) VALUES (710, 151, '2025-08-08 10:56:09.767452', 'Shipped', '421 David Flat Port Kyle, SD 56468', 1919.63);
INSERT INTO Order_Items (order_item_id, order_id, product_id, quantity, unit_price, discount) VALUES (NULL, 710, 12, 2, 209.42, 0);
INSERT INTO Order_Items (order_item_id, order_id, product_id, quantity, unit_price, discount) VALUES (NULL, 710, 45, 2, 84.76, 10);
INSERT INTO Order_Items (order_item_id, order_id, product_id, quantity, unit_price, discount) VALUES (NULL, 710, 3, 2, 457.34, 15);
INSERT INTO Order_Items (order_item_id, order_id, product_id, quantity, unit_price, discount) VALUES (NULL, 710, 13, 3, 327.28, 15);
INSERT INTO Order_Items (order_item_id, order_id, product_id, quantity, unit_price, discount) VALUES (NULL, 710, 44, 1, 71.93, 5);
INSERT INTO Payments (payment_id, order_id, payment_date, payment_method, amount, currency) VALUES (NULL, 710, '2025-02-06 13:44:49.436336', 'Debit Card', 1919.63, 'USD');
INSERT INTO Shipping (shipping_id, order_id, carrier, tracking_number, ship_date, delivery_date, status) VALUES (NULL, 710, 'DHL', 'TRK000710', '2025-03-24', '2025-02-16', 'Delivered');
INSERT INTO Orders (order_id, customer_id, order_date, status, shipping_address, total_amount) VALUES (711, 51, '2025-04-05 19:50:55.727810', 'Shipped', '880 Robertson Unions Dwaynetown, LA 49372', 624.56);
INSERT INTO Order_Items (order_item_id, order_id, product_id, quantity, unit_price, discount) VALUES (NULL, 711, 16, 1, 446.45, 0);
INSERT INTO Order_Items (order_item_id, order_id, product_id, quantity, unit_price, discount) VALUES (NULL, 711, 42, 3, 408.21, 10);
INSERT INTO Order_Items (order_item_id, order_id, product_id, quantity, unit_price, discount) VALUES (NULL, 711, 45, 2, 15.92, 5);
INSERT INTO Order_Items (order_item_id, order_id, product_id, quantity, unit_price, discount) VALUES (NULL, 711, 43, 2, 77.67, 5);
INSERT INTO Order_Items (order_item_id, order_id, product_id, quantity, unit_price, discount) VALUES (NULL, 711, 24, 1, 386.41, 0);
INSERT INTO Payments (payment_id, order_id, payment_date, payment_method, amount, currency) VALUES (NULL, 711, '2025-07-10 21:07:20.423228', 'PayPal', 624.56, 'USD');
INSERT INTO Shipping (shipping_id, order_id, carrier, tracking_number, ship_date, delivery_date, status) VALUES (NULL, 711, 'DHL', 'TRK000711', '2025-01-27', '2025-03-09', 'Delivered');
INSERT INTO Orders (order_id, customer_id, order_date, status, shipping_address, total_amount) VALUES (712, 166, '2025-06-11 18:25:52.183470', 'Shipped', '844 Sullivan Gateway Carrshire, NY 40781', 2671.44);
INSERT INTO Order_Items (order_item_id, order_id, product_id, quantity, unit_price, discount) VALUES (NULL, 712, 29, 3, 186.18, 0);
INSERT INTO Order_Items (order_item_id, order_id, product_id, quantity, unit_price, discount) VALUES (NULL, 712, 8, 1, 32.07, 15);
INSERT INTO Order_Items (order_item_id, order_id, product_id, quantity, unit_price, discount) VALUES (NULL, 712, 14, 3, 45.95, 0);
INSERT INTO Payments (payment_id, order_id, payment_date, payment_method, amount, currency) VALUES (NULL, 712, '2025-03-07 16:23:34.587378', 'Credit Card', 2671.44, 'USD');
INSERT INTO Shipping (shipping_id, order_id, carrier, tracking_number, ship_date, delivery_date, status) VALUES (NULL, 712, 'FedEx', 'TRK000712', '2025-01-06', '2025-06-28', 'Delivered');
INSERT INTO Orders (order_id, customer_id, order_date, status, shipping_address, total_amount) VALUES (713, 3, '2025-06-25 07:46:40.431745', 'Shipped', '1268 Berry Light Suite 047 New Megan, MH 83307', 2546.04);
INSERT INTO Order_Items (order_item_id, order_id, product_id, quantity, unit_price, discount) VALUES (NULL, 713, 44, 2, 284.73, 15);
INSERT INTO Payments (payment_id, order_id, payment_date, payment_method, amount, currency) VALUES (NULL, 713, '2025-04-28 02:06:10.683537', 'PayPal', 2546.04, 'USD');
INSERT INTO Shipping (shipping_id, order_id, carrier, tracking_number, ship_date, delivery_date, status) VALUES (NULL, 713, 'UPS', 'TRK000713', '2025-08-21', '2025-01-07', 'Delivered');
INSERT INTO Orders (order_id, customer_id, order_date, status, shipping_address, total_amount) VALUES (714, 172, '2025-01-18 21:54:05.326477', 'Shipped', '4450 Michael Burgs Sanchezton, OR 25411', 457.74);
INSERT INTO Order_Items (order_item_id, order_id, product_id, quantity, unit_price, discount) VALUES (NULL, 714, 21, 2, 444.34, 15);
INSERT INTO Order_Items (order_item_id, order_id, product_id, quantity, unit_price, discount) VALUES (NULL, 714, 8, 2, 488.68, 10);
INSERT INTO Order_Items (order_item_id, order_id, product_id, quantity, unit_price, discount) VALUES (NULL, 714, 42, 1, 104.98, 15);
INSERT INTO Order_Items (order_item_id, order_id, product_id, quantity, unit_price, discount) VALUES (NULL, 714, 27, 3, 248.21, 0);
INSERT INTO Payments (payment_id, order_id, payment_date, payment_method, amount, currency) VALUES (NULL, 714, '2025-05-28 21:21:59.246623', 'PayPal', 457.74, 'USD');
INSERT INTO Shipping (shipping_id, order_id, carrier, tracking_number, ship_date, delivery_date, status) VALUES (NULL, 714, 'DHL', 'TRK000714', '2025-08-22', '2025-07-27', 'Delivered');
INSERT INTO Orders (order_id, customer_id, order_date, status, shipping_address, total_amount) VALUES (715, 37, '2025-06-07 07:40:51.174262', 'Shipped', '533 Rose Locks Scottbury, CA 21197', 225.9);
INSERT INTO Order_Items (order_item_id, order_id, product_id, quantity, unit_price, discount) VALUES (NULL, 715, 27, 2, 11.38, 10);
INSERT INTO Order_Items (order_item_id, order_id, product_id, quantity, unit_price, discount) VALUES (NULL, 715, 45, 1, 94.78, 0);
INSERT INTO Order_Items (order_item_id, order_id, product_id, quantity, unit_price, discount) VALUES (NULL, 715, 6, 3, 11.88, 5);
INSERT INTO Payments (payment_id, order_id, payment_date, payment_method, amount, currency) VALUES (NULL, 715, '2025-08-03 22:23:48.793178', 'Credit Card', 225.9, 'USD');
INSERT INTO Shipping (shipping_id, order_id, carrier, tracking_number, ship_date, delivery_date, status) VALUES (NULL, 715, 'FedEx', 'TRK000715', '2025-06-28', '2025-04-03', 'Delivered');
INSERT INTO Orders (order_id, customer_id, order_date, status, shipping_address, total_amount) VALUES (716, 139, '2025-08-16 06:57:52.599047', 'Shipped', '657 Orr River Suite 591 Elizabethside, PW 75931', 2258.8);
INSERT INTO Order_Items (order_item_id, order_id, product_id, quantity, unit_price, discount) VALUES (NULL, 716, 18, 2, 156.63, 0);
INSERT INTO Order_Items (order_item_id, order_id, product_id, quantity, unit_price, discount) VALUES (NULL, 716, 34, 2, 143.01, 0);
INSERT INTO Order_Items (order_item_id, order_id, product_id, quantity, unit_price, discount) VALUES (NULL, 716, 11, 1, 119.22, 10);
INSERT INTO Payments (payment_id, order_id, payment_date, payment_method, amount, currency) VALUES (NULL, 716, '2025-02-08 15:49:15.874604', 'PayPal', 2258.8, 'USD');
INSERT INTO Shipping (shipping_id, order_id, carrier, tracking_number, ship_date, delivery_date, status) VALUES (NULL, 716, 'FedEx', 'TRK000716', '2025-02-02', '2025-05-13', 'Delivered');
INSERT INTO Orders (order_id, customer_id, order_date, status, shipping_address, total_amount) VALUES (717, 8, '2025-01-26 13:08:36.980907', 'Shipped', '42978 Escobar Lodge Tonyafurt, MT 72312', 2156.82);
INSERT INTO Order_Items (order_item_id, order_id, product_id, quantity, unit_price, discount) VALUES (NULL, 717, 22, 1, 330.46, 5);
INSERT INTO Order_Items (order_item_id, order_id, product_id, quantity, unit_price, discount) VALUES (NULL, 717, 11, 3, 244.68, 10);
INSERT INTO Payments (payment_id, order_id, payment_date, payment_method, amount, currency) VALUES (NULL, 717, '2025-02-18 12:55:34.076606', 'Credit Card', 2156.82, 'USD');
INSERT INTO Shipping (shipping_id, order_id, carrier, tracking_number, ship_date, delivery_date, status) VALUES (NULL, 717, 'DHL', 'TRK000717', '2025-06-30', '2025-07-04', 'Delivered');
INSERT INTO Orders (order_id, customer_id, order_date, status, shipping_address, total_amount) VALUES (718, 131, '2025-05-12 09:06:43.462115', 'Shipped', '76818 Terrance Club Suite 539 South Seanside, CT 00906', 1609.59);
INSERT INTO Order_Items (order_item_id, order_id, product_id, quantity, unit_price, discount) VALUES (NULL, 718, 38, 3, 412.84, 10);
INSERT INTO Order_Items (order_item_id, order_id, product_id, quantity, unit_price, discount) VALUES (NULL, 718, 38, 3, 70.88, 0);
INSERT INTO Order_Items (order_item_id, order_id, product_id, quantity, unit_price, discount) VALUES (NULL, 718, 24, 3, 269.36, 10);
INSERT INTO Order_Items (order_item_id, order_id, product_id, quantity, unit_price, discount) VALUES (NULL, 718, 22, 2, 403.39, 15);
INSERT INTO Order_Items (order_item_id, order_id, product_id, quantity, unit_price, discount) VALUES (NULL, 718, 9, 3, 24.48, 0);
INSERT INTO Payments (payment_id, order_id, payment_date, payment_method, amount, currency) VALUES (NULL, 718, '2025-08-26 19:56:49.189913', 'PayPal', 1609.59, 'USD');
INSERT INTO Shipping (shipping_id, order_id, carrier, tracking_number, ship_date, delivery_date, status) VALUES (NULL, 718, 'FedEx', 'TRK000718', '2025-07-02', '2025-01-20', 'Delivered');
INSERT INTO Orders (order_id, customer_id, order_date, status, shipping_address, total_amount) VALUES (719, 18, '2025-05-23 06:18:03.861296', 'Shipped', '7745 Franklin Manor Apt. 608 Dudleyside, UT 40739', 1341.72);
INSERT INTO Order_Items (order_item_id, order_id, product_id, quantity, unit_price, discount) VALUES (NULL, 719, 38, 1, 60.79, 5);
INSERT INTO Payments (payment_id, order_id, payment_date, payment_method, amount, currency) VALUES (NULL, 719, '2025-05-19 00:20:40.460787', 'PayPal', 1341.72, 'USD');
INSERT INTO Shipping (shipping_id, order_id, carrier, tracking_number, ship_date, delivery_date, status) VALUES (NULL, 719, 'DHL', 'TRK000719', '2025-06-01', '2025-02-14', 'Delivered');
INSERT INTO Orders (order_id, customer_id, order_date, status, shipping_address, total_amount) VALUES (720, 148, '2025-07-05 07:51:47.260879', 'Shipped', '7639 Myers Street Kristenstad, CA 39751', 2956.41);
INSERT INTO Order_Items (order_item_id, order_id, product_id, quantity, unit_price, discount) VALUES (NULL, 720, 24, 1, 17.57, 0);
INSERT INTO Order_Items (order_item_id, order_id, product_id, quantity, unit_price, discount) VALUES (NULL, 720, 7, 3, 53.25, 0);
INSERT INTO Order_Items (order_item_id, order_id, product_id, quantity, unit_price, discount) VALUES (NULL, 720, 29, 3, 245.34, 5);
INSERT INTO Payments (payment_id, order_id, payment_date, payment_method, amount, currency) VALUES (NULL, 720, '2025-06-05 11:10:15.730493', 'PayPal', 2956.41, 'USD');
INSERT INTO Shipping (shipping_id, order_id, carrier, tracking_number, ship_date, delivery_date, status) VALUES (NULL, 720, 'UPS', 'TRK000720', '2025-02-13', '2025-07-11', 'Delivered');
INSERT INTO Orders (order_id, customer_id, order_date, status, shipping_address, total_amount) VALUES (721, 84, '2025-01-01 21:52:08.436116', 'Shipped', '6577 Ho Forge Suite 899 Ryanbury, FL 33470', 2470.94);
INSERT INTO Order_Items (order_item_id, order_id, product_id, quantity, unit_price, discount) VALUES (NULL, 721, 2, 2, 145.62, 10);
INSERT INTO Order_Items (order_item_id, order_id, product_id, quantity, unit_price, discount) VALUES (NULL, 721, 30, 1, 63.92, 10);
INSERT INTO Order_Items (order_item_id, order_id, product_id, quantity, unit_price, discount) VALUES (NULL, 721, 17, 3, 51.52, 15);
INSERT INTO Order_Items (order_item_id, order_id, product_id, quantity, unit_price, discount) VALUES (NULL, 721, 14, 2, 442.69, 0);
INSERT INTO Payments (payment_id, order_id, payment_date, payment_method, amount, currency) VALUES (NULL, 721, '2025-05-24 17:53:11.108110', 'Credit Card', 2470.94, 'USD');
INSERT INTO Shipping (shipping_id, order_id, carrier, tracking_number, ship_date, delivery_date, status) VALUES (NULL, 721, 'DHL', 'TRK000721', '2025-01-01', '2025-07-02', 'Delivered');
INSERT INTO Orders (order_id, customer_id, order_date, status, shipping_address, total_amount) VALUES (722, 171, '2025-02-25 04:58:11.607998', 'Shipped', '9330 Juarez Loop Apt. 096 Donnastad, OK 91838', 2628.31);
INSERT INTO Order_Items (order_item_id, order_id, product_id, quantity, unit_price, discount) VALUES (NULL, 722, 41, 2, 125.73, 15);
INSERT INTO Payments (payment_id, order_id, payment_date, payment_method, amount, currency) VALUES (NULL, 722, '2025-07-06 11:18:06.746975', 'PayPal', 2628.31, 'USD');
INSERT INTO Shipping (shipping_id, order_id, carrier, tracking_number, ship_date, delivery_date, status) VALUES (NULL, 722, 'UPS', 'TRK000722', '2025-02-18', '2025-07-03', 'Delivered');
INSERT INTO Orders (order_id, customer_id, order_date, status, shipping_address, total_amount) VALUES (723, 103, '2025-07-17 06:56:01.983258', 'Shipped', '1888 Ramos Gardens West Shaun, SC 72344', 1506.67);
INSERT INTO Order_Items (order_item_id, order_id, product_id, quantity, unit_price, discount) VALUES (NULL, 723, 46, 1, 476.4, 15);
INSERT INTO Order_Items (order_item_id, order_id, product_id, quantity, unit_price, discount) VALUES (NULL, 723, 21, 3, 274.5, 10);
INSERT INTO Order_Items (order_item_id, order_id, product_id, quantity, unit_price, discount) VALUES (NULL, 723, 28, 3, 245.49, 0);
INSERT INTO Order_Items (order_item_id, order_id, product_id, quantity, unit_price, discount) VALUES (NULL, 723, 3, 2, 425.83, 15);
INSERT INTO Payments (payment_id, order_id, payment_date, payment_method, amount, currency) VALUES (NULL, 723, '2025-07-19 01:54:50.866714', 'Credit Card', 1506.67, 'USD');
INSERT INTO Shipping (shipping_id, order_id, carrier, tracking_number, ship_date, delivery_date, status) VALUES (NULL, 723, 'DHL', 'TRK000723', '2025-06-04', '2025-05-31', 'Delivered');
INSERT INTO Orders (order_id, customer_id, order_date, status, shipping_address, total_amount) VALUES (724, 147, '2025-03-24 21:51:31.592526', 'Shipped', '4838 Henderson Light Apt. 418 Port Michaelville, NM 52364', 921.29);
INSERT INTO Order_Items (order_item_id, order_id, product_id, quantity, unit_price, discount) VALUES (NULL, 724, 13, 1, 86.75, 10);
INSERT INTO Order_Items (order_item_id, order_id, product_id, quantity, unit_price, discount) VALUES (NULL, 724, 34, 1, 207.35, 10);
INSERT INTO Order_Items (order_item_id, order_id, product_id, quantity, unit_price, discount) VALUES (NULL, 724, 9, 1, 125.91, 10);
INSERT INTO Order_Items (order_item_id, order_id, product_id, quantity, unit_price, discount) VALUES (NULL, 724, 50, 1, 227.6, 0);
INSERT INTO Order_Items (order_item_id, order_id, product_id, quantity, unit_price, discount) VALUES (NULL, 724, 10, 3, 169.31, 5);
INSERT INTO Payments (payment_id, order_id, payment_date, payment_method, amount, currency) VALUES (NULL, 724, '2025-03-19 06:36:34.952049', 'Debit Card', 921.29, 'USD');
INSERT INTO Shipping (shipping_id, order_id, carrier, tracking_number, ship_date, delivery_date, status) VALUES (NULL, 724, 'DHL', 'TRK000724', '2025-01-30', '2025-06-19', 'Delivered');
INSERT INTO Orders (order_id, customer_id, order_date, status, shipping_address, total_amount) VALUES (725, 190, '2025-01-27 10:54:40.441999', 'Shipped', '1597 Hughes Lake Sabrinabury, IN 41151', 830.07);
INSERT INTO Order_Items (order_item_id, order_id, product_id, quantity, unit_price, discount) VALUES (NULL, 725, 21, 2, 397.08, 5);
INSERT INTO Payments (payment_id, order_id, payment_date, payment_method, amount, currency) VALUES (NULL, 725, '2025-03-07 06:52:28.305588', 'Debit Card', 830.07, 'USD');
INSERT INTO Shipping (shipping_id, order_id, carrier, tracking_number, ship_date, delivery_date, status) VALUES (NULL, 725, 'DHL', 'TRK000725', '2025-07-10', '2025-08-30', 'Delivered');
INSERT INTO Orders (order_id, customer_id, order_date, status, shipping_address, total_amount) VALUES (726, 67, '2025-02-24 12:10:19.115800', 'Shipped', 'Unit 1373 Box 4038 DPO AP 82820', 1727.26);
INSERT INTO Order_Items (order_item_id, order_id, product_id, quantity, unit_price, discount) VALUES (NULL, 726, 42, 2, 179.57, 0);
INSERT INTO Order_Items (order_item_id, order_id, product_id, quantity, unit_price, discount) VALUES (NULL, 726, 48, 3, 441.78, 15);
INSERT INTO Payments (payment_id, order_id, payment_date, payment_method, amount, currency) VALUES (NULL, 726, '2025-04-03 17:38:33.807607', 'PayPal', 1727.26, 'USD');
INSERT INTO Shipping (shipping_id, order_id, carrier, tracking_number, ship_date, delivery_date, status) VALUES (NULL, 726, 'FedEx', 'TRK000726', '2025-06-22', '2025-01-05', 'Delivered');
INSERT INTO Orders (order_id, customer_id, order_date, status, shipping_address, total_amount) VALUES (727, 156, '2025-06-27 16:33:21.685820', 'Shipped', '26860 Andrews Burg Mercadohaven, WY 77767', 238.94);
INSERT INTO Order_Items (order_item_id, order_id, product_id, quantity, unit_price, discount) VALUES (NULL, 727, 17, 2, 468.94, 15);
INSERT INTO Order_Items (order_item_id, order_id, product_id, quantity, unit_price, discount) VALUES (NULL, 727, 36, 3, 358.24, 10);
INSERT INTO Payments (payment_id, order_id, payment_date, payment_method, amount, currency) VALUES (NULL, 727, '2025-08-26 14:49:54.598135', 'Credit Card', 238.94, 'USD');
INSERT INTO Shipping (shipping_id, order_id, carrier, tracking_number, ship_date, delivery_date, status) VALUES (NULL, 727, 'UPS', 'TRK000727', '2025-07-07', '2025-07-18', 'Delivered');
INSERT INTO Orders (order_id, customer_id, order_date, status, shipping_address, total_amount) VALUES (728, 27, '2025-07-02 19:01:36.672528', 'Shipped', '454 Mendoza Knolls Suite 248 Harrisfurt, TN 85204', 2164.02);
INSERT INTO Order_Items (order_item_id, order_id, product_id, quantity, unit_price, discount) VALUES (NULL, 728, 5, 1, 424.63, 15);
INSERT INTO Order_Items (order_item_id, order_id, product_id, quantity, unit_price, discount) VALUES (NULL, 728, 32, 1, 387.76, 10);
INSERT INTO Order_Items (order_item_id, order_id, product_id, quantity, unit_price, discount) VALUES (NULL, 728, 30, 2, 298.36, 10);
INSERT INTO Order_Items (order_item_id, order_id, product_id, quantity, unit_price, discount) VALUES (NULL, 728, 32, 2, 475.61, 5);
INSERT INTO Payments (payment_id, order_id, payment_date, payment_method, amount, currency) VALUES (NULL, 728, '2025-01-28 04:17:22.818217', 'Debit Card', 2164.02, 'USD');
INSERT INTO Shipping (shipping_id, order_id, carrier, tracking_number, ship_date, delivery_date, status) VALUES (NULL, 728, 'UPS', 'TRK000728', '2025-02-10', '2025-05-01', 'Delivered');
INSERT INTO Orders (order_id, customer_id, order_date, status, shipping_address, total_amount) VALUES (729, 180, '2025-06-04 22:17:37.525592', 'Shipped', 'USNV English FPO AE 90822', 2367.26);
INSERT INTO Order_Items (order_item_id, order_id, product_id, quantity, unit_price, discount) VALUES (NULL, 729, 35, 3, 154.12, 0);
INSERT INTO Order_Items (order_item_id, order_id, product_id, quantity, unit_price, discount) VALUES (NULL, 729, 30, 1, 272.39, 15);
INSERT INTO Order_Items (order_item_id, order_id, product_id, quantity, unit_price, discount) VALUES (NULL, 729, 17, 3, 349.33, 5);
INSERT INTO Payments (payment_id, order_id, payment_date, payment_method, amount, currency) VALUES (NULL, 729, '2025-07-20 18:06:55.330618', 'Debit Card', 2367.26, 'USD');
INSERT INTO Shipping (shipping_id, order_id, carrier, tracking_number, ship_date, delivery_date, status) VALUES (NULL, 729, 'FedEx', 'TRK000729', '2025-07-17', '2025-03-30', 'Delivered');
INSERT INTO Orders (order_id, customer_id, order_date, status, shipping_address, total_amount) VALUES (730, 66, '2025-05-19 16:12:10.783329', 'Shipped', '445 Villarreal Mountain Suite 950 Courtneyside, WY 82256', 2378.54);
INSERT INTO Order_Items (order_item_id, order_id, product_id, quantity, unit_price, discount) VALUES (NULL, 730, 50, 3, 102.53, 5);
INSERT INTO Payments (payment_id, order_id, payment_date, payment_method, amount, currency) VALUES (NULL, 730, '2025-03-07 03:31:46.212107', 'PayPal', 2378.54, 'USD');
INSERT INTO Shipping (shipping_id, order_id, carrier, tracking_number, ship_date, delivery_date, status) VALUES (NULL, 730, 'DHL', 'TRK000730', '2025-07-09', '2025-06-18', 'Delivered');
INSERT INTO Orders (order_id, customer_id, order_date, status, shipping_address, total_amount) VALUES (731, 69, '2025-08-04 19:25:06.480021', 'Shipped', '132 Joseph Villages Duncanside, ID 62058', 1258.9);
INSERT INTO Order_Items (order_item_id, order_id, product_id, quantity, unit_price, discount) VALUES (NULL, 731, 1, 1, 383.4, 10);
INSERT INTO Payments (payment_id, order_id, payment_date, payment_method, amount, currency) VALUES (NULL, 731, '2025-05-05 02:33:34.253019', 'Debit Card', 1258.9, 'USD');
INSERT INTO Shipping (shipping_id, order_id, carrier, tracking_number, ship_date, delivery_date, status) VALUES (NULL, 731, 'DHL', 'TRK000731', '2025-08-01', '2025-05-31', 'Delivered');
INSERT INTO Orders (order_id, customer_id, order_date, status, shipping_address, total_amount) VALUES (732, 138, '2025-01-21 00:44:29.564140', 'Shipped', '0614 Clark Mews Susanhaven, GA 75817', 1354.76);
INSERT INTO Order_Items (order_item_id, order_id, product_id, quantity, unit_price, discount) VALUES (NULL, 732, 47, 3, 345.62, 15);
INSERT INTO Order_Items (order_item_id, order_id, product_id, quantity, unit_price, discount) VALUES (NULL, 732, 37, 1, 298.03, 15);
INSERT INTO Payments (payment_id, order_id, payment_date, payment_method, amount, currency) VALUES (NULL, 732, '2025-08-23 23:35:06.967466', 'Debit Card', 1354.76, 'USD');
INSERT INTO Shipping (shipping_id, order_id, carrier, tracking_number, ship_date, delivery_date, status) VALUES (NULL, 732, 'UPS', 'TRK000732', '2025-07-01', '2025-05-22', 'Delivered');
INSERT INTO Orders (order_id, customer_id, order_date, status, shipping_address, total_amount) VALUES (733, 102, '2025-03-02 07:34:35.776525', 'Shipped', 'Unit 5985 Box 8895 DPO AP 54317', 590.87);
INSERT INTO Order_Items (order_item_id, order_id, product_id, quantity, unit_price, discount) VALUES (NULL, 733, 45, 2, 187.24, 5);
INSERT INTO Order_Items (order_item_id, order_id, product_id, quantity, unit_price, discount) VALUES (NULL, 733, 11, 3, 13.13, 5);
INSERT INTO Order_Items (order_item_id, order_id, product_id, quantity, unit_price, discount) VALUES (NULL, 733, 8, 2, 324.96, 10);
INSERT INTO Payments (payment_id, order_id, payment_date, payment_method, amount, currency) VALUES (NULL, 733, '2025-08-09 05:10:52.051659', 'PayPal', 590.87, 'USD');
INSERT INTO Shipping (shipping_id, order_id, carrier, tracking_number, ship_date, delivery_date, status) VALUES (NULL, 733, 'UPS', 'TRK000733', '2025-04-27', '2025-04-10', 'Delivered');
INSERT INTO Orders (order_id, customer_id, order_date, status, shipping_address, total_amount) VALUES (734, 72, '2025-08-02 18:56:10.381209', 'Shipped', '30888 Bishop Greens North Ashley, NJ 65330', 2187.09);
INSERT INTO Order_Items (order_item_id, order_id, product_id, quantity, unit_price, discount) VALUES (NULL, 734, 19, 3, 30.95, 15);
INSERT INTO Order_Items (order_item_id, order_id, product_id, quantity, unit_price, discount) VALUES (NULL, 734, 39, 3, 146.54, 0);
INSERT INTO Order_Items (order_item_id, order_id, product_id, quantity, unit_price, discount) VALUES (NULL, 734, 5, 1, 327.42, 0);
INSERT INTO Order_Items (order_item_id, order_id, product_id, quantity, unit_price, discount) VALUES (NULL, 734, 21, 3, 250.31, 10);
INSERT INTO Payments (payment_id, order_id, payment_date, payment_method, amount, currency) VALUES (NULL, 734, '2025-01-15 02:09:42.583931', 'Debit Card', 2187.09, 'USD');
INSERT INTO Shipping (shipping_id, order_id, carrier, tracking_number, ship_date, delivery_date, status) VALUES (NULL, 734, 'UPS', 'TRK000734', '2025-03-14', '2025-05-17', 'Delivered');
INSERT INTO Orders (order_id, customer_id, order_date, status, shipping_address, total_amount) VALUES (735, 143, '2025-03-09 22:49:48.266903', 'Shipped', '2891 Michael Curve Suite 424 Brettmouth, HI 80030', 1462.62);
INSERT INTO Order_Items (order_item_id, order_id, product_id, quantity, unit_price, discount) VALUES (NULL, 735, 39, 3, 223.44, 15);
INSERT INTO Order_Items (order_item_id, order_id, product_id, quantity, unit_price, discount) VALUES (NULL, 735, 8, 2, 297.44, 5);
INSERT INTO Order_Items (order_item_id, order_id, product_id, quantity, unit_price, discount) VALUES (NULL, 735, 16, 1, 39.2, 5);
INSERT INTO Order_Items (order_item_id, order_id, product_id, quantity, unit_price, discount) VALUES (NULL, 735, 31, 3, 70.77, 5);
INSERT INTO Order_Items (order_item_id, order_id, product_id, quantity, unit_price, discount) VALUES (NULL, 735, 2, 1, 33.83, 0);
INSERT INTO Payments (payment_id, order_id, payment_date, payment_method, amount, currency) VALUES (NULL, 735, '2025-04-13 22:34:56.550810', 'Debit Card', 1462.62, 'USD');
INSERT INTO Shipping (shipping_id, order_id, carrier, tracking_number, ship_date, delivery_date, status) VALUES (NULL, 735, 'DHL', 'TRK000735', '2025-07-16', '2025-02-24', 'Delivered');
INSERT INTO Orders (order_id, customer_id, order_date, status, shipping_address, total_amount) VALUES (736, 153, '2025-07-06 06:33:06.658727', 'Shipped', '375 Elizabeth Center Apt. 893 West Jenniferhaven, SD 92256', 1713.92);
INSERT INTO Order_Items (order_item_id, order_id, product_id, quantity, unit_price, discount) VALUES (NULL, 736, 47, 1, 484.61, 10);
INSERT INTO Order_Items (order_item_id, order_id, product_id, quantity, unit_price, discount) VALUES (NULL, 736, 33, 1, 498.89, 10);
INSERT INTO Order_Items (order_item_id, order_id, product_id, quantity, unit_price, discount) VALUES (NULL, 736, 8, 1, 438.79, 0);
INSERT INTO Order_Items (order_item_id, order_id, product_id, quantity, unit_price, discount) VALUES (NULL, 736, 47, 2, 482.31, 10);
INSERT INTO Order_Items (order_item_id, order_id, product_id, quantity, unit_price, discount) VALUES (NULL, 736, 14, 3, 58.98, 15);
INSERT INTO Payments (payment_id, order_id, payment_date, payment_method, amount, currency) VALUES (NULL, 736, '2025-03-01 15:52:14.748566', 'Debit Card', 1713.92, 'USD');
INSERT INTO Shipping (shipping_id, order_id, carrier, tracking_number, ship_date, delivery_date, status) VALUES (NULL, 736, 'DHL', 'TRK000736', '2025-07-26', '2025-04-13', 'Delivered');
INSERT INTO Orders (order_id, customer_id, order_date, status, shipping_address, total_amount) VALUES (737, 196, '2025-01-26 14:13:16.030872', 'Shipped', '0952 Juan Lane New Jonathan, SC 18592', 2892.39);
INSERT INTO Order_Items (order_item_id, order_id, product_id, quantity, unit_price, discount) VALUES (NULL, 737, 31, 1, 90.0, 10);
INSERT INTO Order_Items (order_item_id, order_id, product_id, quantity, unit_price, discount) VALUES (NULL, 737, 8, 2, 337.9, 0);
INSERT INTO Order_Items (order_item_id, order_id, product_id, quantity, unit_price, discount) VALUES (NULL, 737, 36, 1, 241.1, 10);
INSERT INTO Payments (payment_id, order_id, payment_date, payment_method, amount, currency) VALUES (NULL, 737, '2025-01-03 09:47:26.107807', 'PayPal', 2892.39, 'USD');
INSERT INTO Shipping (shipping_id, order_id, carrier, tracking_number, ship_date, delivery_date, status) VALUES (NULL, 737, 'DHL', 'TRK000737', '2025-04-16', '2025-03-08', 'Delivered');
INSERT INTO Orders (order_id, customer_id, order_date, status, shipping_address, total_amount) VALUES (738, 194, '2025-01-25 11:02:43.775421', 'Shipped', '8079 Frank Divide New Robinchester, CT 63836', 2968.43);
INSERT INTO Order_Items (order_item_id, order_id, product_id, quantity, unit_price, discount) VALUES (NULL, 738, 42, 2, 467.26, 5);
INSERT INTO Order_Items (order_item_id, order_id, product_id, quantity, unit_price, discount) VALUES (NULL, 738, 2, 3, 168.11, 5);
INSERT INTO Payments (payment_id, order_id, payment_date, payment_method, amount, currency) VALUES (NULL, 738, '2025-01-09 02:01:17.396515', 'Debit Card', 2968.43, 'USD');
INSERT INTO Shipping (shipping_id, order_id, carrier, tracking_number, ship_date, delivery_date, status) VALUES (NULL, 738, 'DHL', 'TRK000738', '2025-07-26', '2025-02-04', 'Delivered');
INSERT INTO Orders (order_id, customer_id, order_date, status, shipping_address, total_amount) VALUES (739, 125, '2025-01-08 15:38:06.635599', 'Shipped', '215 Bishop Hill Parkermouth, AR 95549', 1867.19);
INSERT INTO Order_Items (order_item_id, order_id, product_id, quantity, unit_price, discount) VALUES (NULL, 739, 7, 1, 68.7, 10);
INSERT INTO Order_Items (order_item_id, order_id, product_id, quantity, unit_price, discount) VALUES (NULL, 739, 7, 2, 166.72, 0);
INSERT INTO Order_Items (order_item_id, order_id, product_id, quantity, unit_price, discount) VALUES (NULL, 739, 18, 2, 235.61, 15);
INSERT INTO Order_Items (order_item_id, order_id, product_id, quantity, unit_price, discount) VALUES (NULL, 739, 18, 2, 44.65, 10);
INSERT INTO Order_Items (order_item_id, order_id, product_id, quantity, unit_price, discount) VALUES (NULL, 739, 17, 2, 211.07, 15);
INSERT INTO Payments (payment_id, order_id, payment_date, payment_method, amount, currency) VALUES (NULL, 739, '2025-06-01 03:34:59.256593', 'Credit Card', 1867.19, 'USD');
INSERT INTO Shipping (shipping_id, order_id, carrier, tracking_number, ship_date, delivery_date, status) VALUES (NULL, 739, 'DHL', 'TRK000739', '2025-07-29', '2025-09-01', 'Delivered');
INSERT INTO Orders (order_id, customer_id, order_date, status, shipping_address, total_amount) VALUES (740, 152, '2025-01-10 17:27:30.806120', 'Shipped', '53573 Novak Forges East Jenniferstad, LA 63820', 1745.02);
INSERT INTO Order_Items (order_item_id, order_id, product_id, quantity, unit_price, discount) VALUES (NULL, 740, 3, 3, 13.39, 0);
INSERT INTO Payments (payment_id, order_id, payment_date, payment_method, amount, currency) VALUES (NULL, 740, '2025-04-21 04:59:54.289059', 'PayPal', 1745.02, 'USD');
INSERT INTO Shipping (shipping_id, order_id, carrier, tracking_number, ship_date, delivery_date, status) VALUES (NULL, 740, 'FedEx', 'TRK000740', '2025-08-03', '2025-07-10', 'Delivered');
INSERT INTO Orders (order_id, customer_id, order_date, status, shipping_address, total_amount) VALUES (741, 99, '2025-06-04 18:04:51.973236', 'Shipped', '73725 Matthew Mountain Apt. 915 North Amyfort, WA 69482', 82.42);
INSERT INTO Order_Items (order_item_id, order_id, product_id, quantity, unit_price, discount) VALUES (NULL, 741, 15, 2, 407.7, 10);
INSERT INTO Order_Items (order_item_id, order_id, product_id, quantity, unit_price, discount) VALUES (NULL, 741, 36, 2, 105.41, 0);
INSERT INTO Order_Items (order_item_id, order_id, product_id, quantity, unit_price, discount) VALUES (NULL, 741, 3, 1, 324.13, 10);
INSERT INTO Payments (payment_id, order_id, payment_date, payment_method, amount, currency) VALUES (NULL, 741, '2025-07-13 02:07:14.186521', 'PayPal', 82.42, 'USD');
INSERT INTO Shipping (shipping_id, order_id, carrier, tracking_number, ship_date, delivery_date, status) VALUES (NULL, 741, 'FedEx', 'TRK000741', '2025-05-11', '2025-04-07', 'Delivered');
INSERT INTO Orders (order_id, customer_id, order_date, status, shipping_address, total_amount) VALUES (742, 133, '2025-06-26 18:48:13.670223', 'Shipped', '319 John Coves Suite 345 Jillianborough, MO 84022', 268.7);
INSERT INTO Order_Items (order_item_id, order_id, product_id, quantity, unit_price, discount) VALUES (NULL, 742, 13, 3, 243.36, 10);
INSERT INTO Order_Items (order_item_id, order_id, product_id, quantity, unit_price, discount) VALUES (NULL, 742, 48, 3, 496.04, 0);
INSERT INTO Payments (payment_id, order_id, payment_date, payment_method, amount, currency) VALUES (NULL, 742, '2025-01-26 12:20:20.881174', 'PayPal', 268.7, 'USD');
INSERT INTO Shipping (shipping_id, order_id, carrier, tracking_number, ship_date, delivery_date, status) VALUES (NULL, 742, 'UPS', 'TRK000742', '2025-04-17', '2025-04-15', 'Delivered');
INSERT INTO Orders (order_id, customer_id, order_date, status, shipping_address, total_amount) VALUES (743, 39, '2025-01-28 00:49:10.064186', 'Shipped', '58848 Vincent Burg Suite 650 West David, OH 19986', 2172.64);
INSERT INTO Order_Items (order_item_id, order_id, product_id, quantity, unit_price, discount) VALUES (NULL, 743, 50, 3, 393.11, 5);
INSERT INTO Order_Items (order_item_id, order_id, product_id, quantity, unit_price, discount) VALUES (NULL, 743, 21, 1, 114.68, 5);
INSERT INTO Order_Items (order_item_id, order_id, product_id, quantity, unit_price, discount) VALUES (NULL, 743, 21, 2, 482.18, 15);
INSERT INTO Order_Items (order_item_id, order_id, product_id, quantity, unit_price, discount) VALUES (NULL, 743, 50, 1, 228.72, 15);
INSERT INTO Order_Items (order_item_id, order_id, product_id, quantity, unit_price, discount) VALUES (NULL, 743, 20, 3, 224.08, 5);
INSERT INTO Payments (payment_id, order_id, payment_date, payment_method, amount, currency) VALUES (NULL, 743, '2025-01-09 20:03:15.506757', 'PayPal', 2172.64, 'USD');
INSERT INTO Shipping (shipping_id, order_id, carrier, tracking_number, ship_date, delivery_date, status) VALUES (NULL, 743, 'FedEx', 'TRK000743', '2025-04-28', '2025-08-25', 'Delivered');
INSERT INTO Orders (order_id, customer_id, order_date, status, shipping_address, total_amount) VALUES (744, 192, '2025-08-21 11:26:11.729119', 'Shipped', '9690 Gibson Path West Jacob, KY 54943', 555.98);
INSERT INTO Order_Items (order_item_id, order_id, product_id, quantity, unit_price, discount) VALUES (NULL, 744, 44, 2, 93.82, 10);
INSERT INTO Payments (payment_id, order_id, payment_date, payment_method, amount, currency) VALUES (NULL, 744, '2025-05-24 03:15:08.688011', 'PayPal', 555.98, 'USD');
INSERT INTO Shipping (shipping_id, order_id, carrier, tracking_number, ship_date, delivery_date, status) VALUES (NULL, 744, 'FedEx', 'TRK000744', '2025-05-19', '2025-02-28', 'Delivered');
INSERT INTO Orders (order_id, customer_id, order_date, status, shipping_address, total_amount) VALUES (745, 198, '2025-08-29 07:06:20.414932', 'Shipped', '9988 Margaret Grove North Stefanieborough, RI 36523', 2172.6);
INSERT INTO Order_Items (order_item_id, order_id, product_id, quantity, unit_price, discount) VALUES (NULL, 745, 12, 1, 52.9, 15);
INSERT INTO Order_Items (order_item_id, order_id, product_id, quantity, unit_price, discount) VALUES (NULL, 745, 44, 1, 81.73, 5);
INSERT INTO Order_Items (order_item_id, order_id, product_id, quantity, unit_price, discount) VALUES (NULL, 745, 16, 1, 53.39, 0);
INSERT INTO Order_Items (order_item_id, order_id, product_id, quantity, unit_price, discount) VALUES (NULL, 745, 19, 3, 282.0, 10);
INSERT INTO Payments (payment_id, order_id, payment_date, payment_method, amount, currency) VALUES (NULL, 745, '2025-07-01 18:13:43.366033', 'Credit Card', 2172.6, 'USD');
INSERT INTO Shipping (shipping_id, order_id, carrier, tracking_number, ship_date, delivery_date, status) VALUES (NULL, 745, 'DHL', 'TRK000745', '2025-03-17', '2025-01-09', 'Delivered');
INSERT INTO Orders (order_id, customer_id, order_date, status, shipping_address, total_amount) VALUES (746, 155, '2025-02-06 07:04:46.148355', 'Shipped', '1043 Wallace Via West Matthew, SD 70951', 1259.53);
INSERT INTO Order_Items (order_item_id, order_id, product_id, quantity, unit_price, discount) VALUES (NULL, 746, 25, 2, 57.05, 15);
INSERT INTO Order_Items (order_item_id, order_id, product_id, quantity, unit_price, discount) VALUES (NULL, 746, 16, 3, 445.35, 15);
INSERT INTO Order_Items (order_item_id, order_id, product_id, quantity, unit_price, discount) VALUES (NULL, 746, 18, 2, 61.4, 0);
INSERT INTO Order_Items (order_item_id, order_id, product_id, quantity, unit_price, discount) VALUES (NULL, 746, 33, 2, 425.69, 15);
INSERT INTO Order_Items (order_item_id, order_id, product_id, quantity, unit_price, discount) VALUES (NULL, 746, 37, 3, 69.84, 10);
INSERT INTO Payments (payment_id, order_id, payment_date, payment_method, amount, currency) VALUES (NULL, 746, '2025-08-24 03:47:58.130531', 'Credit Card', 1259.53, 'USD');
INSERT INTO Shipping (shipping_id, order_id, carrier, tracking_number, ship_date, delivery_date, status) VALUES (NULL, 746, 'UPS', 'TRK000746', '2025-01-06', '2025-02-20', 'Delivered');
INSERT INTO Orders (order_id, customer_id, order_date, status, shipping_address, total_amount) VALUES (747, 102, '2025-06-23 03:06:55.909070', 'Shipped', '16022 Hendricks Burg Apt. 832 North Richard, AL 44888', 2775.99);
INSERT INTO Order_Items (order_item_id, order_id, product_id, quantity, unit_price, discount) VALUES (NULL, 747, 40, 3, 64.85, 15);
INSERT INTO Order_Items (order_item_id, order_id, product_id, quantity, unit_price, discount) VALUES (NULL, 747, 39, 1, 493.93, 0);
INSERT INTO Payments (payment_id, order_id, payment_date, payment_method, amount, currency) VALUES (NULL, 747, '2025-03-23 14:19:08.939014', 'Credit Card', 2775.99, 'USD');
INSERT INTO Shipping (shipping_id, order_id, carrier, tracking_number, ship_date, delivery_date, status) VALUES (NULL, 747, 'FedEx', 'TRK000747', '2025-03-08', '2025-08-17', 'Delivered');
INSERT INTO Orders (order_id, customer_id, order_date, status, shipping_address, total_amount) VALUES (748, 24, '2025-01-18 21:39:54.046709', 'Shipped', '82496 Carla Islands East Bonnieberg, HI 34306', 2184.3);
INSERT INTO Order_Items (order_item_id, order_id, product_id, quantity, unit_price, discount) VALUES (NULL, 748, 20, 2, 152.68, 10);
INSERT INTO Order_Items (order_item_id, order_id, product_id, quantity, unit_price, discount) VALUES (NULL, 748, 5, 2, 252.83, 5);
INSERT INTO Payments (payment_id, order_id, payment_date, payment_method, amount, currency) VALUES (NULL, 748, '2025-08-21 12:17:12.088677', 'Debit Card', 2184.3, 'USD');
INSERT INTO Shipping (shipping_id, order_id, carrier, tracking_number, ship_date, delivery_date, status) VALUES (NULL, 748, 'FedEx', 'TRK000748', '2025-05-09', '2025-01-12', 'Delivered');
INSERT INTO Orders (order_id, customer_id, order_date, status, shipping_address, total_amount) VALUES (749, 112, '2025-02-07 18:21:27.277405', 'Shipped', '9113 Stewart Wells Suite 038 North Patriciaborough, IL 90076', 506.57);
INSERT INTO Order_Items (order_item_id, order_id, product_id, quantity, unit_price, discount) VALUES (NULL, 749, 40, 1, 485.36, 0);
INSERT INTO Order_Items (order_item_id, order_id, product_id, quantity, unit_price, discount) VALUES (NULL, 749, 42, 1, 61.14, 0);
INSERT INTO Order_Items (order_item_id, order_id, product_id, quantity, unit_price, discount) VALUES (NULL, 749, 11, 3, 165.47, 10);
INSERT INTO Order_Items (order_item_id, order_id, product_id, quantity, unit_price, discount) VALUES (NULL, 749, 28, 3, 77.89, 0);
INSERT INTO Payments (payment_id, order_id, payment_date, payment_method, amount, currency) VALUES (NULL, 749, '2025-05-09 08:53:00.428702', 'Credit Card', 506.57, 'USD');
INSERT INTO Shipping (shipping_id, order_id, carrier, tracking_number, ship_date, delivery_date, status) VALUES (NULL, 749, 'DHL', 'TRK000749', '2025-04-21', '2025-02-24', 'Delivered');
INSERT INTO Orders (order_id, customer_id, order_date, status, shipping_address, total_amount) VALUES (750, 195, '2025-01-08 02:03:31.252668', 'Shipped', '81398 Ann Mountains New Bill, TN 37405', 2356.0);
INSERT INTO Order_Items (order_item_id, order_id, product_id, quantity, unit_price, discount) VALUES (NULL, 750, 25, 2, 294.17, 10);
INSERT INTO Order_Items (order_item_id, order_id, product_id, quantity, unit_price, discount) VALUES (NULL, 750, 3, 3, 471.02, 5);
INSERT INTO Payments (payment_id, order_id, payment_date, payment_method, amount, currency) VALUES (NULL, 750, '2025-07-28 05:49:10.378867', 'Credit Card', 2356.0, 'USD');
INSERT INTO Shipping (shipping_id, order_id, carrier, tracking_number, ship_date, delivery_date, status) VALUES (NULL, 750, 'UPS', 'TRK000750', '2025-01-26', '2025-09-02', 'Delivered');
INSERT INTO Orders (order_id, customer_id, order_date, status, shipping_address, total_amount) VALUES (751, 46, '2025-08-11 20:00:20.670485', 'Shipped', '01880 Beltran Well Apt. 305 East Ginachester, CT 50858', 2586.08);
INSERT INTO Order_Items (order_item_id, order_id, product_id, quantity, unit_price, discount) VALUES (NULL, 751, 6, 1, 212.63, 0);
INSERT INTO Order_Items (order_item_id, order_id, product_id, quantity, unit_price, discount) VALUES (NULL, 751, 10, 3, 171.84, 15);
INSERT INTO Order_Items (order_item_id, order_id, product_id, quantity, unit_price, discount) VALUES (NULL, 751, 43, 3, 272.4, 0);
INSERT INTO Order_Items (order_item_id, order_id, product_id, quantity, unit_price, discount) VALUES (NULL, 751, 24, 2, 96.75, 15);
INSERT INTO Payments (payment_id, order_id, payment_date, payment_method, amount, currency) VALUES (NULL, 751, '2025-04-29 13:32:29.055503', 'Debit Card', 2586.08, 'USD');
INSERT INTO Shipping (shipping_id, order_id, carrier, tracking_number, ship_date, delivery_date, status) VALUES (NULL, 751, 'UPS', 'TRK000751', '2025-03-09', '2025-08-10', 'Delivered');
INSERT INTO Orders (order_id, customer_id, order_date, status, shipping_address, total_amount) VALUES (752, 22, '2025-05-03 21:48:06.270443', 'Shipped', '62797 Nicole Mount West Ryan, OR 62474', 2840.81);
INSERT INTO Order_Items (order_item_id, order_id, product_id, quantity, unit_price, discount) VALUES (NULL, 752, 30, 1, 409.04, 0);
INSERT INTO Order_Items (order_item_id, order_id, product_id, quantity, unit_price, discount) VALUES (NULL, 752, 17, 1, 368.21, 5);
INSERT INTO Order_Items (order_item_id, order_id, product_id, quantity, unit_price, discount) VALUES (NULL, 752, 20, 2, 225.43, 10);
INSERT INTO Payments (payment_id, order_id, payment_date, payment_method, amount, currency) VALUES (NULL, 752, '2025-06-18 03:12:01.051300', 'Debit Card', 2840.81, 'USD');
INSERT INTO Shipping (shipping_id, order_id, carrier, tracking_number, ship_date, delivery_date, status) VALUES (NULL, 752, 'DHL', 'TRK000752', '2025-06-07', '2025-08-02', 'Delivered');
INSERT INTO Orders (order_id, customer_id, order_date, status, shipping_address, total_amount) VALUES (753, 44, '2025-01-26 19:37:45.133934', 'Shipped', '626 Stephen Way Luisville, HI 22826', 1896.45);
INSERT INTO Order_Items (order_item_id, order_id, product_id, quantity, unit_price, discount) VALUES (NULL, 753, 35, 3, 85.47, 15);
INSERT INTO Order_Items (order_item_id, order_id, product_id, quantity, unit_price, discount) VALUES (NULL, 753, 11, 3, 136.51, 5);
INSERT INTO Order_Items (order_item_id, order_id, product_id, quantity, unit_price, discount) VALUES (NULL, 753, 41, 3, 213.39, 5);
INSERT INTO Order_Items (order_item_id, order_id, product_id, quantity, unit_price, discount) VALUES (NULL, 753, 31, 1, 488.2, 0);
INSERT INTO Payments (payment_id, order_id, payment_date, payment_method, amount, currency) VALUES (NULL, 753, '2025-01-02 11:42:23.195430', 'PayPal', 1896.45, 'USD');
INSERT INTO Shipping (shipping_id, order_id, carrier, tracking_number, ship_date, delivery_date, status) VALUES (NULL, 753, 'FedEx', 'TRK000753', '2025-07-12', '2025-04-06', 'Delivered');
INSERT INTO Orders (order_id, customer_id, order_date, status, shipping_address, total_amount) VALUES (754, 165, '2025-08-17 01:25:46.298627', 'Shipped', '2533 Harris Valley Apt. 688 Anthonyshire, ME 75944', 87.72);
INSERT INTO Order_Items (order_item_id, order_id, product_id, quantity, unit_price, discount) VALUES (NULL, 754, 48, 3, 249.11, 15);
INSERT INTO Order_Items (order_item_id, order_id, product_id, quantity, unit_price, discount) VALUES (NULL, 754, 10, 3, 463.94, 15);
INSERT INTO Order_Items (order_item_id, order_id, product_id, quantity, unit_price, discount) VALUES (NULL, 754, 13, 3, 41.89, 0);
INSERT INTO Payments (payment_id, order_id, payment_date, payment_method, amount, currency) VALUES (NULL, 754, '2025-07-28 11:35:53.626433', 'Credit Card', 87.72, 'USD');
INSERT INTO Shipping (shipping_id, order_id, carrier, tracking_number, ship_date, delivery_date, status) VALUES (NULL, 754, 'UPS', 'TRK000754', '2025-01-09', '2025-02-16', 'Delivered');
INSERT INTO Orders (order_id, customer_id, order_date, status, shipping_address, total_amount) VALUES (755, 96, '2025-03-26 02:00:55.311174', 'Shipped', '3243 Vasquez Mountains Vanessaborough, FL 10350', 1026.71);
INSERT INTO Order_Items (order_item_id, order_id, product_id, quantity, unit_price, discount) VALUES (NULL, 755, 2, 3, 411.96, 0);
INSERT INTO Order_Items (order_item_id, order_id, product_id, quantity, unit_price, discount) VALUES (NULL, 755, 18, 3, 381.44, 15);
INSERT INTO Order_Items (order_item_id, order_id, product_id, quantity, unit_price, discount) VALUES (NULL, 755, 37, 2, 332.06, 0);
INSERT INTO Order_Items (order_item_id, order_id, product_id, quantity, unit_price, discount) VALUES (NULL, 755, 44, 3, 326.25, 0);
INSERT INTO Order_Items (order_item_id, order_id, product_id, quantity, unit_price, discount) VALUES (NULL, 755, 18, 1, 490.66, 15);
INSERT INTO Payments (payment_id, order_id, payment_date, payment_method, amount, currency) VALUES (NULL, 755, '2025-02-09 05:55:47.921080', 'Debit Card', 1026.71, 'USD');
INSERT INTO Shipping (shipping_id, order_id, carrier, tracking_number, ship_date, delivery_date, status) VALUES (NULL, 755, 'UPS', 'TRK000755', '2025-02-27', '2025-06-11', 'Delivered');
INSERT INTO Orders (order_id, customer_id, order_date, status, shipping_address, total_amount) VALUES (756, 62, '2025-01-09 05:15:30.841979', 'Shipped', '147 Huynh Forges Apt. 313 Turnerburgh, OR 19348', 315.1);
INSERT INTO Order_Items (order_item_id, order_id, product_id, quantity, unit_price, discount) VALUES (NULL, 756, 13, 3, 400.28, 0);
INSERT INTO Order_Items (order_item_id, order_id, product_id, quantity, unit_price, discount) VALUES (NULL, 756, 34, 3, 431.58, 0);
INSERT INTO Order_Items (order_item_id, order_id, product_id, quantity, unit_price, discount) VALUES (NULL, 756, 49, 1, 263.92, 15);
INSERT INTO Order_Items (order_item_id, order_id, product_id, quantity, unit_price, discount) VALUES (NULL, 756, 29, 3, 16.79, 10);
INSERT INTO Payments (payment_id, order_id, payment_date, payment_method, amount, currency) VALUES (NULL, 756, '2025-06-01 22:18:23.035836', 'PayPal', 315.1, 'USD');
INSERT INTO Shipping (shipping_id, order_id, carrier, tracking_number, ship_date, delivery_date, status) VALUES (NULL, 756, 'DHL', 'TRK000756', '2025-03-24', '2025-05-02', 'Delivered');
INSERT INTO Orders (order_id, customer_id, order_date, status, shipping_address, total_amount) VALUES (757, 1, '2025-04-25 22:32:18.851133', 'Shipped', '3402 Crystal Dale Kylebury, RI 01750', 1760.19);
INSERT INTO Order_Items (order_item_id, order_id, product_id, quantity, unit_price, discount) VALUES (NULL, 757, 39, 1, 238.08, 5);
INSERT INTO Order_Items (order_item_id, order_id, product_id, quantity, unit_price, discount) VALUES (NULL, 757, 38, 1, 48.71, 5);
INSERT INTO Order_Items (order_item_id, order_id, product_id, quantity, unit_price, discount) VALUES (NULL, 757, 5, 1, 324.18, 15);
INSERT INTO Order_Items (order_item_id, order_id, product_id, quantity, unit_price, discount) VALUES (NULL, 757, 3, 2, 295.51, 5);
INSERT INTO Order_Items (order_item_id, order_id, product_id, quantity, unit_price, discount) VALUES (NULL, 757, 1, 3, 153.47, 15);
INSERT INTO Payments (payment_id, order_id, payment_date, payment_method, amount, currency) VALUES (NULL, 757, '2025-05-11 08:43:56.871186', 'Credit Card', 1760.19, 'USD');
INSERT INTO Shipping (shipping_id, order_id, carrier, tracking_number, ship_date, delivery_date, status) VALUES (NULL, 757, 'FedEx', 'TRK000757', '2025-02-16', '2025-02-26', 'Delivered');
INSERT INTO Orders (order_id, customer_id, order_date, status, shipping_address, total_amount) VALUES (758, 67, '2025-04-23 04:22:13.703994', 'Shipped', '839 Miguel Shores Thomasmouth, IA 40880', 1306.0);
INSERT INTO Order_Items (order_item_id, order_id, product_id, quantity, unit_price, discount) VALUES (NULL, 758, 36, 1, 22.65, 0);
INSERT INTO Payments (payment_id, order_id, payment_date, payment_method, amount, currency) VALUES (NULL, 758, '2025-07-19 13:54:12.622363', 'Debit Card', 1306.0, 'USD');
INSERT INTO Shipping (shipping_id, order_id, carrier, tracking_number, ship_date, delivery_date, status) VALUES (NULL, 758, 'DHL', 'TRK000758', '2025-07-24', '2025-07-15', 'Delivered');
INSERT INTO Orders (order_id, customer_id, order_date, status, shipping_address, total_amount) VALUES (759, 16, '2025-06-27 21:46:01.861128', 'Shipped', '771 Adams Place Geraldmouth, ID 95387', 2109.89);
INSERT INTO Order_Items (order_item_id, order_id, product_id, quantity, unit_price, discount) VALUES (NULL, 759, 27, 2, 80.14, 10);
INSERT INTO Order_Items (order_item_id, order_id, product_id, quantity, unit_price, discount) VALUES (NULL, 759, 8, 3, 350.04, 10);
INSERT INTO Payments (payment_id, order_id, payment_date, payment_method, amount, currency) VALUES (NULL, 759, '2025-03-07 16:26:30.849520', 'Credit Card', 2109.89, 'USD');
INSERT INTO Shipping (shipping_id, order_id, carrier, tracking_number, ship_date, delivery_date, status) VALUES (NULL, 759, 'UPS', 'TRK000759', '2025-08-08', '2025-08-29', 'Delivered');
INSERT INTO Orders (order_id, customer_id, order_date, status, shipping_address, total_amount) VALUES (760, 127, '2025-04-04 13:42:14.419614', 'Shipped', '58996 Sandoval Turnpike Theresaville, WA 02696', 2644.78);
INSERT INTO Order_Items (order_item_id, order_id, product_id, quantity, unit_price, discount) VALUES (NULL, 760, 45, 1, 59.61, 10);
INSERT INTO Order_Items (order_item_id, order_id, product_id, quantity, unit_price, discount) VALUES (NULL, 760, 26, 3, 480.39, 10);
INSERT INTO Payments (payment_id, order_id, payment_date, payment_method, amount, currency) VALUES (NULL, 760, '2025-05-04 15:30:17.937514', 'PayPal', 2644.78, 'USD');
INSERT INTO Shipping (shipping_id, order_id, carrier, tracking_number, ship_date, delivery_date, status) VALUES (NULL, 760, 'UPS', 'TRK000760', '2025-08-10', '2025-06-12', 'Delivered');
INSERT INTO Orders (order_id, customer_id, order_date, status, shipping_address, total_amount) VALUES (761, 102, '2025-05-23 18:57:38.412194', 'Shipped', '82471 Rachel Burgs Port Jeremy, WI 05474', 2683.85);
INSERT INTO Order_Items (order_item_id, order_id, product_id, quantity, unit_price, discount) VALUES (NULL, 761, 20, 1, 362.63, 10);
INSERT INTO Payments (payment_id, order_id, payment_date, payment_method, amount, currency) VALUES (NULL, 761, '2025-03-23 18:07:09.243583', 'PayPal', 2683.85, 'USD');
INSERT INTO Shipping (shipping_id, order_id, carrier, tracking_number, ship_date, delivery_date, status) VALUES (NULL, 761, 'UPS', 'TRK000761', '2025-08-24', '2025-05-20', 'Delivered');
INSERT INTO Orders (order_id, customer_id, order_date, status, shipping_address, total_amount) VALUES (762, 15, '2025-06-17 17:11:51.526508', 'Shipped', '3905 Davenport Squares Kaylaville, AL 55667', 1033.99);
INSERT INTO Order_Items (order_item_id, order_id, product_id, quantity, unit_price, discount) VALUES (NULL, 762, 29, 3, 437.3, 0);
INSERT INTO Payments (payment_id, order_id, payment_date, payment_method, amount, currency) VALUES (NULL, 762, '2025-04-11 10:42:45.935294', 'Credit Card', 1033.99, 'USD');
INSERT INTO Shipping (shipping_id, order_id, carrier, tracking_number, ship_date, delivery_date, status) VALUES (NULL, 762, 'UPS', 'TRK000762', '2025-06-29', '2025-06-05', 'Delivered');
INSERT INTO Orders (order_id, customer_id, order_date, status, shipping_address, total_amount) VALUES (763, 193, '2025-07-22 00:44:39.744750', 'Shipped', '520 Rodriguez Throughway Mayerville, ME 80951', 1080.23);
INSERT INTO Order_Items (order_item_id, order_id, product_id, quantity, unit_price, discount) VALUES (NULL, 763, 7, 3, 185.2, 10);
INSERT INTO Order_Items (order_item_id, order_id, product_id, quantity, unit_price, discount) VALUES (NULL, 763, 34, 2, 119.19, 10);
INSERT INTO Order_Items (order_item_id, order_id, product_id, quantity, unit_price, discount) VALUES (NULL, 763, 49, 2, 171.97, 0);
INSERT INTO Payments (payment_id, order_id, payment_date, payment_method, amount, currency) VALUES (NULL, 763, '2025-05-23 03:11:03.558158', 'Debit Card', 1080.23, 'USD');
INSERT INTO Shipping (shipping_id, order_id, carrier, tracking_number, ship_date, delivery_date, status) VALUES (NULL, 763, 'DHL', 'TRK000763', '2025-02-14', '2025-06-13', 'Delivered');
INSERT INTO Orders (order_id, customer_id, order_date, status, shipping_address, total_amount) VALUES (764, 115, '2025-05-02 06:16:41.757380', 'Shipped', '12056 Kathryn Grove Port Mollytown, NC 03524', 1124.71);
INSERT INTO Order_Items (order_item_id, order_id, product_id, quantity, unit_price, discount) VALUES (NULL, 764, 37, 2, 489.67, 10);
INSERT INTO Payments (payment_id, order_id, payment_date, payment_method, amount, currency) VALUES (NULL, 764, '2025-01-16 22:21:55.645638', 'PayPal', 1124.71, 'USD');
INSERT INTO Shipping (shipping_id, order_id, carrier, tracking_number, ship_date, delivery_date, status) VALUES (NULL, 764, 'FedEx', 'TRK000764', '2025-03-17', '2025-05-03', 'Delivered');
INSERT INTO Orders (order_id, customer_id, order_date, status, shipping_address, total_amount) VALUES (765, 174, '2025-05-20 20:54:39.060824', 'Shipped', '4180 Angela Well Michaelport, OK 31713', 2397.69);
INSERT INTO Order_Items (order_item_id, order_id, product_id, quantity, unit_price, discount) VALUES (NULL, 765, 26, 2, 395.9, 0);
INSERT INTO Order_Items (order_item_id, order_id, product_id, quantity, unit_price, discount) VALUES (NULL, 765, 42, 2, 21.66, 10);
INSERT INTO Payments (payment_id, order_id, payment_date, payment_method, amount, currency) VALUES (NULL, 765, '2025-06-22 15:32:34.051580', 'Credit Card', 2397.69, 'USD');
INSERT INTO Shipping (shipping_id, order_id, carrier, tracking_number, ship_date, delivery_date, status) VALUES (NULL, 765, 'UPS', 'TRK000765', '2025-05-16', '2025-08-11', 'Delivered');
INSERT INTO Orders (order_id, customer_id, order_date, status, shipping_address, total_amount) VALUES (766, 176, '2025-06-04 03:23:12.520943', 'Shipped', '6906 Lopez Coves West Ericamouth, IA 76079', 168.71);
INSERT INTO Order_Items (order_item_id, order_id, product_id, quantity, unit_price, discount) VALUES (NULL, 766, 29, 3, 222.47, 10);
INSERT INTO Order_Items (order_item_id, order_id, product_id, quantity, unit_price, discount) VALUES (NULL, 766, 8, 1, 261.39, 5);
INSERT INTO Order_Items (order_item_id, order_id, product_id, quantity, unit_price, discount) VALUES (NULL, 766, 34, 3, 255.42, 5);
INSERT INTO Order_Items (order_item_id, order_id, product_id, quantity, unit_price, discount) VALUES (NULL, 766, 40, 1, 204.94, 5);
INSERT INTO Payments (payment_id, order_id, payment_date, payment_method, amount, currency) VALUES (NULL, 766, '2025-02-22 05:20:17.028968', 'Debit Card', 168.71, 'USD');
INSERT INTO Shipping (shipping_id, order_id, carrier, tracking_number, ship_date, delivery_date, status) VALUES (NULL, 766, 'DHL', 'TRK000766', '2025-07-19', '2025-06-18', 'Delivered');
INSERT INTO Orders (order_id, customer_id, order_date, status, shipping_address, total_amount) VALUES (767, 11, '2025-06-21 14:24:11.209893', 'Shipped', '522 Alvarado Fort Apt. 829 Lake Larry, VA 79213', 2257.3);
INSERT INTO Order_Items (order_item_id, order_id, product_id, quantity, unit_price, discount) VALUES (NULL, 767, 22, 3, 370.84, 5);
INSERT INTO Order_Items (order_item_id, order_id, product_id, quantity, unit_price, discount) VALUES (NULL, 767, 1, 1, 413.26, 0);
INSERT INTO Order_Items (order_item_id, order_id, product_id, quantity, unit_price, discount) VALUES (NULL, 767, 42, 2, 185.57, 15);
INSERT INTO Order_Items (order_item_id, order_id, product_id, quantity, unit_price, discount) VALUES (NULL, 767, 1, 3, 380.25, 15);
INSERT INTO Payments (payment_id, order_id, payment_date, payment_method, amount, currency) VALUES (NULL, 767, '2025-01-10 01:24:25.596735', 'Debit Card', 2257.3, 'USD');
INSERT INTO Shipping (shipping_id, order_id, carrier, tracking_number, ship_date, delivery_date, status) VALUES (NULL, 767, 'FedEx', 'TRK000767', '2025-08-24', '2025-05-07', 'Delivered');
INSERT INTO Orders (order_id, customer_id, order_date, status, shipping_address, total_amount) VALUES (768, 53, '2025-03-26 00:53:14.923276', 'Shipped', '04871 Stevens Village Jamesberg, ID 09808', 1973.27);
INSERT INTO Order_Items (order_item_id, order_id, product_id, quantity, unit_price, discount) VALUES (NULL, 768, 20, 1, 226.93, 5);
INSERT INTO Order_Items (order_item_id, order_id, product_id, quantity, unit_price, discount) VALUES (NULL, 768, 15, 1, 116.26, 5);
INSERT INTO Order_Items (order_item_id, order_id, product_id, quantity, unit_price, discount) VALUES (NULL, 768, 31, 1, 348.06, 5);
INSERT INTO Payments (payment_id, order_id, payment_date, payment_method, amount, currency) VALUES (NULL, 768, '2025-07-10 18:07:07.997498', 'Credit Card', 1973.27, 'USD');
INSERT INTO Shipping (shipping_id, order_id, carrier, tracking_number, ship_date, delivery_date, status) VALUES (NULL, 768, 'FedEx', 'TRK000768', '2025-02-28', '2025-06-09', 'Delivered');
INSERT INTO Orders (order_id, customer_id, order_date, status, shipping_address, total_amount) VALUES (769, 90, '2025-02-14 23:25:33.996232', 'Shipped', '1016 Smith Parkway Morganton, MO 57439', 1943.36);
INSERT INTO Order_Items (order_item_id, order_id, product_id, quantity, unit_price, discount) VALUES (NULL, 769, 24, 1, 257.53, 0);
INSERT INTO Order_Items (order_item_id, order_id, product_id, quantity, unit_price, discount) VALUES (NULL, 769, 45, 1, 274.81, 15);
INSERT INTO Order_Items (order_item_id, order_id, product_id, quantity, unit_price, discount) VALUES (NULL, 769, 28, 3, 188.54, 10);
INSERT INTO Order_Items (order_item_id, order_id, product_id, quantity, unit_price, discount) VALUES (NULL, 769, 45, 2, 431.61, 0);
INSERT INTO Payments (payment_id, order_id, payment_date, payment_method, amount, currency) VALUES (NULL, 769, '2025-02-05 10:30:52.705976', 'Debit Card', 1943.36, 'USD');
INSERT INTO Shipping (shipping_id, order_id, carrier, tracking_number, ship_date, delivery_date, status) VALUES (NULL, 769, 'DHL', 'TRK000769', '2025-07-28', '2025-06-09', 'Delivered');
INSERT INTO Orders (order_id, customer_id, order_date, status, shipping_address, total_amount) VALUES (770, 107, '2025-01-29 21:03:41.567605', 'Shipped', '41298 Jackson Extensions Stewartborough, OH 53776', 915.2);
INSERT INTO Order_Items (order_item_id, order_id, product_id, quantity, unit_price, discount) VALUES (NULL, 770, 32, 3, 485.18, 5);
INSERT INTO Order_Items (order_item_id, order_id, product_id, quantity, unit_price, discount) VALUES (NULL, 770, 26, 1, 47.98, 15);
INSERT INTO Order_Items (order_item_id, order_id, product_id, quantity, unit_price, discount) VALUES (NULL, 770, 25, 2, 321.15, 0);
INSERT INTO Order_Items (order_item_id, order_id, product_id, quantity, unit_price, discount) VALUES (NULL, 770, 16, 3, 406.7, 5);
INSERT INTO Order_Items (order_item_id, order_id, product_id, quantity, unit_price, discount) VALUES (NULL, 770, 48, 3, 399.67, 15);
INSERT INTO Payments (payment_id, order_id, payment_date, payment_method, amount, currency) VALUES (NULL, 770, '2025-06-25 04:55:33.396160', 'Debit Card', 915.2, 'USD');
INSERT INTO Shipping (shipping_id, order_id, carrier, tracking_number, ship_date, delivery_date, status) VALUES (NULL, 770, 'UPS', 'TRK000770', '2025-07-28', '2025-03-30', 'Delivered');
INSERT INTO Orders (order_id, customer_id, order_date, status, shipping_address, total_amount) VALUES (771, 175, '2025-06-30 21:41:38.729244', 'Shipped', '774 Ryan Harbors Suite 275 Longmouth, ID 21443', 2877.21);
INSERT INTO Order_Items (order_item_id, order_id, product_id, quantity, unit_price, discount) VALUES (NULL, 771, 42, 1, 17.51, 0);
INSERT INTO Order_Items (order_item_id, order_id, product_id, quantity, unit_price, discount) VALUES (NULL, 771, 50, 1, 46.4, 15);
INSERT INTO Payments (payment_id, order_id, payment_date, payment_method, amount, currency) VALUES (NULL, 771, '2025-01-13 09:06:55.899170', 'PayPal', 2877.21, 'USD');
INSERT INTO Shipping (shipping_id, order_id, carrier, tracking_number, ship_date, delivery_date, status) VALUES (NULL, 771, 'UPS', 'TRK000771', '2025-02-15', '2025-08-27', 'Delivered');
INSERT INTO Orders (order_id, customer_id, order_date, status, shipping_address, total_amount) VALUES (772, 108, '2025-07-10 01:22:00.248460', 'Shipped', '79721 Mccarthy Trail Apt. 744 Harrellville, MP 82032', 973.26);
INSERT INTO Order_Items (order_item_id, order_id, product_id, quantity, unit_price, discount) VALUES (NULL, 772, 23, 3, 145.1, 10);
INSERT INTO Order_Items (order_item_id, order_id, product_id, quantity, unit_price, discount) VALUES (NULL, 772, 38, 2, 494.39, 5);
INSERT INTO Payments (payment_id, order_id, payment_date, payment_method, amount, currency) VALUES (NULL, 772, '2025-08-06 17:08:17.492471', 'Debit Card', 973.26, 'USD');
INSERT INTO Shipping (shipping_id, order_id, carrier, tracking_number, ship_date, delivery_date, status) VALUES (NULL, 772, 'DHL', 'TRK000772', '2025-06-10', '2025-05-05', 'Delivered');
INSERT INTO Orders (order_id, customer_id, order_date, status, shipping_address, total_amount) VALUES (773, 6, '2025-08-10 19:40:31.368880', 'Shipped', '86738 Chung Parkway Suite 539 Port Aaron, GA 47369', 383.66);
INSERT INTO Order_Items (order_item_id, order_id, product_id, quantity, unit_price, discount) VALUES (NULL, 773, 19, 2, 498.15, 15);
INSERT INTO Payments (payment_id, order_id, payment_date, payment_method, amount, currency) VALUES (NULL, 773, '2025-03-02 11:52:35.648759', 'Debit Card', 383.66, 'USD');
INSERT INTO Shipping (shipping_id, order_id, carrier, tracking_number, ship_date, delivery_date, status) VALUES (NULL, 773, 'DHL', 'TRK000773', '2025-03-28', '2025-02-02', 'Delivered');
INSERT INTO Orders (order_id, customer_id, order_date, status, shipping_address, total_amount) VALUES (774, 127, '2025-08-30 19:27:20.705104', 'Shipped', '4903 Stephanie Ridges East Tracey, VA 05929', 2828.24);
INSERT INTO Order_Items (order_item_id, order_id, product_id, quantity, unit_price, discount) VALUES (NULL, 774, 50, 1, 164.95, 0);
INSERT INTO Order_Items (order_item_id, order_id, product_id, quantity, unit_price, discount) VALUES (NULL, 774, 6, 3, 385.64, 5);
INSERT INTO Order_Items (order_item_id, order_id, product_id, quantity, unit_price, discount) VALUES (NULL, 774, 33, 2, 109.54, 5);
INSERT INTO Order_Items (order_item_id, order_id, product_id, quantity, unit_price, discount) VALUES (NULL, 774, 37, 2, 223.97, 10);
INSERT INTO Payments (payment_id, order_id, payment_date, payment_method, amount, currency) VALUES (NULL, 774, '2025-06-20 00:38:26.811603', 'Credit Card', 2828.24, 'USD');
INSERT INTO Shipping (shipping_id, order_id, carrier, tracking_number, ship_date, delivery_date, status) VALUES (NULL, 774, 'FedEx', 'TRK000774', '2025-05-02', '2025-01-24', 'Delivered');
INSERT INTO Orders (order_id, customer_id, order_date, status, shipping_address, total_amount) VALUES (775, 75, '2025-02-09 05:45:23.406776', 'Shipped', '29304 Eric Fort Ochoafurt, DC 13173', 1581.74);
INSERT INTO Order_Items (order_item_id, order_id, product_id, quantity, unit_price, discount) VALUES (NULL, 775, 36, 3, 160.17, 15);
INSERT INTO Order_Items (order_item_id, order_id, product_id, quantity, unit_price, discount) VALUES (NULL, 775, 42, 3, 189.75, 5);
INSERT INTO Payments (payment_id, order_id, payment_date, payment_method, amount, currency) VALUES (NULL, 775, '2025-04-04 14:30:46.624586', 'PayPal', 1581.74, 'USD');
INSERT INTO Shipping (shipping_id, order_id, carrier, tracking_number, ship_date, delivery_date, status) VALUES (NULL, 775, 'FedEx', 'TRK000775', '2025-08-05', '2025-05-30', 'Delivered');
INSERT INTO Orders (order_id, customer_id, order_date, status, shipping_address, total_amount) VALUES (776, 198, '2025-07-14 23:28:13.920857', 'Shipped', '58116 Parker Stream Rodriguezport, WI 93495', 2311.26);
INSERT INTO Order_Items (order_item_id, order_id, product_id, quantity, unit_price, discount) VALUES (NULL, 776, 3, 1, 29.59, 5);
INSERT INTO Order_Items (order_item_id, order_id, product_id, quantity, unit_price, discount) VALUES (NULL, 776, 37, 2, 355.86, 15);
INSERT INTO Payments (payment_id, order_id, payment_date, payment_method, amount, currency) VALUES (NULL, 776, '2025-03-05 14:14:15.740704', 'Debit Card', 2311.26, 'USD');
INSERT INTO Shipping (shipping_id, order_id, carrier, tracking_number, ship_date, delivery_date, status) VALUES (NULL, 776, 'UPS', 'TRK000776', '2025-04-01', '2025-04-08', 'Delivered');
INSERT INTO Orders (order_id, customer_id, order_date, status, shipping_address, total_amount) VALUES (777, 183, '2025-07-18 05:54:24.719378', 'Shipped', '43339 Peter Turnpike Apt. 159 North Helen, MS 31864', 1601.86);
INSERT INTO Order_Items (order_item_id, order_id, product_id, quantity, unit_price, discount) VALUES (NULL, 777, 29, 2, 35.85, 0);
INSERT INTO Order_Items (order_item_id, order_id, product_id, quantity, unit_price, discount) VALUES (NULL, 777, 2, 2, 405.9, 15);
INSERT INTO Order_Items (order_item_id, order_id, product_id, quantity, unit_price, discount) VALUES (NULL, 777, 25, 3, 60.75, 15);
INSERT INTO Order_Items (order_item_id, order_id, product_id, quantity, unit_price, discount) VALUES (NULL, 777, 12, 3, 304.66, 15);
INSERT INTO Payments (payment_id, order_id, payment_date, payment_method, amount, currency) VALUES (NULL, 777, '2025-08-12 10:54:53.193041', 'Credit Card', 1601.86, 'USD');
INSERT INTO Shipping (shipping_id, order_id, carrier, tracking_number, ship_date, delivery_date, status) VALUES (NULL, 777, 'FedEx', 'TRK000777', '2025-03-28', '2025-02-02', 'Delivered');
INSERT INTO Orders (order_id, customer_id, order_date, status, shipping_address, total_amount) VALUES (778, 105, '2025-06-08 20:49:53.736927', 'Shipped', '7456 Johnny Cliffs Apt. 454 Port Gregory, AL 75136', 100.27);
INSERT INTO Order_Items (order_item_id, order_id, product_id, quantity, unit_price, discount) VALUES (NULL, 778, 26, 2, 355.93, 5);
INSERT INTO Order_Items (order_item_id, order_id, product_id, quantity, unit_price, discount) VALUES (NULL, 778, 20, 2, 400.18, 10);
INSERT INTO Payments (payment_id, order_id, payment_date, payment_method, amount, currency) VALUES (NULL, 778, '2025-07-29 03:01:45.272071', 'Credit Card', 100.27, 'USD');
INSERT INTO Shipping (shipping_id, order_id, carrier, tracking_number, ship_date, delivery_date, status) VALUES (NULL, 778, 'DHL', 'TRK000778', '2025-01-18', '2025-04-12', 'Delivered');
INSERT INTO Orders (order_id, customer_id, order_date, status, shipping_address, total_amount) VALUES (779, 199, '2025-04-28 02:20:56.483683', 'Shipped', '478 Shawn Cliff Apt. 360 Olsonberg, MH 72755', 1336.2);
INSERT INTO Order_Items (order_item_id, order_id, product_id, quantity, unit_price, discount) VALUES (NULL, 779, 20, 1, 492.24, 0);
INSERT INTO Payments (payment_id, order_id, payment_date, payment_method, amount, currency) VALUES (NULL, 779, '2025-03-19 20:29:39.229993', 'Debit Card', 1336.2, 'USD');
INSERT INTO Shipping (shipping_id, order_id, carrier, tracking_number, ship_date, delivery_date, status) VALUES (NULL, 779, 'DHL', 'TRK000779', '2025-08-30', '2025-06-01', 'Delivered');
INSERT INTO Orders (order_id, customer_id, order_date, status, shipping_address, total_amount) VALUES (780, 16, '2025-04-20 05:00:29.008114', 'Shipped', 'PSC 5548, Box 7744 APO AA 95977', 1210.49);
INSERT INTO Order_Items (order_item_id, order_id, product_id, quantity, unit_price, discount) VALUES (NULL, 780, 49, 3, 368.0, 15);
INSERT INTO Order_Items (order_item_id, order_id, product_id, quantity, unit_price, discount) VALUES (NULL, 780, 39, 3, 214.21, 0);
INSERT INTO Order_Items (order_item_id, order_id, product_id, quantity, unit_price, discount) VALUES (NULL, 780, 3, 2, 376.76, 5);
INSERT INTO Order_Items (order_item_id, order_id, product_id, quantity, unit_price, discount) VALUES (NULL, 780, 10, 1, 405.07, 0);
INSERT INTO Payments (payment_id, order_id, payment_date, payment_method, amount, currency) VALUES (NULL, 780, '2025-05-18 23:13:11.995431', 'PayPal', 1210.49, 'USD');
INSERT INTO Shipping (shipping_id, order_id, carrier, tracking_number, ship_date, delivery_date, status) VALUES (NULL, 780, 'FedEx', 'TRK000780', '2025-01-25', '2025-07-05', 'Delivered');
INSERT INTO Orders (order_id, customer_id, order_date, status, shipping_address, total_amount) VALUES (781, 90, '2025-03-02 12:14:54.548925', 'Shipped', '73700 Hamilton Glens Apt. 677 Lake Jamesport, MO 60031', 1279.95);
INSERT INTO Order_Items (order_item_id, order_id, product_id, quantity, unit_price, discount) VALUES (NULL, 781, 10, 1, 387.17, 10);
INSERT INTO Order_Items (order_item_id, order_id, product_id, quantity, unit_price, discount) VALUES (NULL, 781, 21, 1, 374.9, 10);
INSERT INTO Order_Items (order_item_id, order_id, product_id, quantity, unit_price, discount) VALUES (NULL, 781, 32, 2, 229.54, 0);
INSERT INTO Order_Items (order_item_id, order_id, product_id, quantity, unit_price, discount) VALUES (NULL, 781, 43, 3, 356.18, 5);
INSERT INTO Payments (payment_id, order_id, payment_date, payment_method, amount, currency) VALUES (NULL, 781, '2025-04-06 04:18:53.895248', 'PayPal', 1279.95, 'USD');
INSERT INTO Shipping (shipping_id, order_id, carrier, tracking_number, ship_date, delivery_date, status) VALUES (NULL, 781, 'FedEx', 'TRK000781', '2025-08-14', '2025-06-11', 'Delivered');
INSERT INTO Orders (order_id, customer_id, order_date, status, shipping_address, total_amount) VALUES (782, 146, '2025-02-18 21:58:21.243518', 'Shipped', '050 Samantha Inlet Suite 532 Fisherfurt, FM 63764', 512.61);
INSERT INTO Order_Items (order_item_id, order_id, product_id, quantity, unit_price, discount) VALUES (NULL, 782, 25, 1, 116.73, 15);
INSERT INTO Payments (payment_id, order_id, payment_date, payment_method, amount, currency) VALUES (NULL, 782, '2025-01-10 21:41:11.160906', 'PayPal', 512.61, 'USD');
INSERT INTO Shipping (shipping_id, order_id, carrier, tracking_number, ship_date, delivery_date, status) VALUES (NULL, 782, 'DHL', 'TRK000782', '2025-02-22', '2025-01-27', 'Delivered');
INSERT INTO Orders (order_id, customer_id, order_date, status, shipping_address, total_amount) VALUES (783, 162, '2025-04-22 03:16:04.978125', 'Shipped', 'Unit 5346 Box 6795 DPO AE 71375', 2703.38);
INSERT INTO Order_Items (order_item_id, order_id, product_id, quantity, unit_price, discount) VALUES (NULL, 783, 43, 2, 475.0, 10);
INSERT INTO Payments (payment_id, order_id, payment_date, payment_method, amount, currency) VALUES (NULL, 783, '2025-09-01 05:38:00.228868', 'PayPal', 2703.38, 'USD');
INSERT INTO Shipping (shipping_id, order_id, carrier, tracking_number, ship_date, delivery_date, status) VALUES (NULL, 783, 'DHL', 'TRK000783', '2025-07-08', '2025-05-08', 'Delivered');
INSERT INTO Orders (order_id, customer_id, order_date, status, shipping_address, total_amount) VALUES (784, 113, '2025-03-29 04:29:30.779782', 'Shipped', '1538 Peterson Neck New Carly, SD 45532', 950.83);
INSERT INTO Order_Items (order_item_id, order_id, product_id, quantity, unit_price, discount) VALUES (NULL, 784, 37, 1, 461.11, 5);
INSERT INTO Order_Items (order_item_id, order_id, product_id, quantity, unit_price, discount) VALUES (NULL, 784, 34, 3, 98.9, 15);
INSERT INTO Order_Items (order_item_id, order_id, product_id, quantity, unit_price, discount) VALUES (NULL, 784, 16, 1, 348.54, 0);
INSERT INTO Payments (payment_id, order_id, payment_date, payment_method, amount, currency) VALUES (NULL, 784, '2025-04-02 13:30:06.361146', 'Debit Card', 950.83, 'USD');
INSERT INTO Shipping (shipping_id, order_id, carrier, tracking_number, ship_date, delivery_date, status) VALUES (NULL, 784, 'DHL', 'TRK000784', '2025-01-14', '2025-02-19', 'Delivered');
INSERT INTO Orders (order_id, customer_id, order_date, status, shipping_address, total_amount) VALUES (785, 134, '2025-06-16 09:11:42.932520', 'Shipped', 'Unit 4744 Box 1408 DPO AP 07702', 779.06);
INSERT INTO Order_Items (order_item_id, order_id, product_id, quantity, unit_price, discount) VALUES (NULL, 785, 31, 1, 140.69, 10);
INSERT INTO Order_Items (order_item_id, order_id, product_id, quantity, unit_price, discount) VALUES (NULL, 785, 22, 1, 62.28, 15);
INSERT INTO Order_Items (order_item_id, order_id, product_id, quantity, unit_price, discount) VALUES (NULL, 785, 42, 3, 385.23, 15);
INSERT INTO Order_Items (order_item_id, order_id, product_id, quantity, unit_price, discount) VALUES (NULL, 785, 7, 2, 106.78, 10);
INSERT INTO Order_Items (order_item_id, order_id, product_id, quantity, unit_price, discount) VALUES (NULL, 785, 17, 3, 129.52, 5);
INSERT INTO Payments (payment_id, order_id, payment_date, payment_method, amount, currency) VALUES (NULL, 785, '2025-04-13 00:22:44.554010', 'Debit Card', 779.06, 'USD');
INSERT INTO Shipping (shipping_id, order_id, carrier, tracking_number, ship_date, delivery_date, status) VALUES (NULL, 785, 'UPS', 'TRK000785', '2025-03-23', '2025-07-18', 'Delivered');
INSERT INTO Orders (order_id, customer_id, order_date, status, shipping_address, total_amount) VALUES (786, 27, '2025-02-14 07:56:21.255594', 'Shipped', '7775 David Turnpike North Lisa, PW 97219', 1612.18);
INSERT INTO Order_Items (order_item_id, order_id, product_id, quantity, unit_price, discount) VALUES (NULL, 786, 1, 2, 38.43, 15);
INSERT INTO Payments (payment_id, order_id, payment_date, payment_method, amount, currency) VALUES (NULL, 786, '2025-01-09 10:37:31.530486', 'Credit Card', 1612.18, 'USD');
INSERT INTO Shipping (shipping_id, order_id, carrier, tracking_number, ship_date, delivery_date, status) VALUES (NULL, 786, 'FedEx', 'TRK000786', '2025-08-17', '2025-03-05', 'Delivered');
INSERT INTO Orders (order_id, customer_id, order_date, status, shipping_address, total_amount) VALUES (787, 197, '2025-01-18 11:31:06.882367', 'Shipped', 'PSC 9983, Box 6559 APO AA 10244', 459.62);
INSERT INTO Order_Items (order_item_id, order_id, product_id, quantity, unit_price, discount) VALUES (NULL, 787, 41, 2, 201.49, 5);
INSERT INTO Order_Items (order_item_id, order_id, product_id, quantity, unit_price, discount) VALUES (NULL, 787, 24, 1, 298.55, 15);
INSERT INTO Order_Items (order_item_id, order_id, product_id, quantity, unit_price, discount) VALUES (NULL, 787, 23, 3, 418.76, 10);
INSERT INTO Order_Items (order_item_id, order_id, product_id, quantity, unit_price, discount) VALUES (NULL, 787, 21, 1, 128.89, 0);
INSERT INTO Payments (payment_id, order_id, payment_date, payment_method, amount, currency) VALUES (NULL, 787, '2025-05-27 17:52:03.790359', 'PayPal', 459.62, 'USD');
INSERT INTO Shipping (shipping_id, order_id, carrier, tracking_number, ship_date, delivery_date, status) VALUES (NULL, 787, 'UPS', 'TRK000787', '2025-01-22', '2025-03-07', 'Delivered');
INSERT INTO Orders (order_id, customer_id, order_date, status, shipping_address, total_amount) VALUES (788, 75, '2025-04-06 06:08:41.002969', 'Shipped', '3241 Shane Branch Mooreburgh, MI 95783', 1347.24);
INSERT INTO Order_Items (order_item_id, order_id, product_id, quantity, unit_price, discount) VALUES (NULL, 788, 2, 2, 339.57, 10);
INSERT INTO Order_Items (order_item_id, order_id, product_id, quantity, unit_price, discount) VALUES (NULL, 788, 26, 3, 252.02, 10);
INSERT INTO Order_Items (order_item_id, order_id, product_id, quantity, unit_price, discount) VALUES (NULL, 788, 3, 3, 216.11, 15);
INSERT INTO Order_Items (order_item_id, order_id, product_id, quantity, unit_price, discount) VALUES (NULL, 788, 31, 3, 307.47, 0);
INSERT INTO Payments (payment_id, order_id, payment_date, payment_method, amount, currency) VALUES (NULL, 788, '2025-05-19 07:49:21.739215', 'PayPal', 1347.24, 'USD');
INSERT INTO Shipping (shipping_id, order_id, carrier, tracking_number, ship_date, delivery_date, status) VALUES (NULL, 788, 'FedEx', 'TRK000788', '2025-06-27', '2025-03-30', 'Delivered');
INSERT INTO Orders (order_id, customer_id, order_date, status, shipping_address, total_amount) VALUES (789, 48, '2025-03-27 15:15:29.502796', 'Shipped', '013 Ramirez Passage Evansberg, UT 20174', 672.64);
INSERT INTO Order_Items (order_item_id, order_id, product_id, quantity, unit_price, discount) VALUES (NULL, 789, 48, 1, 276.02, 5);
INSERT INTO Order_Items (order_item_id, order_id, product_id, quantity, unit_price, discount) VALUES (NULL, 789, 2, 1, 464.16, 15);
INSERT INTO Order_Items (order_item_id, order_id, product_id, quantity, unit_price, discount) VALUES (NULL, 789, 47, 1, 469.74, 5);
INSERT INTO Order_Items (order_item_id, order_id, product_id, quantity, unit_price, discount) VALUES (NULL, 789, 17, 3, 251.32, 10);
INSERT INTO Payments (payment_id, order_id, payment_date, payment_method, amount, currency) VALUES (NULL, 789, '2025-07-05 12:59:44.043661', 'PayPal', 672.64, 'USD');
INSERT INTO Shipping (shipping_id, order_id, carrier, tracking_number, ship_date, delivery_date, status) VALUES (NULL, 789, 'DHL', 'TRK000789', '2025-05-08', '2025-01-10', 'Delivered');
INSERT INTO Orders (order_id, customer_id, order_date, status, shipping_address, total_amount) VALUES (790, 137, '2025-08-23 20:09:28.677310', 'Shipped', '105 Walton Port Suite 373 Alexanderbury, NE 78003', 2233.31);
INSERT INTO Order_Items (order_item_id, order_id, product_id, quantity, unit_price, discount) VALUES (NULL, 790, 11, 2, 378.86, 10);
INSERT INTO Payments (payment_id, order_id, payment_date, payment_method, amount, currency) VALUES (NULL, 790, '2025-07-25 04:44:53.849854', 'Debit Card', 2233.31, 'USD');
INSERT INTO Shipping (shipping_id, order_id, carrier, tracking_number, ship_date, delivery_date, status) VALUES (NULL, 790, 'FedEx', 'TRK000790', '2025-06-04', '2025-03-27', 'Delivered');
INSERT INTO Orders (order_id, customer_id, order_date, status, shipping_address, total_amount) VALUES (791, 104, '2025-03-06 18:53:16.296536', 'Shipped', '52175 Tamara Camp Cortezshire, TN 03292', 1383.77);
INSERT INTO Order_Items (order_item_id, order_id, product_id, quantity, unit_price, discount) VALUES (NULL, 791, 48, 1, 297.87, 10);
INSERT INTO Order_Items (order_item_id, order_id, product_id, quantity, unit_price, discount) VALUES (NULL, 791, 18, 1, 349.0, 10);
INSERT INTO Payments (payment_id, order_id, payment_date, payment_method, amount, currency) VALUES (NULL, 791, '2025-05-09 06:39:21.375559', 'PayPal', 1383.77, 'USD');
INSERT INTO Shipping (shipping_id, order_id, carrier, tracking_number, ship_date, delivery_date, status) VALUES (NULL, 791, 'UPS', 'TRK000791', '2025-05-27', '2025-01-30', 'Delivered');
INSERT INTO Orders (order_id, customer_id, order_date, status, shipping_address, total_amount) VALUES (792, 67, '2025-07-31 00:04:16.900714', 'Shipped', '7122 Jordan Rue Apt. 870 New Donnahaven, OR 30747', 1112.08);
INSERT INTO Order_Items (order_item_id, order_id, product_id, quantity, unit_price, discount) VALUES (NULL, 792, 41, 2, 279.55, 15);
INSERT INTO Order_Items (order_item_id, order_id, product_id, quantity, unit_price, discount) VALUES (NULL, 792, 33, 1, 371.39, 10);
INSERT INTO Order_Items (order_item_id, order_id, product_id, quantity, unit_price, discount) VALUES (NULL, 792, 7, 3, 180.39, 5);
INSERT INTO Payments (payment_id, order_id, payment_date, payment_method, amount, currency) VALUES (NULL, 792, '2025-02-26 21:47:16.251769', 'Credit Card', 1112.08, 'USD');
INSERT INTO Shipping (shipping_id, order_id, carrier, tracking_number, ship_date, delivery_date, status) VALUES (NULL, 792, 'UPS', 'TRK000792', '2025-03-09', '2025-06-06', 'Delivered');
INSERT INTO Orders (order_id, customer_id, order_date, status, shipping_address, total_amount) VALUES (793, 190, '2025-05-14 06:21:47.979601', 'Shipped', '48598 Phillip Pike Suite 091 North Tinatown, WY 30395', 607.05);
INSERT INTO Order_Items (order_item_id, order_id, product_id, quantity, unit_price, discount) VALUES (NULL, 793, 2, 2, 89.2, 5);
INSERT INTO Order_Items (order_item_id, order_id, product_id, quantity, unit_price, discount) VALUES (NULL, 793, 15, 1, 425.85, 15);
INSERT INTO Order_Items (order_item_id, order_id, product_id, quantity, unit_price, discount) VALUES (NULL, 793, 3, 3, 456.07, 15);
INSERT INTO Payments (payment_id, order_id, payment_date, payment_method, amount, currency) VALUES (NULL, 793, '2025-02-21 20:45:05.020375', 'PayPal', 607.05, 'USD');
INSERT INTO Shipping (shipping_id, order_id, carrier, tracking_number, ship_date, delivery_date, status) VALUES (NULL, 793, 'UPS', 'TRK000793', '2025-08-05', '2025-01-06', 'Delivered');
INSERT INTO Orders (order_id, customer_id, order_date, status, shipping_address, total_amount) VALUES (794, 199, '2025-07-21 16:25:58.348553', 'Shipped', '4087 Maria Vista Suite 633 Port Mary, UT 93892', 2533.14);
INSERT INTO Order_Items (order_item_id, order_id, product_id, quantity, unit_price, discount) VALUES (NULL, 794, 36, 1, 29.05, 15);
INSERT INTO Order_Items (order_item_id, order_id, product_id, quantity, unit_price, discount) VALUES (NULL, 794, 23, 3, 410.75, 0);
INSERT INTO Order_Items (order_item_id, order_id, product_id, quantity, unit_price, discount) VALUES (NULL, 794, 47, 3, 150.87, 10);
INSERT INTO Order_Items (order_item_id, order_id, product_id, quantity, unit_price, discount) VALUES (NULL, 794, 6, 3, 31.83, 15);
INSERT INTO Order_Items (order_item_id, order_id, product_id, quantity, unit_price, discount) VALUES (NULL, 794, 44, 3, 229.45, 15);
INSERT INTO Payments (payment_id, order_id, payment_date, payment_method, amount, currency) VALUES (NULL, 794, '2025-03-27 08:55:15.543896', 'Credit Card', 2533.14, 'USD');
INSERT INTO Shipping (shipping_id, order_id, carrier, tracking_number, ship_date, delivery_date, status) VALUES (NULL, 794, 'FedEx', 'TRK000794', '2025-08-07', '2025-06-24', 'Delivered');
INSERT INTO Orders (order_id, customer_id, order_date, status, shipping_address, total_amount) VALUES (795, 128, '2025-08-26 05:12:01.346647', 'Shipped', '915 Reid Motorway Apt. 305 North Crystal, KS 01944', 265.51);
INSERT INTO Order_Items (order_item_id, order_id, product_id, quantity, unit_price, discount) VALUES (NULL, 795, 4, 1, 261.66, 10);
INSERT INTO Order_Items (order_item_id, order_id, product_id, quantity, unit_price, discount) VALUES (NULL, 795, 44, 1, 386.73, 5);
INSERT INTO Payments (payment_id, order_id, payment_date, payment_method, amount, currency) VALUES (NULL, 795, '2025-03-25 23:41:16.964594', 'Debit Card', 265.51, 'USD');
INSERT INTO Shipping (shipping_id, order_id, carrier, tracking_number, ship_date, delivery_date, status) VALUES (NULL, 795, 'FedEx', 'TRK000795', '2025-06-13', '2025-01-05', 'Delivered');
INSERT INTO Orders (order_id, customer_id, order_date, status, shipping_address, total_amount) VALUES (796, 163, '2025-07-09 06:50:15.971988', 'Shipped', 'Unit 9205 Box 7848 DPO AE 37321', 1081.17);
INSERT INTO Order_Items (order_item_id, order_id, product_id, quantity, unit_price, discount) VALUES (NULL, 796, 19, 3, 182.94, 0);
INSERT INTO Order_Items (order_item_id, order_id, product_id, quantity, unit_price, discount) VALUES (NULL, 796, 3, 3, 145.61, 10);
INSERT INTO Order_Items (order_item_id, order_id, product_id, quantity, unit_price, discount) VALUES (NULL, 796, 11, 3, 411.39, 15);
INSERT INTO Payments (payment_id, order_id, payment_date, payment_method, amount, currency) VALUES (NULL, 796, '2025-01-16 13:58:02.095720', 'Debit Card', 1081.17, 'USD');
INSERT INTO Shipping (shipping_id, order_id, carrier, tracking_number, ship_date, delivery_date, status) VALUES (NULL, 796, 'FedEx', 'TRK000796', '2025-06-19', '2025-01-28', 'Delivered');
INSERT INTO Orders (order_id, customer_id, order_date, status, shipping_address, total_amount) VALUES (797, 46, '2025-07-06 01:02:44.124995', 'Shipped', '54796 Howe Inlet Apt. 933 West Eric, AL 27238', 2647.02);
INSERT INTO Order_Items (order_item_id, order_id, product_id, quantity, unit_price, discount) VALUES (NULL, 797, 15, 3, 402.93, 15);
INSERT INTO Order_Items (order_item_id, order_id, product_id, quantity, unit_price, discount) VALUES (NULL, 797, 45, 3, 460.06, 0);
INSERT INTO Order_Items (order_item_id, order_id, product_id, quantity, unit_price, discount) VALUES (NULL, 797, 47, 3, 25.7, 15);
INSERT INTO Order_Items (order_item_id, order_id, product_id, quantity, unit_price, discount) VALUES (NULL, 797, 35, 3, 194.77, 5);
INSERT INTO Payments (payment_id, order_id, payment_date, payment_method, amount, currency) VALUES (NULL, 797, '2025-07-06 23:35:48.767431', 'Credit Card', 2647.02, 'USD');
INSERT INTO Shipping (shipping_id, order_id, carrier, tracking_number, ship_date, delivery_date, status) VALUES (NULL, 797, 'FedEx', 'TRK000797', '2025-07-01', '2025-01-02', 'Delivered');
INSERT INTO Orders (order_id, customer_id, order_date, status, shipping_address, total_amount) VALUES (798, 175, '2025-08-18 07:28:01.733612', 'Shipped', '04097 Palmer Branch Apt. 168 New Kari, MA 62647', 2734.98);
INSERT INTO Order_Items (order_item_id, order_id, product_id, quantity, unit_price, discount) VALUES (NULL, 798, 16, 1, 329.73, 10);
INSERT INTO Order_Items (order_item_id, order_id, product_id, quantity, unit_price, discount) VALUES (NULL, 798, 2, 1, 348.25, 10);
INSERT INTO Payments (payment_id, order_id, payment_date, payment_method, amount, currency) VALUES (NULL, 798, '2025-06-21 21:23:20.052919', 'Credit Card', 2734.98, 'USD');
INSERT INTO Shipping (shipping_id, order_id, carrier, tracking_number, ship_date, delivery_date, status) VALUES (NULL, 798, 'DHL', 'TRK000798', '2025-05-10', '2025-07-15', 'Delivered');
INSERT INTO Orders (order_id, customer_id, order_date, status, shipping_address, total_amount) VALUES (799, 124, '2025-05-31 20:48:02.432154', 'Shipped', '02327 Gregory Creek South Stevenbury, NC 49864', 1678.27);
INSERT INTO Order_Items (order_item_id, order_id, product_id, quantity, unit_price, discount) VALUES (NULL, 799, 26, 3, 214.99, 5);
INSERT INTO Order_Items (order_item_id, order_id, product_id, quantity, unit_price, discount) VALUES (NULL, 799, 29, 1, 214.9, 10);
INSERT INTO Order_Items (order_item_id, order_id, product_id, quantity, unit_price, discount) VALUES (NULL, 799, 37, 2, 416.45, 10);
INSERT INTO Payments (payment_id, order_id, payment_date, payment_method, amount, currency) VALUES (NULL, 799, '2025-08-21 03:14:01.086414', 'Debit Card', 1678.27, 'USD');
INSERT INTO Shipping (shipping_id, order_id, carrier, tracking_number, ship_date, delivery_date, status) VALUES (NULL, 799, 'FedEx', 'TRK000799', '2025-06-23', '2025-04-28', 'Delivered');
INSERT INTO Orders (order_id, customer_id, order_date, status, shipping_address, total_amount) VALUES (800, 1, '2025-08-03 09:04:14.540792', 'Shipped', '7946 Brittany Trafficway Apt. 953 Port Robert, MD 54375', 517.52);
INSERT INTO Order_Items (order_item_id, order_id, product_id, quantity, unit_price, discount) VALUES (NULL, 800, 20, 3, 84.75, 15);
INSERT INTO Order_Items (order_item_id, order_id, product_id, quantity, unit_price, discount) VALUES (NULL, 800, 31, 3, 62.32, 15);
INSERT INTO Payments (payment_id, order_id, payment_date, payment_method, amount, currency) VALUES (NULL, 800, '2025-03-31 23:23:33.315248', 'Debit Card', 517.52, 'USD');
INSERT INTO Shipping (shipping_id, order_id, carrier, tracking_number, ship_date, delivery_date, status) VALUES (NULL, 800, 'UPS', 'TRK000800', '2025-06-09', '2025-07-14', 'Delivered');
INSERT INTO Orders (order_id, customer_id, order_date, status, shipping_address, total_amount) VALUES (801, 175, '2025-03-28 09:30:05.468577', 'Shipped', '04459 Lara Village New Dannystad, MD 38381', 1497.68);
INSERT INTO Order_Items (order_item_id, order_id, product_id, quantity, unit_price, discount) VALUES (NULL, 801, 31, 1, 168.09, 10);
INSERT INTO Order_Items (order_item_id, order_id, product_id, quantity, unit_price, discount) VALUES (NULL, 801, 12, 2, 444.92, 5);
INSERT INTO Payments (payment_id, order_id, payment_date, payment_method, amount, currency) VALUES (NULL, 801, '2025-08-19 19:12:56.997114', 'Debit Card', 1497.68, 'USD');
INSERT INTO Shipping (shipping_id, order_id, carrier, tracking_number, ship_date, delivery_date, status) VALUES (NULL, 801, 'UPS', 'TRK000801', '2025-08-18', '2025-03-29', 'Delivered');
INSERT INTO Orders (order_id, customer_id, order_date, status, shipping_address, total_amount) VALUES (802, 47, '2025-02-06 09:39:22.566510', 'Shipped', '9038 Kevin Unions Apt. 462 Conradhaven, IL 83277', 2567.54);
INSERT INTO Order_Items (order_item_id, order_id, product_id, quantity, unit_price, discount) VALUES (NULL, 802, 46, 2, 53.92, 10);
INSERT INTO Order_Items (order_item_id, order_id, product_id, quantity, unit_price, discount) VALUES (NULL, 802, 4, 2, 272.48, 0);
INSERT INTO Order_Items (order_item_id, order_id, product_id, quantity, unit_price, discount) VALUES (NULL, 802, 16, 1, 433.72, 10);
INSERT INTO Order_Items (order_item_id, order_id, product_id, quantity, unit_price, discount) VALUES (NULL, 802, 38, 2, 422.98, 0);
INSERT INTO Payments (payment_id, order_id, payment_date, payment_method, amount, currency) VALUES (NULL, 802, '2025-01-20 01:27:19.856067', 'Debit Card', 2567.54, 'USD');
INSERT INTO Shipping (shipping_id, order_id, carrier, tracking_number, ship_date, delivery_date, status) VALUES (NULL, 802, 'UPS', 'TRK000802', '2025-01-15', '2025-07-01', 'Delivered');
INSERT INTO Orders (order_id, customer_id, order_date, status, shipping_address, total_amount) VALUES (803, 149, '2025-03-07 18:13:08.437804', 'Shipped', '7823 Ramos Curve South Kaylachester, WV 93639', 2815.15);
INSERT INTO Order_Items (order_item_id, order_id, product_id, quantity, unit_price, discount) VALUES (NULL, 803, 45, 1, 445.01, 0);
INSERT INTO Order_Items (order_item_id, order_id, product_id, quantity, unit_price, discount) VALUES (NULL, 803, 2, 3, 184.66, 5);
INSERT INTO Order_Items (order_item_id, order_id, product_id, quantity, unit_price, discount) VALUES (NULL, 803, 50, 3, 447.03, 0);
INSERT INTO Order_Items (order_item_id, order_id, product_id, quantity, unit_price, discount) VALUES (NULL, 803, 18, 3, 146.35, 5);
INSERT INTO Payments (payment_id, order_id, payment_date, payment_method, amount, currency) VALUES (NULL, 803, '2025-09-03 09:30:03.346851', 'PayPal', 2815.15, 'USD');
INSERT INTO Shipping (shipping_id, order_id, carrier, tracking_number, ship_date, delivery_date, status) VALUES (NULL, 803, 'DHL', 'TRK000803', '2025-06-06', '2025-01-06', 'Delivered');
INSERT INTO Orders (order_id, customer_id, order_date, status, shipping_address, total_amount) VALUES (804, 170, '2025-03-03 18:35:15.264459', 'Shipped', '01750 Nelson Neck Apt. 740 Johnborough, MT 80886', 89.76);
INSERT INTO Order_Items (order_item_id, order_id, product_id, quantity, unit_price, discount) VALUES (NULL, 804, 3, 1, 303.54, 5);
INSERT INTO Order_Items (order_item_id, order_id, product_id, quantity, unit_price, discount) VALUES (NULL, 804, 3, 1, 270.56, 15);
INSERT INTO Order_Items (order_item_id, order_id, product_id, quantity, unit_price, discount) VALUES (NULL, 804, 24, 2, 343.95, 10);
INSERT INTO Order_Items (order_item_id, order_id, product_id, quantity, unit_price, discount) VALUES (NULL, 804, 5, 2, 296.35, 5);
INSERT INTO Payments (payment_id, order_id, payment_date, payment_method, amount, currency) VALUES (NULL, 804, '2025-02-22 09:28:18.565634', 'Credit Card', 89.76, 'USD');
INSERT INTO Shipping (shipping_id, order_id, carrier, tracking_number, ship_date, delivery_date, status) VALUES (NULL, 804, 'UPS', 'TRK000804', '2025-02-20', '2025-01-20', 'Delivered');
INSERT INTO Orders (order_id, customer_id, order_date, status, shipping_address, total_amount) VALUES (805, 83, '2025-04-21 03:47:39.521354', 'Shipped', '1140 Lauren Knoll New Robertport, VA 30841', 242.92);
INSERT INTO Order_Items (order_item_id, order_id, product_id, quantity, unit_price, discount) VALUES (NULL, 805, 1, 1, 313.03, 5);
INSERT INTO Order_Items (order_item_id, order_id, product_id, quantity, unit_price, discount) VALUES (NULL, 805, 32, 3, 65.23, 5);
INSERT INTO Payments (payment_id, order_id, payment_date, payment_method, amount, currency) VALUES (NULL, 805, '2025-03-06 20:05:14.690032', 'Debit Card', 242.92, 'USD');
INSERT INTO Shipping (shipping_id, order_id, carrier, tracking_number, ship_date, delivery_date, status) VALUES (NULL, 805, 'UPS', 'TRK000805', '2025-04-15', '2025-07-11', 'Delivered');
INSERT INTO Orders (order_id, customer_id, order_date, status, shipping_address, total_amount) VALUES (806, 151, '2025-05-29 16:50:54.679113', 'Shipped', 'USCGC Clark FPO AP 76346', 2006.19);
INSERT INTO Order_Items (order_item_id, order_id, product_id, quantity, unit_price, discount) VALUES (NULL, 806, 27, 1, 162.86, 10);
INSERT INTO Payments (payment_id, order_id, payment_date, payment_method, amount, currency) VALUES (NULL, 806, '2025-08-17 04:38:59.501887', 'Credit Card', 2006.19, 'USD');
INSERT INTO Shipping (shipping_id, order_id, carrier, tracking_number, ship_date, delivery_date, status) VALUES (NULL, 806, 'FedEx', 'TRK000806', '2025-07-26', '2025-07-19', 'Delivered');
INSERT INTO Orders (order_id, customer_id, order_date, status, shipping_address, total_amount) VALUES (807, 2, '2025-03-18 13:33:25.620643', 'Shipped', '72090 Torres Island Apt. 739 East Laura, KS 52838', 1815.46);
INSERT INTO Order_Items (order_item_id, order_id, product_id, quantity, unit_price, discount) VALUES (NULL, 807, 31, 2, 109.96, 5);
INSERT INTO Payments (payment_id, order_id, payment_date, payment_method, amount, currency) VALUES (NULL, 807, '2025-08-12 02:36:09.846813', 'Credit Card', 1815.46, 'USD');
INSERT INTO Shipping (shipping_id, order_id, carrier, tracking_number, ship_date, delivery_date, status) VALUES (NULL, 807, 'UPS', 'TRK000807', '2025-08-18', '2025-05-16', 'Delivered');
INSERT INTO Orders (order_id, customer_id, order_date, status, shipping_address, total_amount) VALUES (808, 130, '2025-04-27 19:05:38.893473', 'Shipped', '1363 Theresa Loaf West Paulchester, KS 74772', 187.8);
INSERT INTO Order_Items (order_item_id, order_id, product_id, quantity, unit_price, discount) VALUES (NULL, 808, 34, 2, 77.7, 5);
INSERT INTO Payments (payment_id, order_id, payment_date, payment_method, amount, currency) VALUES (NULL, 808, '2025-05-30 16:30:20.705846', 'Credit Card', 187.8, 'USD');
INSERT INTO Shipping (shipping_id, order_id, carrier, tracking_number, ship_date, delivery_date, status) VALUES (NULL, 808, 'UPS', 'TRK000808', '2025-05-07', '2025-07-01', 'Delivered');
INSERT INTO Orders (order_id, customer_id, order_date, status, shipping_address, total_amount) VALUES (809, 112, '2025-07-13 10:53:12.293921', 'Shipped', '4171 Griffin Mews South Amanda, MH 12312', 2223.96);
INSERT INTO Order_Items (order_item_id, order_id, product_id, quantity, unit_price, discount) VALUES (NULL, 809, 7, 3, 145.58, 5);
INSERT INTO Order_Items (order_item_id, order_id, product_id, quantity, unit_price, discount) VALUES (NULL, 809, 30, 3, 316.07, 0);
INSERT INTO Payments (payment_id, order_id, payment_date, payment_method, amount, currency) VALUES (NULL, 809, '2025-08-27 23:31:53.259202', 'PayPal', 2223.96, 'USD');
INSERT INTO Shipping (shipping_id, order_id, carrier, tracking_number, ship_date, delivery_date, status) VALUES (NULL, 809, 'DHL', 'TRK000809', '2025-04-21', '2025-02-18', 'Delivered');
INSERT INTO Orders (order_id, customer_id, order_date, status, shipping_address, total_amount) VALUES (810, 31, '2025-07-09 09:15:25.918340', 'Shipped', '4366 Brown Plains New Tracyfurt, MA 12050', 2926.75);
INSERT INTO Order_Items (order_item_id, order_id, product_id, quantity, unit_price, discount) VALUES (NULL, 810, 7, 3, 168.55, 0);
INSERT INTO Order_Items (order_item_id, order_id, product_id, quantity, unit_price, discount) VALUES (NULL, 810, 50, 3, 208.87, 5);
INSERT INTO Payments (payment_id, order_id, payment_date, payment_method, amount, currency) VALUES (NULL, 810, '2025-07-22 06:29:55.234925', 'Credit Card', 2926.75, 'USD');
INSERT INTO Shipping (shipping_id, order_id, carrier, tracking_number, ship_date, delivery_date, status) VALUES (NULL, 810, 'DHL', 'TRK000810', '2025-05-29', '2025-07-24', 'Delivered');
INSERT INTO Orders (order_id, customer_id, order_date, status, shipping_address, total_amount) VALUES (811, 100, '2025-03-11 16:53:51.081648', 'Shipped', 'Unit 4318 Box 8816 DPO AE 98516', 2290.3);
INSERT INTO Order_Items (order_item_id, order_id, product_id, quantity, unit_price, discount) VALUES (NULL, 811, 25, 2, 33.16, 0);
INSERT INTO Order_Items (order_item_id, order_id, product_id, quantity, unit_price, discount) VALUES (NULL, 811, 33, 2, 40.75, 10);
INSERT INTO Payments (payment_id, order_id, payment_date, payment_method, amount, currency) VALUES (NULL, 811, '2025-02-14 08:50:23.262445', 'Debit Card', 2290.3, 'USD');
INSERT INTO Shipping (shipping_id, order_id, carrier, tracking_number, ship_date, delivery_date, status) VALUES (NULL, 811, 'UPS', 'TRK000811', '2025-01-03', '2025-03-22', 'Delivered');
INSERT INTO Orders (order_id, customer_id, order_date, status, shipping_address, total_amount) VALUES (812, 4, '2025-07-25 05:06:44.101220', 'Shipped', '4970 Carter Shores East Monicaville, CT 62475', 1385.1);
INSERT INTO Order_Items (order_item_id, order_id, product_id, quantity, unit_price, discount) VALUES (NULL, 812, 12, 3, 344.63, 0);
INSERT INTO Payments (payment_id, order_id, payment_date, payment_method, amount, currency) VALUES (NULL, 812, '2025-06-22 19:34:09.869539', 'Debit Card', 1385.1, 'USD');
INSERT INTO Shipping (shipping_id, order_id, carrier, tracking_number, ship_date, delivery_date, status) VALUES (NULL, 812, 'UPS', 'TRK000812', '2025-03-20', '2025-09-02', 'Delivered');
INSERT INTO Orders (order_id, customer_id, order_date, status, shipping_address, total_amount) VALUES (813, 157, '2025-02-13 16:50:42.791141', 'Shipped', '839 Poole Track New Joshuaborough, CA 62149', 157.88);
INSERT INTO Order_Items (order_item_id, order_id, product_id, quantity, unit_price, discount) VALUES (NULL, 813, 20, 2, 163.69, 5);
INSERT INTO Order_Items (order_item_id, order_id, product_id, quantity, unit_price, discount) VALUES (NULL, 813, 48, 1, 125.79, 5);
INSERT INTO Order_Items (order_item_id, order_id, product_id, quantity, unit_price, discount) VALUES (NULL, 813, 45, 1, 419.93, 10);
INSERT INTO Order_Items (order_item_id, order_id, product_id, quantity, unit_price, discount) VALUES (NULL, 813, 29, 2, 158.07, 5);
INSERT INTO Payments (payment_id, order_id, payment_date, payment_method, amount, currency) VALUES (NULL, 813, '2025-02-26 19:34:36.627674', 'Credit Card', 157.88, 'USD');
INSERT INTO Shipping (shipping_id, order_id, carrier, tracking_number, ship_date, delivery_date, status) VALUES (NULL, 813, 'UPS', 'TRK000813', '2025-08-16', '2025-07-04', 'Delivered');
INSERT INTO Orders (order_id, customer_id, order_date, status, shipping_address, total_amount) VALUES (814, 160, '2025-06-01 13:46:13.336345', 'Shipped', '18543 Burns Locks Suite 480 Johnsonburgh, VA 89367', 2629.08);
INSERT INTO Order_Items (order_item_id, order_id, product_id, quantity, unit_price, discount) VALUES (NULL, 814, 25, 1, 199.32, 5);
INSERT INTO Order_Items (order_item_id, order_id, product_id, quantity, unit_price, discount) VALUES (NULL, 814, 8, 2, 104.34, 5);
INSERT INTO Payments (payment_id, order_id, payment_date, payment_method, amount, currency) VALUES (NULL, 814, '2025-05-08 06:34:22.448848', 'PayPal', 2629.08, 'USD');
INSERT INTO Shipping (shipping_id, order_id, carrier, tracking_number, ship_date, delivery_date, status) VALUES (NULL, 814, 'DHL', 'TRK000814', '2025-06-02', '2025-04-26', 'Delivered');
INSERT INTO Orders (order_id, customer_id, order_date, status, shipping_address, total_amount) VALUES (815, 88, '2025-07-09 06:16:33.833544', 'Shipped', '801 Jason Club North Amymouth, IL 17843', 811.4);
INSERT INTO Order_Items (order_item_id, order_id, product_id, quantity, unit_price, discount) VALUES (NULL, 815, 49, 1, 24.74, 15);
INSERT INTO Order_Items (order_item_id, order_id, product_id, quantity, unit_price, discount) VALUES (NULL, 815, 44, 1, 202.37, 0);
INSERT INTO Payments (payment_id, order_id, payment_date, payment_method, amount, currency) VALUES (NULL, 815, '2025-02-11 11:02:36.501418', 'Debit Card', 811.4, 'USD');
INSERT INTO Shipping (shipping_id, order_id, carrier, tracking_number, ship_date, delivery_date, status) VALUES (NULL, 815, 'FedEx', 'TRK000815', '2025-02-12', '2025-07-22', 'Delivered');
INSERT INTO Orders (order_id, customer_id, order_date, status, shipping_address, total_amount) VALUES (816, 175, '2025-05-30 16:45:07.899131', 'Shipped', '933 Turner Glens East Patricia, MT 88213', 2728.83);
INSERT INTO Order_Items (order_item_id, order_id, product_id, quantity, unit_price, discount) VALUES (NULL, 816, 43, 1, 140.64, 0);
INSERT INTO Order_Items (order_item_id, order_id, product_id, quantity, unit_price, discount) VALUES (NULL, 816, 5, 1, 253.01, 5);
INSERT INTO Order_Items (order_item_id, order_id, product_id, quantity, unit_price, discount) VALUES (NULL, 816, 44, 2, 135.71, 0);
INSERT INTO Order_Items (order_item_id, order_id, product_id, quantity, unit_price, discount) VALUES (NULL, 816, 15, 1, 213.91, 5);
INSERT INTO Payments (payment_id, order_id, payment_date, payment_method, amount, currency) VALUES (NULL, 816, '2025-01-17 14:15:33.527056', 'Debit Card', 2728.83, 'USD');
INSERT INTO Shipping (shipping_id, order_id, carrier, tracking_number, ship_date, delivery_date, status) VALUES (NULL, 816, 'FedEx', 'TRK000816', '2025-05-30', '2025-07-08', 'Delivered');
INSERT INTO Orders (order_id, customer_id, order_date, status, shipping_address, total_amount) VALUES (817, 36, '2025-06-26 20:50:34.220626', 'Shipped', '0606 Hahn Greens Lake Philip, PA 10388', 1602.1);
INSERT INTO Order_Items (order_item_id, order_id, product_id, quantity, unit_price, discount) VALUES (NULL, 817, 21, 1, 221.94, 15);
INSERT INTO Order_Items (order_item_id, order_id, product_id, quantity, unit_price, discount) VALUES (NULL, 817, 26, 3, 430.39, 0);
INSERT INTO Order_Items (order_item_id, order_id, product_id, quantity, unit_price, discount) VALUES (NULL, 817, 45, 3, 44.04, 0);
INSERT INTO Payments (payment_id, order_id, payment_date, payment_method, amount, currency) VALUES (NULL, 817, '2025-03-30 02:08:48.480247', 'PayPal', 1602.1, 'USD');
INSERT INTO Shipping (shipping_id, order_id, carrier, tracking_number, ship_date, delivery_date, status) VALUES (NULL, 817, 'FedEx', 'TRK000817', '2025-05-22', '2025-07-09', 'Delivered');
INSERT INTO Orders (order_id, customer_id, order_date, status, shipping_address, total_amount) VALUES (818, 49, '2025-07-05 01:48:14.737686', 'Shipped', '455 Alvarado Gardens East Leonard, GU 41689', 1621.44);
INSERT INTO Order_Items (order_item_id, order_id, product_id, quantity, unit_price, discount) VALUES (NULL, 818, 25, 3, 334.02, 15);
INSERT INTO Order_Items (order_item_id, order_id, product_id, quantity, unit_price, discount) VALUES (NULL, 818, 22, 2, 256.17, 15);
INSERT INTO Order_Items (order_item_id, order_id, product_id, quantity, unit_price, discount) VALUES (NULL, 818, 41, 3, 436.0, 0);
INSERT INTO Payments (payment_id, order_id, payment_date, payment_method, amount, currency) VALUES (NULL, 818, '2025-04-02 21:46:31.686036', 'Debit Card', 1621.44, 'USD');
INSERT INTO Shipping (shipping_id, order_id, carrier, tracking_number, ship_date, delivery_date, status) VALUES (NULL, 818, 'UPS', 'TRK000818', '2025-04-19', '2025-08-03', 'Delivered');
INSERT INTO Orders (order_id, customer_id, order_date, status, shipping_address, total_amount) VALUES (819, 11, '2025-05-14 15:36:59.958352', 'Shipped', '4026 Jennifer Garden East Jasonburgh, MO 33136', 519.98);
INSERT INTO Order_Items (order_item_id, order_id, product_id, quantity, unit_price, discount) VALUES (NULL, 819, 47, 1, 105.26, 10);
INSERT INTO Order_Items (order_item_id, order_id, product_id, quantity, unit_price, discount) VALUES (NULL, 819, 17, 3, 460.27, 0);
INSERT INTO Order_Items (order_item_id, order_id, product_id, quantity, unit_price, discount) VALUES (NULL, 819, 12, 1, 57.24, 0);
INSERT INTO Order_Items (order_item_id, order_id, product_id, quantity, unit_price, discount) VALUES (NULL, 819, 33, 3, 187.66, 10);
INSERT INTO Payments (payment_id, order_id, payment_date, payment_method, amount, currency) VALUES (NULL, 819, '2025-05-23 21:38:22.066203', 'PayPal', 519.98, 'USD');
INSERT INTO Shipping (shipping_id, order_id, carrier, tracking_number, ship_date, delivery_date, status) VALUES (NULL, 819, 'FedEx', 'TRK000819', '2025-01-08', '2025-03-10', 'Delivered');
INSERT INTO Orders (order_id, customer_id, order_date, status, shipping_address, total_amount) VALUES (820, 178, '2025-03-02 06:43:03.508701', 'Shipped', '0101 Swanson Stravenue Apt. 958 Ericville, GU 20466', 961.41);
INSERT INTO Order_Items (order_item_id, order_id, product_id, quantity, unit_price, discount) VALUES (NULL, 820, 27, 1, 282.78, 15);
INSERT INTO Order_Items (order_item_id, order_id, product_id, quantity, unit_price, discount) VALUES (NULL, 820, 46, 3, 158.47, 0);
INSERT INTO Payments (payment_id, order_id, payment_date, payment_method, amount, currency) VALUES (NULL, 820, '2025-03-10 04:37:00.646844', 'Credit Card', 961.41, 'USD');
INSERT INTO Shipping (shipping_id, order_id, carrier, tracking_number, ship_date, delivery_date, status) VALUES (NULL, 820, 'FedEx', 'TRK000820', '2025-08-04', '2025-02-12', 'Delivered');
INSERT INTO Orders (order_id, customer_id, order_date, status, shipping_address, total_amount) VALUES (821, 2, '2025-03-18 23:41:22.433363', 'Shipped', '19848 Megan Crossing Apt. 719 Whitakermouth, DC 25797', 1026.83);
INSERT INTO Order_Items (order_item_id, order_id, product_id, quantity, unit_price, discount) VALUES (NULL, 821, 43, 3, 178.57, 0);
INSERT INTO Payments (payment_id, order_id, payment_date, payment_method, amount, currency) VALUES (NULL, 821, '2025-01-07 05:58:02.006166', 'Credit Card', 1026.83, 'USD');
INSERT INTO Shipping (shipping_id, order_id, carrier, tracking_number, ship_date, delivery_date, status) VALUES (NULL, 821, 'DHL', 'TRK000821', '2025-03-19', '2025-02-08', 'Delivered');
INSERT INTO Orders (order_id, customer_id, order_date, status, shipping_address, total_amount) VALUES (822, 114, '2025-07-01 11:32:07.620722', 'Shipped', '80693 Ford Fork Chenchester, OR 58201', 164.47);
INSERT INTO Order_Items (order_item_id, order_id, product_id, quantity, unit_price, discount) VALUES (NULL, 822, 5, 3, 370.49, 5);
INSERT INTO Order_Items (order_item_id, order_id, product_id, quantity, unit_price, discount) VALUES (NULL, 822, 19, 1, 159.51, 10);
INSERT INTO Payments (payment_id, order_id, payment_date, payment_method, amount, currency) VALUES (NULL, 822, '2025-04-11 09:58:30.239188', 'Credit Card', 164.47, 'USD');
INSERT INTO Shipping (shipping_id, order_id, carrier, tracking_number, ship_date, delivery_date, status) VALUES (NULL, 822, 'UPS', 'TRK000822', '2025-06-03', '2025-01-06', 'Delivered');
INSERT INTO Orders (order_id, customer_id, order_date, status, shipping_address, total_amount) VALUES (823, 131, '2025-02-04 15:45:24.609175', 'Shipped', '501 Valdez Branch Apt. 446 South Jasonfort, NM 82362', 2144.79);
INSERT INTO Order_Items (order_item_id, order_id, product_id, quantity, unit_price, discount) VALUES (NULL, 823, 19, 1, 189.82, 10);
INSERT INTO Order_Items (order_item_id, order_id, product_id, quantity, unit_price, discount) VALUES (NULL, 823, 3, 3, 117.75, 15);
INSERT INTO Order_Items (order_item_id, order_id, product_id, quantity, unit_price, discount) VALUES (NULL, 823, 20, 2, 425.67, 5);
INSERT INTO Order_Items (order_item_id, order_id, product_id, quantity, unit_price, discount) VALUES (NULL, 823, 12, 3, 225.01, 5);
INSERT INTO Payments (payment_id, order_id, payment_date, payment_method, amount, currency) VALUES (NULL, 823, '2025-07-19 13:13:38.052944', 'Debit Card', 2144.79, 'USD');
INSERT INTO Shipping (shipping_id, order_id, carrier, tracking_number, ship_date, delivery_date, status) VALUES (NULL, 823, 'DHL', 'TRK000823', '2025-04-23', '2025-01-04', 'Delivered');
INSERT INTO Orders (order_id, customer_id, order_date, status, shipping_address, total_amount) VALUES (824, 18, '2025-05-16 17:58:53.542247', 'Shipped', '2389 Edward Mission Clarkshire, MO 05629', 2171.66);
INSERT INTO Order_Items (order_item_id, order_id, product_id, quantity, unit_price, discount) VALUES (NULL, 824, 9, 2, 403.93, 15);
INSERT INTO Order_Items (order_item_id, order_id, product_id, quantity, unit_price, discount) VALUES (NULL, 824, 16, 1, 109.26, 5);
INSERT INTO Order_Items (order_item_id, order_id, product_id, quantity, unit_price, discount) VALUES (NULL, 824, 25, 1, 115.26, 10);
INSERT INTO Payments (payment_id, order_id, payment_date, payment_method, amount, currency) VALUES (NULL, 824, '2025-06-04 06:04:31.144212', 'Credit Card', 2171.66, 'USD');
INSERT INTO Shipping (shipping_id, order_id, carrier, tracking_number, ship_date, delivery_date, status) VALUES (NULL, 824, 'DHL', 'TRK000824', '2025-04-20', '2025-05-06', 'Delivered');
INSERT INTO Orders (order_id, customer_id, order_date, status, shipping_address, total_amount) VALUES (825, 44, '2025-03-28 11:12:36.366920', 'Shipped', '83869 Watkins Groves Apt. 384 East Samantha, IL 60022', 415.43);
INSERT INTO Order_Items (order_item_id, order_id, product_id, quantity, unit_price, discount) VALUES (NULL, 825, 2, 2, 81.8, 15);
INSERT INTO Order_Items (order_item_id, order_id, product_id, quantity, unit_price, discount) VALUES (NULL, 825, 18, 1, 120.77, 0);
INSERT INTO Order_Items (order_item_id, order_id, product_id, quantity, unit_price, discount) VALUES (NULL, 825, 42, 1, 56.77, 10);
INSERT INTO Payments (payment_id, order_id, payment_date, payment_method, amount, currency) VALUES (NULL, 825, '2025-03-21 03:16:48.307806', 'Debit Card', 415.43, 'USD');
INSERT INTO Shipping (shipping_id, order_id, carrier, tracking_number, ship_date, delivery_date, status) VALUES (NULL, 825, 'FedEx', 'TRK000825', '2025-01-15', '2025-05-31', 'Delivered');
INSERT INTO Orders (order_id, customer_id, order_date, status, shipping_address, total_amount) VALUES (826, 158, '2025-03-09 09:34:03.009173', 'Shipped', '74842 John Junctions Apt. 842 East Timothyfurt, MH 39700', 2851.13);
INSERT INTO Order_Items (order_item_id, order_id, product_id, quantity, unit_price, discount) VALUES (NULL, 826, 7, 1, 260.06, 0);
INSERT INTO Payments (payment_id, order_id, payment_date, payment_method, amount, currency) VALUES (NULL, 826, '2025-03-08 01:51:51.139423', 'Credit Card', 2851.13, 'USD');
INSERT INTO Shipping (shipping_id, order_id, carrier, tracking_number, ship_date, delivery_date, status) VALUES (NULL, 826, 'DHL', 'TRK000826', '2025-04-12', '2025-03-29', 'Delivered');
INSERT INTO Orders (order_id, customer_id, order_date, status, shipping_address, total_amount) VALUES (827, 126, '2025-07-14 16:41:24.705208', 'Shipped', '70470 Calvin Station North David, KY 85795', 398.3);
INSERT INTO Order_Items (order_item_id, order_id, product_id, quantity, unit_price, discount) VALUES (NULL, 827, 35, 2, 319.57, 5);
INSERT INTO Order_Items (order_item_id, order_id, product_id, quantity, unit_price, discount) VALUES (NULL, 827, 49, 2, 419.39, 15);
INSERT INTO Order_Items (order_item_id, order_id, product_id, quantity, unit_price, discount) VALUES (NULL, 827, 12, 3, 374.36, 5);
INSERT INTO Payments (payment_id, order_id, payment_date, payment_method, amount, currency) VALUES (NULL, 827, '2025-05-18 01:29:37.160690', 'Debit Card', 398.3, 'USD');
INSERT INTO Shipping (shipping_id, order_id, carrier, tracking_number, ship_date, delivery_date, status) VALUES (NULL, 827, 'DHL', 'TRK000827', '2025-06-12', '2025-04-12', 'Delivered');
INSERT INTO Orders (order_id, customer_id, order_date, status, shipping_address, total_amount) VALUES (828, 51, '2025-06-11 18:21:06.623707', 'Shipped', '6333 Michael Pass Apt. 827 New Jenniferton, MS 02601', 1299.0);
INSERT INTO Order_Items (order_item_id, order_id, product_id, quantity, unit_price, discount) VALUES (NULL, 828, 27, 3, 213.04, 0);
INSERT INTO Order_Items (order_item_id, order_id, product_id, quantity, unit_price, discount) VALUES (NULL, 828, 6, 3, 346.04, 10);
INSERT INTO Payments (payment_id, order_id, payment_date, payment_method, amount, currency) VALUES (NULL, 828, '2025-07-30 18:51:33.266901', 'Debit Card', 1299.0, 'USD');
INSERT INTO Shipping (shipping_id, order_id, carrier, tracking_number, ship_date, delivery_date, status) VALUES (NULL, 828, 'DHL', 'TRK000828', '2025-02-02', '2025-07-13', 'Delivered');
INSERT INTO Orders (order_id, customer_id, order_date, status, shipping_address, total_amount) VALUES (829, 96, '2025-02-26 00:20:15.441049', 'Shipped', '9485 Robinson Knolls East Donna, MH 36528', 329.13);
INSERT INTO Order_Items (order_item_id, order_id, product_id, quantity, unit_price, discount) VALUES (NULL, 829, 16, 2, 491.21, 0);
INSERT INTO Order_Items (order_item_id, order_id, product_id, quantity, unit_price, discount) VALUES (NULL, 829, 42, 1, 238.53, 15);
INSERT INTO Order_Items (order_item_id, order_id, product_id, quantity, unit_price, discount) VALUES (NULL, 829, 22, 2, 329.39, 0);
INSERT INTO Payments (payment_id, order_id, payment_date, payment_method, amount, currency) VALUES (NULL, 829, '2025-04-16 19:00:45.564816', 'PayPal', 329.13, 'USD');
INSERT INTO Shipping (shipping_id, order_id, carrier, tracking_number, ship_date, delivery_date, status) VALUES (NULL, 829, 'UPS', 'TRK000829', '2025-07-09', '2025-06-20', 'Delivered');
INSERT INTO Orders (order_id, customer_id, order_date, status, shipping_address, total_amount) VALUES (830, 129, '2025-01-04 18:18:50.959239', 'Shipped', '257 Wolfe Crossing Suite 590 Stevenland, CO 78148', 415.45);
INSERT INTO Order_Items (order_item_id, order_id, product_id, quantity, unit_price, discount) VALUES (NULL, 830, 8, 1, 305.94, 0);
INSERT INTO Order_Items (order_item_id, order_id, product_id, quantity, unit_price, discount) VALUES (NULL, 830, 9, 3, 497.11, 15);
INSERT INTO Order_Items (order_item_id, order_id, product_id, quantity, unit_price, discount) VALUES (NULL, 830, 21, 3, 164.86, 5);
INSERT INTO Order_Items (order_item_id, order_id, product_id, quantity, unit_price, discount) VALUES (NULL, 830, 48, 2, 249.54, 10);
INSERT INTO Order_Items (order_item_id, order_id, product_id, quantity, unit_price, discount) VALUES (NULL, 830, 50, 3, 370.49, 10);
INSERT INTO Payments (payment_id, order_id, payment_date, payment_method, amount, currency) VALUES (NULL, 830, '2025-06-06 14:31:05.935284', 'PayPal', 415.45, 'USD');
INSERT INTO Shipping (shipping_id, order_id, carrier, tracking_number, ship_date, delivery_date, status) VALUES (NULL, 830, 'FedEx', 'TRK000830', '2025-01-02', '2025-04-29', 'Delivered');
INSERT INTO Orders (order_id, customer_id, order_date, status, shipping_address, total_amount) VALUES (831, 144, '2025-05-18 02:21:20.239678', 'Shipped', 'USNS Randolph FPO AA 91801', 1500.2);
INSERT INTO Order_Items (order_item_id, order_id, product_id, quantity, unit_price, discount) VALUES (NULL, 831, 23, 1, 327.33, 15);
INSERT INTO Order_Items (order_item_id, order_id, product_id, quantity, unit_price, discount) VALUES (NULL, 831, 6, 1, 436.7, 15);
INSERT INTO Payments (payment_id, order_id, payment_date, payment_method, amount, currency) VALUES (NULL, 831, '2025-05-05 01:24:30.416360', 'PayPal', 1500.2, 'USD');
INSERT INTO Shipping (shipping_id, order_id, carrier, tracking_number, ship_date, delivery_date, status) VALUES (NULL, 831, 'UPS', 'TRK000831', '2025-05-26', '2025-02-17', 'Delivered');
INSERT INTO Orders (order_id, customer_id, order_date, status, shipping_address, total_amount) VALUES (832, 69, '2025-05-23 13:34:32.867886', 'Shipped', 'Unit 4170 Box 0094 DPO AP 14367', 61.08);
INSERT INTO Order_Items (order_item_id, order_id, product_id, quantity, unit_price, discount) VALUES (NULL, 832, 14, 1, 264.19, 10);
INSERT INTO Order_Items (order_item_id, order_id, product_id, quantity, unit_price, discount) VALUES (NULL, 832, 49, 1, 131.09, 5);
INSERT INTO Payments (payment_id, order_id, payment_date, payment_method, amount, currency) VALUES (NULL, 832, '2025-01-11 21:43:28.986608', 'Debit Card', 61.08, 'USD');
INSERT INTO Shipping (shipping_id, order_id, carrier, tracking_number, ship_date, delivery_date, status) VALUES (NULL, 832, 'DHL', 'TRK000832', '2025-08-11', '2025-07-14', 'Delivered');
INSERT INTO Orders (order_id, customer_id, order_date, status, shipping_address, total_amount) VALUES (833, 195, '2025-04-14 05:45:38.735434', 'Shipped', '9780 Bailey Ports Apt. 698 Lake Ariel, GA 95637', 1008.83);
INSERT INTO Order_Items (order_item_id, order_id, product_id, quantity, unit_price, discount) VALUES (NULL, 833, 13, 2, 341.75, 0);
INSERT INTO Order_Items (order_item_id, order_id, product_id, quantity, unit_price, discount) VALUES (NULL, 833, 12, 3, 58.35, 15);
INSERT INTO Payments (payment_id, order_id, payment_date, payment_method, amount, currency) VALUES (NULL, 833, '2025-02-22 03:43:29.986498', 'PayPal', 1008.83, 'USD');
INSERT INTO Shipping (shipping_id, order_id, carrier, tracking_number, ship_date, delivery_date, status) VALUES (NULL, 833, 'DHL', 'TRK000833', '2025-06-22', '2025-04-02', 'Delivered');
INSERT INTO Orders (order_id, customer_id, order_date, status, shipping_address, total_amount) VALUES (834, 158, '2025-01-12 23:19:07.257428', 'Shipped', '78553 Faith Villages Lake Jean, SC 96384', 692.8);
INSERT INTO Order_Items (order_item_id, order_id, product_id, quantity, unit_price, discount) VALUES (NULL, 834, 39, 1, 454.48, 10);
INSERT INTO Order_Items (order_item_id, order_id, product_id, quantity, unit_price, discount) VALUES (NULL, 834, 14, 2, 425.91, 0);
INSERT INTO Payments (payment_id, order_id, payment_date, payment_method, amount, currency) VALUES (NULL, 834, '2025-08-03 20:04:28.368547', 'Credit Card', 692.8, 'USD');
INSERT INTO Shipping (shipping_id, order_id, carrier, tracking_number, ship_date, delivery_date, status) VALUES (NULL, 834, 'UPS', 'TRK000834', '2025-06-04', '2025-01-03', 'Delivered');
INSERT INTO Orders (order_id, customer_id, order_date, status, shipping_address, total_amount) VALUES (835, 119, '2025-06-29 22:45:15.131342', 'Shipped', 'Unit 1602 Box 5082 DPO AE 17660', 248.54);
INSERT INTO Order_Items (order_item_id, order_id, product_id, quantity, unit_price, discount) VALUES (NULL, 835, 7, 1, 202.18, 15);
INSERT INTO Order_Items (order_item_id, order_id, product_id, quantity, unit_price, discount) VALUES (NULL, 835, 48, 1, 123.23, 5);
INSERT INTO Order_Items (order_item_id, order_id, product_id, quantity, unit_price, discount) VALUES (NULL, 835, 9, 2, 219.11, 15);
INSERT INTO Order_Items (order_item_id, order_id, product_id, quantity, unit_price, discount) VALUES (NULL, 835, 13, 3, 319.45, 15);
INSERT INTO Payments (payment_id, order_id, payment_date, payment_method, amount, currency) VALUES (NULL, 835, '2025-06-12 00:43:14.702268', 'Debit Card', 248.54, 'USD');
INSERT INTO Shipping (shipping_id, order_id, carrier, tracking_number, ship_date, delivery_date, status) VALUES (NULL, 835, 'FedEx', 'TRK000835', '2025-07-03', '2025-05-01', 'Delivered');
INSERT INTO Orders (order_id, customer_id, order_date, status, shipping_address, total_amount) VALUES (836, 114, '2025-05-06 06:45:37.823609', 'Shipped', '566 Burns Square Matthewland, CT 69120', 1022.15);
INSERT INTO Order_Items (order_item_id, order_id, product_id, quantity, unit_price, discount) VALUES (NULL, 836, 10, 3, 11.08, 10);
INSERT INTO Order_Items (order_item_id, order_id, product_id, quantity, unit_price, discount) VALUES (NULL, 836, 42, 1, 167.29, 0);
INSERT INTO Order_Items (order_item_id, order_id, product_id, quantity, unit_price, discount) VALUES (NULL, 836, 43, 3, 69.52, 10);
INSERT INTO Order_Items (order_item_id, order_id, product_id, quantity, unit_price, discount) VALUES (NULL, 836, 33, 1, 32.44, 0);
INSERT INTO Order_Items (order_item_id, order_id, product_id, quantity, unit_price, discount) VALUES (NULL, 836, 7, 2, 451.53, 5);
INSERT INTO Payments (payment_id, order_id, payment_date, payment_method, amount, currency) VALUES (NULL, 836, '2025-04-10 12:56:13.009066', 'PayPal', 1022.15, 'USD');
INSERT INTO Shipping (shipping_id, order_id, carrier, tracking_number, ship_date, delivery_date, status) VALUES (NULL, 836, 'FedEx', 'TRK000836', '2025-07-27', '2025-05-29', 'Delivered');
INSERT INTO Orders (order_id, customer_id, order_date, status, shipping_address, total_amount) VALUES (837, 23, '2025-01-08 18:25:11.870814', 'Shipped', '1725 King Streets Sharonview, IL 58372', 2266.92);
INSERT INTO Order_Items (order_item_id, order_id, product_id, quantity, unit_price, discount) VALUES (NULL, 837, 50, 1, 228.87, 5);
INSERT INTO Order_Items (order_item_id, order_id, product_id, quantity, unit_price, discount) VALUES (NULL, 837, 43, 1, 58.05, 0);
INSERT INTO Order_Items (order_item_id, order_id, product_id, quantity, unit_price, discount) VALUES (NULL, 837, 38, 2, 86.21, 0);
INSERT INTO Payments (payment_id, order_id, payment_date, payment_method, amount, currency) VALUES (NULL, 837, '2025-08-25 10:27:56.736682', 'PayPal', 2266.92, 'USD');
INSERT INTO Shipping (shipping_id, order_id, carrier, tracking_number, ship_date, delivery_date, status) VALUES (NULL, 837, 'UPS', 'TRK000837', '2025-08-27', '2025-06-05', 'Delivered');
INSERT INTO Orders (order_id, customer_id, order_date, status, shipping_address, total_amount) VALUES (838, 80, '2025-02-14 05:30:17.722621', 'Shipped', 'PSC 6860, Box 2845 APO AA 33033', 1488.56);
INSERT INTO Order_Items (order_item_id, order_id, product_id, quantity, unit_price, discount) VALUES (NULL, 838, 50, 3, 398.44, 0);
INSERT INTO Order_Items (order_item_id, order_id, product_id, quantity, unit_price, discount) VALUES (NULL, 838, 11, 3, 367.98, 10);
INSERT INTO Order_Items (order_item_id, order_id, product_id, quantity, unit_price, discount) VALUES (NULL, 838, 7, 3, 339.56, 10);
INSERT INTO Order_Items (order_item_id, order_id, product_id, quantity, unit_price, discount) VALUES (NULL, 838, 41, 1, 337.65, 5);
INSERT INTO Order_Items (order_item_id, order_id, product_id, quantity, unit_price, discount) VALUES (NULL, 838, 12, 2, 492.04, 0);
INSERT INTO Payments (payment_id, order_id, payment_date, payment_method, amount, currency) VALUES (NULL, 838, '2025-03-24 21:11:54.338364', 'Debit Card', 1488.56, 'USD');
INSERT INTO Shipping (shipping_id, order_id, carrier, tracking_number, ship_date, delivery_date, status) VALUES (NULL, 838, 'FedEx', 'TRK000838', '2025-06-24', '2025-08-28', 'Delivered');
INSERT INTO Orders (order_id, customer_id, order_date, status, shipping_address, total_amount) VALUES (839, 2, '2025-09-02 07:49:40.323422', 'Shipped', '40905 Teresa Shores Apt. 713 Andrewview, NJ 56929', 1347.25);
INSERT INTO Order_Items (order_item_id, order_id, product_id, quantity, unit_price, discount) VALUES (NULL, 839, 27, 3, 451.18, 10);
INSERT INTO Order_Items (order_item_id, order_id, product_id, quantity, unit_price, discount) VALUES (NULL, 839, 46, 2, 480.77, 5);
INSERT INTO Order_Items (order_item_id, order_id, product_id, quantity, unit_price, discount) VALUES (NULL, 839, 5, 2, 238.64, 0);
INSERT INTO Order_Items (order_item_id, order_id, product_id, quantity, unit_price, discount) VALUES (NULL, 839, 1, 2, 176.18, 0);
INSERT INTO Payments (payment_id, order_id, payment_date, payment_method, amount, currency) VALUES (NULL, 839, '2025-08-24 09:43:08.247820', 'Debit Card', 1347.25, 'USD');
INSERT INTO Shipping (shipping_id, order_id, carrier, tracking_number, ship_date, delivery_date, status) VALUES (NULL, 839, 'DHL', 'TRK000839', '2025-06-07', '2025-03-01', 'Delivered');
INSERT INTO Orders (order_id, customer_id, order_date, status, shipping_address, total_amount) VALUES (840, 150, '2025-01-20 12:43:46.995722', 'Shipped', '378 Lee Crossing Suite 244 Ericaville, CA 02948', 2808.43);
INSERT INTO Order_Items (order_item_id, order_id, product_id, quantity, unit_price, discount) VALUES (NULL, 840, 28, 3, 339.76, 10);
INSERT INTO Order_Items (order_item_id, order_id, product_id, quantity, unit_price, discount) VALUES (NULL, 840, 14, 3, 272.35, 0);
INSERT INTO Order_Items (order_item_id, order_id, product_id, quantity, unit_price, discount) VALUES (NULL, 840, 16, 3, 24.28, 15);
INSERT INTO Order_Items (order_item_id, order_id, product_id, quantity, unit_price, discount) VALUES (NULL, 840, 44, 1, 207.61, 0);
INSERT INTO Payments (payment_id, order_id, payment_date, payment_method, amount, currency) VALUES (NULL, 840, '2025-06-03 15:49:36.820825', 'Credit Card', 2808.43, 'USD');
INSERT INTO Shipping (shipping_id, order_id, carrier, tracking_number, ship_date, delivery_date, status) VALUES (NULL, 840, 'DHL', 'TRK000840', '2025-07-31', '2025-01-27', 'Delivered');
INSERT INTO Orders (order_id, customer_id, order_date, status, shipping_address, total_amount) VALUES (841, 31, '2025-04-07 03:30:38.456122', 'Shipped', '2580 Megan Knolls Crystalhaven, VI 85345', 1553.94);
INSERT INTO Order_Items (order_item_id, order_id, product_id, quantity, unit_price, discount) VALUES (NULL, 841, 20, 3, 376.29, 10);
INSERT INTO Payments (payment_id, order_id, payment_date, payment_method, amount, currency) VALUES (NULL, 841, '2025-05-04 01:05:44.872530', 'PayPal', 1553.94, 'USD');
INSERT INTO Shipping (shipping_id, order_id, carrier, tracking_number, ship_date, delivery_date, status) VALUES (NULL, 841, 'DHL', 'TRK000841', '2025-08-03', '2025-01-18', 'Delivered');
INSERT INTO Orders (order_id, customer_id, order_date, status, shipping_address, total_amount) VALUES (842, 104, '2025-08-26 10:45:10.572353', 'Shipped', 'Unit 3387 Box 6740 DPO AP 79083', 114.73);
INSERT INTO Order_Items (order_item_id, order_id, product_id, quantity, unit_price, discount) VALUES (NULL, 842, 5, 2, 198.18, 10);
INSERT INTO Order_Items (order_item_id, order_id, product_id, quantity, unit_price, discount) VALUES (NULL, 842, 8, 1, 430.06, 5);
INSERT INTO Payments (payment_id, order_id, payment_date, payment_method, amount, currency) VALUES (NULL, 842, '2025-07-30 17:32:47.432482', 'Debit Card', 114.73, 'USD');
INSERT INTO Shipping (shipping_id, order_id, carrier, tracking_number, ship_date, delivery_date, status) VALUES (NULL, 842, 'UPS', 'TRK000842', '2025-08-08', '2025-08-28', 'Delivered');
INSERT INTO Orders (order_id, customer_id, order_date, status, shipping_address, total_amount) VALUES (843, 162, '2025-07-28 06:29:15.477638', 'Shipped', '93691 Steven Via Bretthaven, HI 10544', 2298.31);
INSERT INTO Order_Items (order_item_id, order_id, product_id, quantity, unit_price, discount) VALUES (NULL, 843, 7, 2, 136.03, 10);
INSERT INTO Order_Items (order_item_id, order_id, product_id, quantity, unit_price, discount) VALUES (NULL, 843, 25, 1, 342.32, 0);
INSERT INTO Order_Items (order_item_id, order_id, product_id, quantity, unit_price, discount) VALUES (NULL, 843, 31, 1, 32.23, 10);
INSERT INTO Payments (payment_id, order_id, payment_date, payment_method, amount, currency) VALUES (NULL, 843, '2025-04-06 15:00:06.667110', 'Credit Card', 2298.31, 'USD');
INSERT INTO Shipping (shipping_id, order_id, carrier, tracking_number, ship_date, delivery_date, status) VALUES (NULL, 843, 'FedEx', 'TRK000843', '2025-02-28', '2025-03-22', 'Delivered');
INSERT INTO Orders (order_id, customer_id, order_date, status, shipping_address, total_amount) VALUES (844, 28, '2025-06-26 18:13:46.016247', 'Shipped', '20852 Allison Branch North James, NM 02199', 1483.45);
INSERT INTO Order_Items (order_item_id, order_id, product_id, quantity, unit_price, discount) VALUES (NULL, 844, 44, 2, 44.47, 10);
INSERT INTO Payments (payment_id, order_id, payment_date, payment_method, amount, currency) VALUES (NULL, 844, '2025-08-30 07:51:54.218644', 'Debit Card', 1483.45, 'USD');
INSERT INTO Shipping (shipping_id, order_id, carrier, tracking_number, ship_date, delivery_date, status) VALUES (NULL, 844, 'DHL', 'TRK000844', '2025-03-01', '2025-05-01', 'Delivered');
INSERT INTO Orders (order_id, customer_id, order_date, status, shipping_address, total_amount) VALUES (845, 153, '2025-08-30 09:43:30.471268', 'Shipped', '85932 Sloan Parkways Frederickshire, VI 26200', 2933.26);
INSERT INTO Order_Items (order_item_id, order_id, product_id, quantity, unit_price, discount) VALUES (NULL, 845, 31, 1, 329.46, 5);
INSERT INTO Order_Items (order_item_id, order_id, product_id, quantity, unit_price, discount) VALUES (NULL, 845, 2, 1, 15.98, 5);
INSERT INTO Payments (payment_id, order_id, payment_date, payment_method, amount, currency) VALUES (NULL, 845, '2025-04-26 18:40:56.697348', 'Debit Card', 2933.26, 'USD');
INSERT INTO Shipping (shipping_id, order_id, carrier, tracking_number, ship_date, delivery_date, status) VALUES (NULL, 845, 'FedEx', 'TRK000845', '2025-05-01', '2025-07-13', 'Delivered');
INSERT INTO Orders (order_id, customer_id, order_date, status, shipping_address, total_amount) VALUES (846, 18, '2025-04-30 13:26:15.481255', 'Shipped', '407 Ryan Squares South Johnville, KS 23216', 1720.26);
INSERT INTO Order_Items (order_item_id, order_id, product_id, quantity, unit_price, discount) VALUES (NULL, 846, 20, 3, 308.04, 5);
INSERT INTO Order_Items (order_item_id, order_id, product_id, quantity, unit_price, discount) VALUES (NULL, 846, 25, 1, 265.62, 15);
INSERT INTO Payments (payment_id, order_id, payment_date, payment_method, amount, currency) VALUES (NULL, 846, '2025-02-15 06:00:30.502983', 'Debit Card', 1720.26, 'USD');
INSERT INTO Shipping (shipping_id, order_id, carrier, tracking_number, ship_date, delivery_date, status) VALUES (NULL, 846, 'DHL', 'TRK000846', '2025-03-15', '2025-03-04', 'Delivered');
INSERT INTO Orders (order_id, customer_id, order_date, status, shipping_address, total_amount) VALUES (847, 68, '2025-02-21 02:10:27.014237', 'Shipped', '425 Gina Center Apt. 350 Melaniestad, CA 80850', 64.49);
INSERT INTO Order_Items (order_item_id, order_id, product_id, quantity, unit_price, discount) VALUES (NULL, 847, 22, 2, 229.28, 0);
INSERT INTO Payments (payment_id, order_id, payment_date, payment_method, amount, currency) VALUES (NULL, 847, '2025-05-19 19:58:26.216674', 'PayPal', 64.49, 'USD');
INSERT INTO Shipping (shipping_id, order_id, carrier, tracking_number, ship_date, delivery_date, status) VALUES (NULL, 847, 'FedEx', 'TRK000847', '2025-05-21', '2025-04-05', 'Delivered');
INSERT INTO Orders (order_id, customer_id, order_date, status, shipping_address, total_amount) VALUES (848, 71, '2025-01-05 13:56:06.996236', 'Shipped', '4836 Jason Plaza Apt. 246 Bowenborough, NJ 39445', 2423.91);
INSERT INTO Order_Items (order_item_id, order_id, product_id, quantity, unit_price, discount) VALUES (NULL, 848, 49, 3, 298.16, 15);
INSERT INTO Order_Items (order_item_id, order_id, product_id, quantity, unit_price, discount) VALUES (NULL, 848, 5, 3, 68.55, 5);
INSERT INTO Payments (payment_id, order_id, payment_date, payment_method, amount, currency) VALUES (NULL, 848, '2025-05-12 02:49:07.012226', 'Debit Card', 2423.91, 'USD');
INSERT INTO Shipping (shipping_id, order_id, carrier, tracking_number, ship_date, delivery_date, status) VALUES (NULL, 848, 'FedEx', 'TRK000848', '2025-03-25', '2025-07-05', 'Delivered');
INSERT INTO Orders (order_id, customer_id, order_date, status, shipping_address, total_amount) VALUES (849, 115, '2025-01-20 05:19:45.731558', 'Shipped', '764 Frank Brooks Apt. 819 Jeromeville, MD 23709', 196.0);
INSERT INTO Order_Items (order_item_id, order_id, product_id, quantity, unit_price, discount) VALUES (NULL, 849, 18, 3, 85.75, 15);
INSERT INTO Order_Items (order_item_id, order_id, product_id, quantity, unit_price, discount) VALUES (NULL, 849, 49, 3, 11.03, 0);
INSERT INTO Order_Items (order_item_id, order_id, product_id, quantity, unit_price, discount) VALUES (NULL, 849, 6, 1, 370.24, 15);
INSERT INTO Payments (payment_id, order_id, payment_date, payment_method, amount, currency) VALUES (NULL, 849, '2025-05-19 15:39:55.711764', 'Credit Card', 196.0, 'USD');
INSERT INTO Shipping (shipping_id, order_id, carrier, tracking_number, ship_date, delivery_date, status) VALUES (NULL, 849, 'DHL', 'TRK000849', '2025-04-29', '2025-07-18', 'Delivered');
INSERT INTO Orders (order_id, customer_id, order_date, status, shipping_address, total_amount) VALUES (850, 26, '2025-06-13 00:41:47.646107', 'Shipped', 'PSC 3872, Box 7981 APO AP 81117', 824.76);
INSERT INTO Order_Items (order_item_id, order_id, product_id, quantity, unit_price, discount) VALUES (NULL, 850, 34, 1, 117.26, 5);
INSERT INTO Order_Items (order_item_id, order_id, product_id, quantity, unit_price, discount) VALUES (NULL, 850, 50, 3, 150.58, 0);
INSERT INTO Order_Items (order_item_id, order_id, product_id, quantity, unit_price, discount) VALUES (NULL, 850, 50, 2, 106.24, 10);
INSERT INTO Payments (payment_id, order_id, payment_date, payment_method, amount, currency) VALUES (NULL, 850, '2025-02-24 01:41:38.518636', 'PayPal', 824.76, 'USD');
INSERT INTO Shipping (shipping_id, order_id, carrier, tracking_number, ship_date, delivery_date, status) VALUES (NULL, 850, 'FedEx', 'TRK000850', '2025-06-04', '2025-06-02', 'Delivered');
INSERT INTO Orders (order_id, customer_id, order_date, status, shipping_address, total_amount) VALUES (851, 152, '2025-02-13 13:43:51.905481', 'Shipped', '88494 Brian Flats West Melanie, UT 26317', 1897.48);
INSERT INTO Order_Items (order_item_id, order_id, product_id, quantity, unit_price, discount) VALUES (NULL, 851, 36, 2, 123.13, 5);
INSERT INTO Payments (payment_id, order_id, payment_date, payment_method, amount, currency) VALUES (NULL, 851, '2025-06-09 00:09:14.629290', 'PayPal', 1897.48, 'USD');
INSERT INTO Shipping (shipping_id, order_id, carrier, tracking_number, ship_date, delivery_date, status) VALUES (NULL, 851, 'FedEx', 'TRK000851', '2025-04-10', '2025-07-22', 'Delivered');
INSERT INTO Orders (order_id, customer_id, order_date, status, shipping_address, total_amount) VALUES (852, 49, '2025-04-22 18:32:46.981182', 'Shipped', '818 Ortiz Circle West Jasonchester, WY 03071', 1274.73);
INSERT INTO Order_Items (order_item_id, order_id, product_id, quantity, unit_price, discount) VALUES (NULL, 852, 14, 2, 100.19, 15);
INSERT INTO Order_Items (order_item_id, order_id, product_id, quantity, unit_price, discount) VALUES (NULL, 852, 13, 2, 131.03, 0);
INSERT INTO Payments (payment_id, order_id, payment_date, payment_method, amount, currency) VALUES (NULL, 852, '2025-01-25 11:27:42.538651', 'Debit Card', 1274.73, 'USD');
INSERT INTO Shipping (shipping_id, order_id, carrier, tracking_number, ship_date, delivery_date, status) VALUES (NULL, 852, 'UPS', 'TRK000852', '2025-08-14', '2025-03-05', 'Delivered');
INSERT INTO Orders (order_id, customer_id, order_date, status, shipping_address, total_amount) VALUES (853, 66, '2025-07-11 13:37:21.275376', 'Shipped', '51213 Cory Walks Port Brian, PW 16306', 1263.41);
INSERT INTO Order_Items (order_item_id, order_id, product_id, quantity, unit_price, discount) VALUES (NULL, 853, 28, 2, 351.53, 0);
INSERT INTO Order_Items (order_item_id, order_id, product_id, quantity, unit_price, discount) VALUES (NULL, 853, 50, 2, 319.88, 0);
INSERT INTO Order_Items (order_item_id, order_id, product_id, quantity, unit_price, discount) VALUES (NULL, 853, 45, 1, 214.73, 0);
INSERT INTO Order_Items (order_item_id, order_id, product_id, quantity, unit_price, discount) VALUES (NULL, 853, 20, 3, 334.21, 10);
INSERT INTO Payments (payment_id, order_id, payment_date, payment_method, amount, currency) VALUES (NULL, 853, '2025-02-20 04:46:05.155015', 'PayPal', 1263.41, 'USD');
INSERT INTO Shipping (shipping_id, order_id, carrier, tracking_number, ship_date, delivery_date, status) VALUES (NULL, 853, 'DHL', 'TRK000853', '2025-08-11', '2025-06-17', 'Delivered');
INSERT INTO Orders (order_id, customer_id, order_date, status, shipping_address, total_amount) VALUES (854, 51, '2025-08-28 21:13:46.759645', 'Shipped', 'USS Crawford FPO AA 87880', 1717.88);
INSERT INTO Order_Items (order_item_id, order_id, product_id, quantity, unit_price, discount) VALUES (NULL, 854, 32, 3, 242.9, 5);
INSERT INTO Payments (payment_id, order_id, payment_date, payment_method, amount, currency) VALUES (NULL, 854, '2025-08-29 22:24:45.042001', 'Debit Card', 1717.88, 'USD');
INSERT INTO Shipping (shipping_id, order_id, carrier, tracking_number, ship_date, delivery_date, status) VALUES (NULL, 854, 'DHL', 'TRK000854', '2025-07-28', '2025-05-13', 'Delivered');
INSERT INTO Orders (order_id, customer_id, order_date, status, shipping_address, total_amount) VALUES (855, 84, '2025-01-19 01:14:01.007191', 'Shipped', '4560 Rodney Expressway Apt. 454 North Michelleside, IA 12101', 1813.57);
INSERT INTO Order_Items (order_item_id, order_id, product_id, quantity, unit_price, discount) VALUES (NULL, 855, 45, 2, 330.6, 0);
INSERT INTO Order_Items (order_item_id, order_id, product_id, quantity, unit_price, discount) VALUES (NULL, 855, 16, 2, 21.96, 15);
INSERT INTO Order_Items (order_item_id, order_id, product_id, quantity, unit_price, discount) VALUES (NULL, 855, 39, 3, 121.91, 15);
INSERT INTO Order_Items (order_item_id, order_id, product_id, quantity, unit_price, discount) VALUES (NULL, 855, 14, 1, 139.52, 5);
INSERT INTO Payments (payment_id, order_id, payment_date, payment_method, amount, currency) VALUES (NULL, 855, '2025-02-20 02:31:47.261267', 'Debit Card', 1813.57, 'USD');
INSERT INTO Shipping (shipping_id, order_id, carrier, tracking_number, ship_date, delivery_date, status) VALUES (NULL, 855, 'DHL', 'TRK000855', '2025-07-12', '2025-05-29', 'Delivered');
INSERT INTO Orders (order_id, customer_id, order_date, status, shipping_address, total_amount) VALUES (856, 192, '2025-02-17 17:28:39.977799', 'Shipped', '265 Jenkins Valley Suite 371 Josefurt, FL 70531', 925.67);
INSERT INTO Order_Items (order_item_id, order_id, product_id, quantity, unit_price, discount) VALUES (NULL, 856, 28, 2, 322.73, 0);
INSERT INTO Order_Items (order_item_id, order_id, product_id, quantity, unit_price, discount) VALUES (NULL, 856, 42, 3, 328.79, 15);
INSERT INTO Order_Items (order_item_id, order_id, product_id, quantity, unit_price, discount) VALUES (NULL, 856, 32, 2, 303.27, 0);
INSERT INTO Payments (payment_id, order_id, payment_date, payment_method, amount, currency) VALUES (NULL, 856, '2025-04-27 00:25:57.727700', 'PayPal', 925.67, 'USD');
INSERT INTO Shipping (shipping_id, order_id, carrier, tracking_number, ship_date, delivery_date, status) VALUES (NULL, 856, 'UPS', 'TRK000856', '2025-01-29', '2025-06-27', 'Delivered');
INSERT INTO Orders (order_id, customer_id, order_date, status, shipping_address, total_amount) VALUES (857, 16, '2025-07-24 10:00:16.855892', 'Shipped', '646 Grace Rapid Suite 234 Bennettshire, UT 45594', 1255.16);
INSERT INTO Order_Items (order_item_id, order_id, product_id, quantity, unit_price, discount) VALUES (NULL, 857, 22, 2, 91.5, 10);
INSERT INTO Order_Items (order_item_id, order_id, product_id, quantity, unit_price, discount) VALUES (NULL, 857, 46, 2, 223.14, 5);
INSERT INTO Order_Items (order_item_id, order_id, product_id, quantity, unit_price, discount) VALUES (NULL, 857, 34, 3, 409.55, 5);
INSERT INTO Payments (payment_id, order_id, payment_date, payment_method, amount, currency) VALUES (NULL, 857, '2025-04-25 00:34:06.991884', 'Credit Card', 1255.16, 'USD');
INSERT INTO Shipping (shipping_id, order_id, carrier, tracking_number, ship_date, delivery_date, status) VALUES (NULL, 857, 'FedEx', 'TRK000857', '2025-04-07', '2025-02-10', 'Delivered');
INSERT INTO Orders (order_id, customer_id, order_date, status, shipping_address, total_amount) VALUES (858, 35, '2025-04-15 02:48:14.974671', 'Shipped', '9460 Fields Fork Suite 944 Port Josephshire, ID 76641', 1654.2);
INSERT INTO Order_Items (order_item_id, order_id, product_id, quantity, unit_price, discount) VALUES (NULL, 858, 35, 1, 262.69, 15);
INSERT INTO Order_Items (order_item_id, order_id, product_id, quantity, unit_price, discount) VALUES (NULL, 858, 26, 3, 74.97, 5);
INSERT INTO Order_Items (order_item_id, order_id, product_id, quantity, unit_price, discount) VALUES (NULL, 858, 12, 2, 409.85, 0);
INSERT INTO Order_Items (order_item_id, order_id, product_id, quantity, unit_price, discount) VALUES (NULL, 858, 36, 3, 257.76, 5);
INSERT INTO Payments (payment_id, order_id, payment_date, payment_method, amount, currency) VALUES (NULL, 858, '2025-04-10 02:23:19.654157', 'PayPal', 1654.2, 'USD');
INSERT INTO Shipping (shipping_id, order_id, carrier, tracking_number, ship_date, delivery_date, status) VALUES (NULL, 858, 'FedEx', 'TRK000858', '2025-04-21', '2025-04-21', 'Delivered');
INSERT INTO Orders (order_id, customer_id, order_date, status, shipping_address, total_amount) VALUES (859, 130, '2025-04-29 16:05:21.604740', 'Shipped', '971 Fisher Points Suite 168 New Bryanburgh, CA 37424', 1116.62);
INSERT INTO Order_Items (order_item_id, order_id, product_id, quantity, unit_price, discount) VALUES (NULL, 859, 25, 3, 53.79, 15);
INSERT INTO Payments (payment_id, order_id, payment_date, payment_method, amount, currency) VALUES (NULL, 859, '2025-05-12 22:30:47.819070', 'PayPal', 1116.62, 'USD');
INSERT INTO Shipping (shipping_id, order_id, carrier, tracking_number, ship_date, delivery_date, status) VALUES (NULL, 859, 'DHL', 'TRK000859', '2025-08-10', '2025-02-26', 'Delivered');
INSERT INTO Orders (order_id, customer_id, order_date, status, shipping_address, total_amount) VALUES (860, 51, '2025-03-06 14:29:32.744085', 'Shipped', '96696 Dillon Land Apt. 010 Tiffanymouth, AZ 28185', 687.66);
INSERT INTO Order_Items (order_item_id, order_id, product_id, quantity, unit_price, discount) VALUES (NULL, 860, 33, 2, 82.47, 15);
INSERT INTO Order_Items (order_item_id, order_id, product_id, quantity, unit_price, discount) VALUES (NULL, 860, 34, 3, 462.86, 5);
INSERT INTO Order_Items (order_item_id, order_id, product_id, quantity, unit_price, discount) VALUES (NULL, 860, 20, 2, 14.56, 15);
INSERT INTO Order_Items (order_item_id, order_id, product_id, quantity, unit_price, discount) VALUES (NULL, 860, 6, 1, 181.99, 10);
INSERT INTO Order_Items (order_item_id, order_id, product_id, quantity, unit_price, discount) VALUES (NULL, 860, 48, 1, 209.33, 15);
INSERT INTO Payments (payment_id, order_id, payment_date, payment_method, amount, currency) VALUES (NULL, 860, '2025-03-27 13:48:09.024711', 'Credit Card', 687.66, 'USD');
INSERT INTO Shipping (shipping_id, order_id, carrier, tracking_number, ship_date, delivery_date, status) VALUES (NULL, 860, 'DHL', 'TRK000860', '2025-08-25', '2025-07-08', 'Delivered');
INSERT INTO Orders (order_id, customer_id, order_date, status, shipping_address, total_amount) VALUES (861, 29, '2025-05-30 23:53:19.213345', 'Shipped', '84713 Steven Throughway Apt. 739 South Laura, NJ 66646', 1341.42);
INSERT INTO Order_Items (order_item_id, order_id, product_id, quantity, unit_price, discount) VALUES (NULL, 861, 23, 3, 220.15, 10);
INSERT INTO Order_Items (order_item_id, order_id, product_id, quantity, unit_price, discount) VALUES (NULL, 861, 20, 1, 10.89, 15);
INSERT INTO Order_Items (order_item_id, order_id, product_id, quantity, unit_price, discount) VALUES (NULL, 861, 7, 1, 97.67, 0);
INSERT INTO Order_Items (order_item_id, order_id, product_id, quantity, unit_price, discount) VALUES (NULL, 861, 12, 1, 85.3, 0);
INSERT INTO Payments (payment_id, order_id, payment_date, payment_method, amount, currency) VALUES (NULL, 861, '2025-04-09 02:03:35.816357', 'Debit Card', 1341.42, 'USD');
INSERT INTO Shipping (shipping_id, order_id, carrier, tracking_number, ship_date, delivery_date, status) VALUES (NULL, 861, 'UPS', 'TRK000861', '2025-05-07', '2025-06-27', 'Delivered');
INSERT INTO Orders (order_id, customer_id, order_date, status, shipping_address, total_amount) VALUES (862, 113, '2025-02-22 07:23:08.423419', 'Shipped', '625 Taylor Port Suite 215 Mercerfort, IN 98527', 59.08);
INSERT INTO Order_Items (order_item_id, order_id, product_id, quantity, unit_price, discount) VALUES (NULL, 862, 24, 2, 444.71, 0);
INSERT INTO Order_Items (order_item_id, order_id, product_id, quantity, unit_price, discount) VALUES (NULL, 862, 19, 2, 41.6, 0);
INSERT INTO Payments (payment_id, order_id, payment_date, payment_method, amount, currency) VALUES (NULL, 862, '2025-06-03 13:15:03.764395', 'Credit Card', 59.08, 'USD');
INSERT INTO Shipping (shipping_id, order_id, carrier, tracking_number, ship_date, delivery_date, status) VALUES (NULL, 862, 'FedEx', 'TRK000862', '2025-01-09', '2025-03-31', 'Delivered');
INSERT INTO Orders (order_id, customer_id, order_date, status, shipping_address, total_amount) VALUES (863, 113, '2025-01-14 00:38:56.831198', 'Shipped', '76299 Campbell Ramp South Christine, AL 84116', 2486.68);
INSERT INTO Order_Items (order_item_id, order_id, product_id, quantity, unit_price, discount) VALUES (NULL, 863, 34, 3, 390.29, 0);
INSERT INTO Order_Items (order_item_id, order_id, product_id, quantity, unit_price, discount) VALUES (NULL, 863, 10, 1, 413.38, 5);
INSERT INTO Payments (payment_id, order_id, payment_date, payment_method, amount, currency) VALUES (NULL, 863, '2025-04-20 22:29:30.894042', 'Credit Card', 2486.68, 'USD');
INSERT INTO Shipping (shipping_id, order_id, carrier, tracking_number, ship_date, delivery_date, status) VALUES (NULL, 863, 'UPS', 'TRK000863', '2025-08-15', '2025-04-06', 'Delivered');
INSERT INTO Orders (order_id, customer_id, order_date, status, shipping_address, total_amount) VALUES (864, 183, '2025-04-07 17:25:59.816016', 'Shipped', '870 Flowers Expressway Mariastad, DC 73900', 1570.88);
INSERT INTO Order_Items (order_item_id, order_id, product_id, quantity, unit_price, discount) VALUES (NULL, 864, 19, 2, 241.15, 5);
INSERT INTO Order_Items (order_item_id, order_id, product_id, quantity, unit_price, discount) VALUES (NULL, 864, 6, 3, 491.97, 10);
INSERT INTO Payments (payment_id, order_id, payment_date, payment_method, amount, currency) VALUES (NULL, 864, '2025-01-20 07:08:54.471952', 'PayPal', 1570.88, 'USD');
INSERT INTO Shipping (shipping_id, order_id, carrier, tracking_number, ship_date, delivery_date, status) VALUES (NULL, 864, 'UPS', 'TRK000864', '2025-06-11', '2025-03-18', 'Delivered');
INSERT INTO Orders (order_id, customer_id, order_date, status, shipping_address, total_amount) VALUES (865, 56, '2025-02-23 05:27:42.769854', 'Shipped', '1475 Massey Gateway Apt. 459 Lake Michaelborough, AS 76253', 1616.63);
INSERT INTO Order_Items (order_item_id, order_id, product_id, quantity, unit_price, discount) VALUES (NULL, 865, 42, 2, 386.39, 5);
INSERT INTO Order_Items (order_item_id, order_id, product_id, quantity, unit_price, discount) VALUES (NULL, 865, 29, 1, 337.84, 15);
INSERT INTO Payments (payment_id, order_id, payment_date, payment_method, amount, currency) VALUES (NULL, 865, '2025-05-06 03:29:11.806868', 'PayPal', 1616.63, 'USD');
INSERT INTO Shipping (shipping_id, order_id, carrier, tracking_number, ship_date, delivery_date, status) VALUES (NULL, 865, 'UPS', 'TRK000865', '2025-08-18', '2025-06-03', 'Delivered');
INSERT INTO Orders (order_id, customer_id, order_date, status, shipping_address, total_amount) VALUES (866, 130, '2025-05-29 02:14:57.535112', 'Shipped', 'USCGC Andrews FPO AE 44769', 1240.5);
INSERT INTO Order_Items (order_item_id, order_id, product_id, quantity, unit_price, discount) VALUES (NULL, 866, 17, 3, 387.86, 0);
INSERT INTO Order_Items (order_item_id, order_id, product_id, quantity, unit_price, discount) VALUES (NULL, 866, 15, 3, 283.92, 0);
INSERT INTO Order_Items (order_item_id, order_id, product_id, quantity, unit_price, discount) VALUES (NULL, 866, 21, 2, 238.82, 0);
INSERT INTO Order_Items (order_item_id, order_id, product_id, quantity, unit_price, discount) VALUES (NULL, 866, 29, 2, 496.76, 15);
INSERT INTO Order_Items (order_item_id, order_id, product_id, quantity, unit_price, discount) VALUES (NULL, 866, 43, 2, 176.32, 15);
INSERT INTO Payments (payment_id, order_id, payment_date, payment_method, amount, currency) VALUES (NULL, 866, '2025-07-31 13:07:09.725131', 'Debit Card', 1240.5, 'USD');
INSERT INTO Shipping (shipping_id, order_id, carrier, tracking_number, ship_date, delivery_date, status) VALUES (NULL, 866, 'DHL', 'TRK000866', '2025-02-19', '2025-03-25', 'Delivered');
INSERT INTO Orders (order_id, customer_id, order_date, status, shipping_address, total_amount) VALUES (867, 157, '2025-05-12 07:13:25.537469', 'Shipped', '68639 Johnson Well Suite 362 Hensleystad, MH 56495', 444.06);
INSERT INTO Order_Items (order_item_id, order_id, product_id, quantity, unit_price, discount) VALUES (NULL, 867, 46, 1, 438.3, 15);
INSERT INTO Order_Items (order_item_id, order_id, product_id, quantity, unit_price, discount) VALUES (NULL, 867, 3, 3, 109.64, 15);
INSERT INTO Order_Items (order_item_id, order_id, product_id, quantity, unit_price, discount) VALUES (NULL, 867, 39, 1, 324.01, 5);
INSERT INTO Payments (payment_id, order_id, payment_date, payment_method, amount, currency) VALUES (NULL, 867, '2025-07-16 22:32:57.478310', 'PayPal', 444.06, 'USD');
INSERT INTO Shipping (shipping_id, order_id, carrier, tracking_number, ship_date, delivery_date, status) VALUES (NULL, 867, 'DHL', 'TRK000867', '2025-06-30', '2025-07-15', 'Delivered');
INSERT INTO Orders (order_id, customer_id, order_date, status, shipping_address, total_amount) VALUES (868, 36, '2025-02-15 20:48:40.853892', 'Shipped', '3766 Patricia Lock Suite 457 New Joseph, IA 49717', 1327.0);
INSERT INTO Order_Items (order_item_id, order_id, product_id, quantity, unit_price, discount) VALUES (NULL, 868, 16, 3, 413.91, 0);
INSERT INTO Payments (payment_id, order_id, payment_date, payment_method, amount, currency) VALUES (NULL, 868, '2025-03-25 11:08:07.804519', 'Debit Card', 1327.0, 'USD');
INSERT INTO Shipping (shipping_id, order_id, carrier, tracking_number, ship_date, delivery_date, status) VALUES (NULL, 868, 'DHL', 'TRK000868', '2025-07-24', '2025-07-02', 'Delivered');
INSERT INTO Orders (order_id, customer_id, order_date, status, shipping_address, total_amount) VALUES (869, 96, '2025-05-14 07:25:58.917622', 'Shipped', '1160 Kevin Island New David, IL 87707', 223.4);
INSERT INTO Order_Items (order_item_id, order_id, product_id, quantity, unit_price, discount) VALUES (NULL, 869, 12, 3, 108.28, 5);
INSERT INTO Order_Items (order_item_id, order_id, product_id, quantity, unit_price, discount) VALUES (NULL, 869, 18, 3, 400.87, 5);
INSERT INTO Payments (payment_id, order_id, payment_date, payment_method, amount, currency) VALUES (NULL, 869, '2025-07-30 23:53:15.804661', 'PayPal', 223.4, 'USD');
INSERT INTO Shipping (shipping_id, order_id, carrier, tracking_number, ship_date, delivery_date, status) VALUES (NULL, 869, 'UPS', 'TRK000869', '2025-05-06', '2025-05-17', 'Delivered');
INSERT INTO Orders (order_id, customer_id, order_date, status, shipping_address, total_amount) VALUES (870, 182, '2025-07-24 02:34:09.597763', 'Shipped', '7946 Lori Cape Port Joshuahaven, IN 45509', 2665.1);
INSERT INTO Order_Items (order_item_id, order_id, product_id, quantity, unit_price, discount) VALUES (NULL, 870, 49, 3, 182.58, 5);
INSERT INTO Order_Items (order_item_id, order_id, product_id, quantity, unit_price, discount) VALUES (NULL, 870, 2, 1, 226.26, 10);
INSERT INTO Payments (payment_id, order_id, payment_date, payment_method, amount, currency) VALUES (NULL, 870, '2025-02-08 04:06:54.603936', 'PayPal', 2665.1, 'USD');
INSERT INTO Shipping (shipping_id, order_id, carrier, tracking_number, ship_date, delivery_date, status) VALUES (NULL, 870, 'DHL', 'TRK000870', '2025-05-29', '2025-02-06', 'Delivered');
INSERT INTO Orders (order_id, customer_id, order_date, status, shipping_address, total_amount) VALUES (871, 88, '2025-03-28 14:57:03.651331', 'Shipped', 'USNV Wilson FPO AP 14544', 2122.38);
INSERT INTO Order_Items (order_item_id, order_id, product_id, quantity, unit_price, discount) VALUES (NULL, 871, 14, 3, 244.78, 10);
INSERT INTO Order_Items (order_item_id, order_id, product_id, quantity, unit_price, discount) VALUES (NULL, 871, 29, 3, 488.26, 5);
INSERT INTO Payments (payment_id, order_id, payment_date, payment_method, amount, currency) VALUES (NULL, 871, '2025-07-21 10:32:21.512712', 'Debit Card', 2122.38, 'USD');
INSERT INTO Shipping (shipping_id, order_id, carrier, tracking_number, ship_date, delivery_date, status) VALUES (NULL, 871, 'DHL', 'TRK000871', '2025-06-19', '2025-04-07', 'Delivered');
INSERT INTO Orders (order_id, customer_id, order_date, status, shipping_address, total_amount) VALUES (872, 36, '2025-04-03 17:44:19.182135', 'Shipped', '06325 James Glens Hallbury, AL 43675', 748.56);
INSERT INTO Order_Items (order_item_id, order_id, product_id, quantity, unit_price, discount) VALUES (NULL, 872, 49, 1, 284.72, 0);
INSERT INTO Order_Items (order_item_id, order_id, product_id, quantity, unit_price, discount) VALUES (NULL, 872, 3, 1, 271.73, 5);
INSERT INTO Order_Items (order_item_id, order_id, product_id, quantity, unit_price, discount) VALUES (NULL, 872, 30, 3, 438.88, 0);
INSERT INTO Order_Items (order_item_id, order_id, product_id, quantity, unit_price, discount) VALUES (NULL, 872, 8, 1, 103.2, 0);
INSERT INTO Order_Items (order_item_id, order_id, product_id, quantity, unit_price, discount) VALUES (NULL, 872, 14, 1, 350.76, 15);
INSERT INTO Payments (payment_id, order_id, payment_date, payment_method, amount, currency) VALUES (NULL, 872, '2025-04-07 20:30:44.399833', 'PayPal', 748.56, 'USD');
INSERT INTO Shipping (shipping_id, order_id, carrier, tracking_number, ship_date, delivery_date, status) VALUES (NULL, 872, 'UPS', 'TRK000872', '2025-08-09', '2025-06-04', 'Delivered');
INSERT INTO Orders (order_id, customer_id, order_date, status, shipping_address, total_amount) VALUES (873, 26, '2025-08-03 16:56:22.339465', 'Shipped', 'PSC 5225, Box 6476 APO AP 94664', 2790.17);
INSERT INTO Order_Items (order_item_id, order_id, product_id, quantity, unit_price, discount) VALUES (NULL, 873, 22, 1, 485.57, 5);
INSERT INTO Payments (payment_id, order_id, payment_date, payment_method, amount, currency) VALUES (NULL, 873, '2025-07-17 15:48:18.274469', 'Credit Card', 2790.17, 'USD');
INSERT INTO Shipping (shipping_id, order_id, carrier, tracking_number, ship_date, delivery_date, status) VALUES (NULL, 873, 'FedEx', 'TRK000873', '2025-03-15', '2025-03-15', 'Delivered');
INSERT INTO Orders (order_id, customer_id, order_date, status, shipping_address, total_amount) VALUES (874, 81, '2025-02-19 10:12:06.896888', 'Shipped', '7976 Heather Fort Suite 293 East John, MN 95565', 1688.66);
INSERT INTO Order_Items (order_item_id, order_id, product_id, quantity, unit_price, discount) VALUES (NULL, 874, 6, 3, 194.32, 15);
INSERT INTO Order_Items (order_item_id, order_id, product_id, quantity, unit_price, discount) VALUES (NULL, 874, 16, 1, 148.18, 0);
INSERT INTO Payments (payment_id, order_id, payment_date, payment_method, amount, currency) VALUES (NULL, 874, '2025-08-11 11:51:58.003734', 'PayPal', 1688.66, 'USD');
INSERT INTO Shipping (shipping_id, order_id, carrier, tracking_number, ship_date, delivery_date, status) VALUES (NULL, 874, 'FedEx', 'TRK000874', '2025-04-15', '2025-04-01', 'Delivered');
INSERT INTO Orders (order_id, customer_id, order_date, status, shipping_address, total_amount) VALUES (875, 7, '2025-07-27 01:24:50.445492', 'Shipped', '3267 Kathryn Bypass Suite 300 Evansborough, OR 33967', 360.25);
INSERT INTO Order_Items (order_item_id, order_id, product_id, quantity, unit_price, discount) VALUES (NULL, 875, 42, 2, 11.82, 5);
INSERT INTO Order_Items (order_item_id, order_id, product_id, quantity, unit_price, discount) VALUES (NULL, 875, 14, 2, 145.5, 15);
INSERT INTO Order_Items (order_item_id, order_id, product_id, quantity, unit_price, discount) VALUES (NULL, 875, 50, 2, 197.17, 10);
INSERT INTO Order_Items (order_item_id, order_id, product_id, quantity, unit_price, discount) VALUES (NULL, 875, 50, 1, 175.39, 15);
INSERT INTO Payments (payment_id, order_id, payment_date, payment_method, amount, currency) VALUES (NULL, 875, '2025-07-21 04:41:55.824138', 'Debit Card', 360.25, 'USD');
INSERT INTO Shipping (shipping_id, order_id, carrier, tracking_number, ship_date, delivery_date, status) VALUES (NULL, 875, 'FedEx', 'TRK000875', '2025-01-04', '2025-08-11', 'Delivered');
INSERT INTO Orders (order_id, customer_id, order_date, status, shipping_address, total_amount) VALUES (876, 80, '2025-05-17 07:25:18.027762', 'Shipped', '840 David Well Apt. 983 Lake Sara, AS 32609', 1878.32);
INSERT INTO Order_Items (order_item_id, order_id, product_id, quantity, unit_price, discount) VALUES (NULL, 876, 17, 2, 250.76, 10);
INSERT INTO Payments (payment_id, order_id, payment_date, payment_method, amount, currency) VALUES (NULL, 876, '2025-04-13 08:54:55.996428', 'Debit Card', 1878.32, 'USD');
INSERT INTO Shipping (shipping_id, order_id, carrier, tracking_number, ship_date, delivery_date, status) VALUES (NULL, 876, 'DHL', 'TRK000876', '2025-04-24', '2025-06-16', 'Delivered');
INSERT INTO Orders (order_id, customer_id, order_date, status, shipping_address, total_amount) VALUES (877, 42, '2025-04-22 15:30:54.469415', 'Shipped', '424 Derek Isle Pierceside, IN 54474', 47.55);
INSERT INTO Order_Items (order_item_id, order_id, product_id, quantity, unit_price, discount) VALUES (NULL, 877, 37, 1, 124.31, 10);
INSERT INTO Order_Items (order_item_id, order_id, product_id, quantity, unit_price, discount) VALUES (NULL, 877, 48, 2, 255.09, 15);
INSERT INTO Payments (payment_id, order_id, payment_date, payment_method, amount, currency) VALUES (NULL, 877, '2025-07-21 20:22:49.915660', 'Credit Card', 47.55, 'USD');
INSERT INTO Shipping (shipping_id, order_id, carrier, tracking_number, ship_date, delivery_date, status) VALUES (NULL, 877, 'FedEx', 'TRK000877', '2025-04-13', '2025-03-07', 'Delivered');
INSERT INTO Orders (order_id, customer_id, order_date, status, shipping_address, total_amount) VALUES (878, 189, '2025-08-29 19:41:49.669321', 'Shipped', '2516 Derek Viaduct Suite 693 South Andrew, WA 07870', 1050.35);
INSERT INTO Order_Items (order_item_id, order_id, product_id, quantity, unit_price, discount) VALUES (NULL, 878, 32, 1, 441.49, 10);
INSERT INTO Order_Items (order_item_id, order_id, product_id, quantity, unit_price, discount) VALUES (NULL, 878, 43, 2, 260.2, 5);
INSERT INTO Order_Items (order_item_id, order_id, product_id, quantity, unit_price, discount) VALUES (NULL, 878, 8, 1, 432.89, 5);
INSERT INTO Order_Items (order_item_id, order_id, product_id, quantity, unit_price, discount) VALUES (NULL, 878, 42, 2, 329.35, 0);
INSERT INTO Order_Items (order_item_id, order_id, product_id, quantity, unit_price, discount) VALUES (NULL, 878, 40, 2, 243.56, 10);
INSERT INTO Payments (payment_id, order_id, payment_date, payment_method, amount, currency) VALUES (NULL, 878, '2025-05-11 10:26:43.186087', 'Debit Card', 1050.35, 'USD');
INSERT INTO Shipping (shipping_id, order_id, carrier, tracking_number, ship_date, delivery_date, status) VALUES (NULL, 878, 'UPS', 'TRK000878', '2025-01-28', '2025-05-02', 'Delivered');
INSERT INTO Orders (order_id, customer_id, order_date, status, shipping_address, total_amount) VALUES (879, 12, '2025-01-31 17:09:10.576926', 'Shipped', '4347 Matthew Extension Apt. 991 Mossberg, GA 75688', 2850.46);
INSERT INTO Order_Items (order_item_id, order_id, product_id, quantity, unit_price, discount) VALUES (NULL, 879, 40, 2, 460.57, 10);
INSERT INTO Order_Items (order_item_id, order_id, product_id, quantity, unit_price, discount) VALUES (NULL, 879, 48, 2, 251.13, 0);
INSERT INTO Payments (payment_id, order_id, payment_date, payment_method, amount, currency) VALUES (NULL, 879, '2025-01-21 12:13:02.350280', 'Credit Card', 2850.46, 'USD');
INSERT INTO Shipping (shipping_id, order_id, carrier, tracking_number, ship_date, delivery_date, status) VALUES (NULL, 879, 'DHL', 'TRK000879', '2025-06-02', '2025-08-19', 'Delivered');
INSERT INTO Orders (order_id, customer_id, order_date, status, shipping_address, total_amount) VALUES (880, 136, '2025-03-28 00:45:23.400814', 'Shipped', '10033 Margaret Trafficway Apt. 473 West Angelachester, TN 77162', 1018.95);
INSERT INTO Order_Items (order_item_id, order_id, product_id, quantity, unit_price, discount) VALUES (NULL, 880, 22, 3, 423.25, 5);
INSERT INTO Order_Items (order_item_id, order_id, product_id, quantity, unit_price, discount) VALUES (NULL, 880, 36, 2, 269.03, 10);
INSERT INTO Payments (payment_id, order_id, payment_date, payment_method, amount, currency) VALUES (NULL, 880, '2025-08-11 16:18:44.412596', 'PayPal', 1018.95, 'USD');
INSERT INTO Shipping (shipping_id, order_id, carrier, tracking_number, ship_date, delivery_date, status) VALUES (NULL, 880, 'DHL', 'TRK000880', '2025-04-14', '2025-01-27', 'Delivered');
INSERT INTO Orders (order_id, customer_id, order_date, status, shipping_address, total_amount) VALUES (881, 174, '2025-02-21 03:29:02.604114', 'Shipped', '56017 Hall Spur Apt. 205 New John, HI 28670', 1846.3);
INSERT INTO Order_Items (order_item_id, order_id, product_id, quantity, unit_price, discount) VALUES (NULL, 881, 16, 3, 296.44, 10);
INSERT INTO Order_Items (order_item_id, order_id, product_id, quantity, unit_price, discount) VALUES (NULL, 881, 2, 2, 29.79, 0);
INSERT INTO Payments (payment_id, order_id, payment_date, payment_method, amount, currency) VALUES (NULL, 881, '2025-06-26 06:05:55.658299', 'Debit Card', 1846.3, 'USD');
INSERT INTO Shipping (shipping_id, order_id, carrier, tracking_number, ship_date, delivery_date, status) VALUES (NULL, 881, 'UPS', 'TRK000881', '2025-03-22', '2025-04-03', 'Delivered');
INSERT INTO Orders (order_id, customer_id, order_date, status, shipping_address, total_amount) VALUES (882, 50, '2025-05-12 19:58:54.612931', 'Shipped', 'Unit 1833 Box 6228 DPO AP 73003', 2113.04);
INSERT INTO Order_Items (order_item_id, order_id, product_id, quantity, unit_price, discount) VALUES (NULL, 882, 45, 1, 450.67, 5);
INSERT INTO Order_Items (order_item_id, order_id, product_id, quantity, unit_price, discount) VALUES (NULL, 882, 33, 2, 172.38, 10);
INSERT INTO Order_Items (order_item_id, order_id, product_id, quantity, unit_price, discount) VALUES (NULL, 882, 1, 2, 199.19, 10);
INSERT INTO Order_Items (order_item_id, order_id, product_id, quantity, unit_price, discount) VALUES (NULL, 882, 35, 1, 33.83, 10);
INSERT INTO Order_Items (order_item_id, order_id, product_id, quantity, unit_price, discount) VALUES (NULL, 882, 43, 1, 325.07, 15);
INSERT INTO Payments (payment_id, order_id, payment_date, payment_method, amount, currency) VALUES (NULL, 882, '2025-03-13 04:39:17.819578', 'Debit Card', 2113.04, 'USD');
INSERT INTO Shipping (shipping_id, order_id, carrier, tracking_number, ship_date, delivery_date, status) VALUES (NULL, 882, 'FedEx', 'TRK000882', '2025-06-30', '2025-05-05', 'Delivered');
INSERT INTO Orders (order_id, customer_id, order_date, status, shipping_address, total_amount) VALUES (883, 133, '2025-07-20 23:48:14.202615', 'Shipped', '47063 Clements Extensions Yatesmouth, NV 68673', 2684.02);
INSERT INTO Order_Items (order_item_id, order_id, product_id, quantity, unit_price, discount) VALUES (NULL, 883, 16, 2, 290.49, 0);
INSERT INTO Order_Items (order_item_id, order_id, product_id, quantity, unit_price, discount) VALUES (NULL, 883, 27, 3, 480.13, 10);
INSERT INTO Order_Items (order_item_id, order_id, product_id, quantity, unit_price, discount) VALUES (NULL, 883, 22, 3, 143.28, 10);
INSERT INTO Payments (payment_id, order_id, payment_date, payment_method, amount, currency) VALUES (NULL, 883, '2025-02-15 20:32:45.306389', 'Debit Card', 2684.02, 'USD');
INSERT INTO Shipping (shipping_id, order_id, carrier, tracking_number, ship_date, delivery_date, status) VALUES (NULL, 883, 'UPS', 'TRK000883', '2025-06-22', '2025-03-19', 'Delivered');
INSERT INTO Orders (order_id, customer_id, order_date, status, shipping_address, total_amount) VALUES (884, 45, '2025-01-06 22:51:12.581135', 'Shipped', '35291 Pamela Causeway East Joshua, ID 57437', 1548.07);
INSERT INTO Order_Items (order_item_id, order_id, product_id, quantity, unit_price, discount) VALUES (NULL, 884, 36, 3, 135.44, 5);
INSERT INTO Order_Items (order_item_id, order_id, product_id, quantity, unit_price, discount) VALUES (NULL, 884, 21, 3, 427.37, 10);
INSERT INTO Payments (payment_id, order_id, payment_date, payment_method, amount, currency) VALUES (NULL, 884, '2025-07-09 11:55:47.045404', 'Credit Card', 1548.07, 'USD');
INSERT INTO Shipping (shipping_id, order_id, carrier, tracking_number, ship_date, delivery_date, status) VALUES (NULL, 884, 'FedEx', 'TRK000884', '2025-03-21', '2025-01-23', 'Delivered');
INSERT INTO Orders (order_id, customer_id, order_date, status, shipping_address, total_amount) VALUES (885, 137, '2025-04-08 05:44:02.764427', 'Shipped', '13808 Hernandez Views Suite 389 Stephenfurt, OR 34220', 1324.83);
INSERT INTO Order_Items (order_item_id, order_id, product_id, quantity, unit_price, discount) VALUES (NULL, 885, 16, 1, 142.55, 10);
INSERT INTO Order_Items (order_item_id, order_id, product_id, quantity, unit_price, discount) VALUES (NULL, 885, 27, 2, 403.47, 5);
INSERT INTO Order_Items (order_item_id, order_id, product_id, quantity, unit_price, discount) VALUES (NULL, 885, 33, 3, 209.82, 10);
INSERT INTO Order_Items (order_item_id, order_id, product_id, quantity, unit_price, discount) VALUES (NULL, 885, 4, 3, 437.21, 5);
INSERT INTO Order_Items (order_item_id, order_id, product_id, quantity, unit_price, discount) VALUES (NULL, 885, 35, 1, 12.6, 10);
INSERT INTO Payments (payment_id, order_id, payment_date, payment_method, amount, currency) VALUES (NULL, 885, '2025-07-24 21:20:11.399731', 'Debit Card', 1324.83, 'USD');
INSERT INTO Shipping (shipping_id, order_id, carrier, tracking_number, ship_date, delivery_date, status) VALUES (NULL, 885, 'UPS', 'TRK000885', '2025-07-22', '2025-01-21', 'Delivered');
INSERT INTO Orders (order_id, customer_id, order_date, status, shipping_address, total_amount) VALUES (886, 114, '2025-04-28 22:01:17.599653', 'Shipped', '832 Robert Islands Coleburgh, OH 85585', 347.26);
INSERT INTO Order_Items (order_item_id, order_id, product_id, quantity, unit_price, discount) VALUES (NULL, 886, 6, 2, 207.22, 0);
INSERT INTO Order_Items (order_item_id, order_id, product_id, quantity, unit_price, discount) VALUES (NULL, 886, 31, 2, 108.99, 0);
INSERT INTO Order_Items (order_item_id, order_id, product_id, quantity, unit_price, discount) VALUES (NULL, 886, 8, 2, 77.26, 10);
INSERT INTO Order_Items (order_item_id, order_id, product_id, quantity, unit_price, discount) VALUES (NULL, 886, 27, 2, 409.5, 5);
INSERT INTO Order_Items (order_item_id, order_id, product_id, quantity, unit_price, discount) VALUES (NULL, 886, 38, 2, 283.58, 15);
INSERT INTO Payments (payment_id, order_id, payment_date, payment_method, amount, currency) VALUES (NULL, 886, '2025-06-02 01:11:51.421430', 'Debit Card', 347.26, 'USD');
INSERT INTO Shipping (shipping_id, order_id, carrier, tracking_number, ship_date, delivery_date, status) VALUES (NULL, 886, 'UPS', 'TRK000886', '2025-06-24', '2025-03-06', 'Delivered');
INSERT INTO Orders (order_id, customer_id, order_date, status, shipping_address, total_amount) VALUES (887, 197, '2025-07-18 02:25:39.366916', 'Shipped', '4956 Angela Cape Apt. 774 Gordonton, CO 81844', 1930.9);
INSERT INTO Order_Items (order_item_id, order_id, product_id, quantity, unit_price, discount) VALUES (NULL, 887, 47, 1, 461.77, 0);
INSERT INTO Order_Items (order_item_id, order_id, product_id, quantity, unit_price, discount) VALUES (NULL, 887, 45, 3, 402.63, 5);
INSERT INTO Order_Items (order_item_id, order_id, product_id, quantity, unit_price, discount) VALUES (NULL, 887, 18, 2, 413.89, 5);
INSERT INTO Order_Items (order_item_id, order_id, product_id, quantity, unit_price, discount) VALUES (NULL, 887, 25, 3, 430.3, 5);
INSERT INTO Order_Items (order_item_id, order_id, product_id, quantity, unit_price, discount) VALUES (NULL, 887, 46, 2, 229.24, 15);
INSERT INTO Payments (payment_id, order_id, payment_date, payment_method, amount, currency) VALUES (NULL, 887, '2025-08-08 20:16:26.925919', 'Credit Card', 1930.9, 'USD');
INSERT INTO Shipping (shipping_id, order_id, carrier, tracking_number, ship_date, delivery_date, status) VALUES (NULL, 887, 'UPS', 'TRK000887', '2025-04-25', '2025-06-21', 'Delivered');
INSERT INTO Orders (order_id, customer_id, order_date, status, shipping_address, total_amount) VALUES (888, 75, '2025-03-21 04:41:29.889521', 'Shipped', '876 Brown Crest North Teresaside, IN 91937', 462.67);
INSERT INTO Order_Items (order_item_id, order_id, product_id, quantity, unit_price, discount) VALUES (NULL, 888, 9, 1, 112.86, 0);
INSERT INTO Order_Items (order_item_id, order_id, product_id, quantity, unit_price, discount) VALUES (NULL, 888, 22, 1, 273.12, 5);
INSERT INTO Payments (payment_id, order_id, payment_date, payment_method, amount, currency) VALUES (NULL, 888, '2025-07-18 02:42:09.774820', 'Debit Card', 462.67, 'USD');
INSERT INTO Shipping (shipping_id, order_id, carrier, tracking_number, ship_date, delivery_date, status) VALUES (NULL, 888, 'FedEx', 'TRK000888', '2025-06-10', '2025-05-02', 'Delivered');
INSERT INTO Orders (order_id, customer_id, order_date, status, shipping_address, total_amount) VALUES (889, 87, '2025-05-24 03:41:24.409251', 'Shipped', '25547 Mueller Land Suite 123 Mccalltown, MH 75804', 125.84);
INSERT INTO Order_Items (order_item_id, order_id, product_id, quantity, unit_price, discount) VALUES (NULL, 889, 26, 2, 447.85, 10);
INSERT INTO Order_Items (order_item_id, order_id, product_id, quantity, unit_price, discount) VALUES (NULL, 889, 35, 3, 445.97, 15);
INSERT INTO Order_Items (order_item_id, order_id, product_id, quantity, unit_price, discount) VALUES (NULL, 889, 23, 1, 366.62, 15);
INSERT INTO Order_Items (order_item_id, order_id, product_id, quantity, unit_price, discount) VALUES (NULL, 889, 2, 2, 307.46, 5);
INSERT INTO Order_Items (order_item_id, order_id, product_id, quantity, unit_price, discount) VALUES (NULL, 889, 20, 1, 110.66, 10);
INSERT INTO Payments (payment_id, order_id, payment_date, payment_method, amount, currency) VALUES (NULL, 889, '2025-07-07 14:25:51.252496', 'PayPal', 125.84, 'USD');
INSERT INTO Shipping (shipping_id, order_id, carrier, tracking_number, ship_date, delivery_date, status) VALUES (NULL, 889, 'FedEx', 'TRK000889', '2025-08-31', '2025-03-02', 'Delivered');
INSERT INTO Orders (order_id, customer_id, order_date, status, shipping_address, total_amount) VALUES (890, 100, '2025-07-16 18:17:53.673162', 'Shipped', '184 Foster Square Torrestown, MS 77158', 2056.79);
INSERT INTO Order_Items (order_item_id, order_id, product_id, quantity, unit_price, discount) VALUES (NULL, 890, 14, 3, 156.23, 0);
INSERT INTO Payments (payment_id, order_id, payment_date, payment_method, amount, currency) VALUES (NULL, 890, '2025-08-27 08:23:56.951431', 'Credit Card', 2056.79, 'USD');
INSERT INTO Shipping (shipping_id, order_id, carrier, tracking_number, ship_date, delivery_date, status) VALUES (NULL, 890, 'DHL', 'TRK000890', '2025-01-15', '2025-08-21', 'Delivered');
INSERT INTO Orders (order_id, customer_id, order_date, status, shipping_address, total_amount) VALUES (891, 67, '2025-05-12 15:02:04.041901', 'Shipped', '0359 Montoya River Suite 029 Annachester, FM 18183', 953.22);
INSERT INTO Order_Items (order_item_id, order_id, product_id, quantity, unit_price, discount) VALUES (NULL, 891, 47, 1, 229.97, 0);
INSERT INTO Order_Items (order_item_id, order_id, product_id, quantity, unit_price, discount) VALUES (NULL, 891, 46, 2, 61.55, 0);
INSERT INTO Order_Items (order_item_id, order_id, product_id, quantity, unit_price, discount) VALUES (NULL, 891, 41, 2, 110.29, 5);
INSERT INTO Order_Items (order_item_id, order_id, product_id, quantity, unit_price, discount) VALUES (NULL, 891, 9, 3, 192.45, 0);
INSERT INTO Order_Items (order_item_id, order_id, product_id, quantity, unit_price, discount) VALUES (NULL, 891, 34, 3, 95.64, 15);
INSERT INTO Payments (payment_id, order_id, payment_date, payment_method, amount, currency) VALUES (NULL, 891, '2025-04-27 21:39:21.927921', 'Debit Card', 953.22, 'USD');
INSERT INTO Shipping (shipping_id, order_id, carrier, tracking_number, ship_date, delivery_date, status) VALUES (NULL, 891, 'DHL', 'TRK000891', '2025-04-13', '2025-04-11', 'Delivered');
INSERT INTO Orders (order_id, customer_id, order_date, status, shipping_address, total_amount) VALUES (892, 196, '2025-01-10 14:02:17.962152', 'Shipped', '66019 Phillip Shoals Suite 441 South Elizabeth, PR 76842', 1037.55);
INSERT INTO Order_Items (order_item_id, order_id, product_id, quantity, unit_price, discount) VALUES (NULL, 892, 23, 2, 378.09, 15);
INSERT INTO Order_Items (order_item_id, order_id, product_id, quantity, unit_price, discount) VALUES (NULL, 892, 37, 1, 254.54, 10);
INSERT INTO Order_Items (order_item_id, order_id, product_id, quantity, unit_price, discount) VALUES (NULL, 892, 14, 1, 303.39, 15);
INSERT INTO Order_Items (order_item_id, order_id, product_id, quantity, unit_price, discount) VALUES (NULL, 892, 6, 1, 164.92, 0);
INSERT INTO Order_Items (order_item_id, order_id, product_id, quantity, unit_price, discount) VALUES (NULL, 892, 39, 1, 248.93, 10);
INSERT INTO Payments (payment_id, order_id, payment_date, payment_method, amount, currency) VALUES (NULL, 892, '2025-06-08 17:56:17.129047', 'Debit Card', 1037.55, 'USD');
INSERT INTO Shipping (shipping_id, order_id, carrier, tracking_number, ship_date, delivery_date, status) VALUES (NULL, 892, 'UPS', 'TRK000892', '2025-07-19', '2025-07-15', 'Delivered');
INSERT INTO Orders (order_id, customer_id, order_date, status, shipping_address, total_amount) VALUES (893, 49, '2025-07-08 13:08:10.459998', 'Shipped', '6371 Morgan Summit Suite 501 Zoechester, WA 27346', 695.51);
INSERT INTO Order_Items (order_item_id, order_id, product_id, quantity, unit_price, discount) VALUES (NULL, 893, 37, 3, 214.85, 10);
INSERT INTO Order_Items (order_item_id, order_id, product_id, quantity, unit_price, discount) VALUES (NULL, 893, 30, 1, 426.13, 10);
INSERT INTO Order_Items (order_item_id, order_id, product_id, quantity, unit_price, discount) VALUES (NULL, 893, 30, 1, 133.75, 10);
INSERT INTO Payments (payment_id, order_id, payment_date, payment_method, amount, currency) VALUES (NULL, 893, '2025-05-10 16:30:36.394291', 'Debit Card', 695.51, 'USD');
INSERT INTO Shipping (shipping_id, order_id, carrier, tracking_number, ship_date, delivery_date, status) VALUES (NULL, 893, 'DHL', 'TRK000893', '2025-08-20', '2025-07-31', 'Delivered');
INSERT INTO Orders (order_id, customer_id, order_date, status, shipping_address, total_amount) VALUES (894, 77, '2025-06-02 07:57:23.587537', 'Shipped', '81887 Roberto Pines Suite 920 Stewarttown, AS 87779', 2074.73);
INSERT INTO Order_Items (order_item_id, order_id, product_id, quantity, unit_price, discount) VALUES (NULL, 894, 21, 2, 245.8, 5);
INSERT INTO Order_Items (order_item_id, order_id, product_id, quantity, unit_price, discount) VALUES (NULL, 894, 13, 3, 291.13, 15);
INSERT INTO Payments (payment_id, order_id, payment_date, payment_method, amount, currency) VALUES (NULL, 894, '2025-04-16 13:12:42.901893', 'Debit Card', 2074.73, 'USD');
INSERT INTO Shipping (shipping_id, order_id, carrier, tracking_number, ship_date, delivery_date, status) VALUES (NULL, 894, 'UPS', 'TRK000894', '2025-04-08', '2025-02-27', 'Delivered');
INSERT INTO Orders (order_id, customer_id, order_date, status, shipping_address, total_amount) VALUES (895, 75, '2025-05-10 17:36:30.641582', 'Shipped', '8442 Amy Islands Port Jameston, PR 76392', 484.51);
INSERT INTO Order_Items (order_item_id, order_id, product_id, quantity, unit_price, discount) VALUES (NULL, 895, 10, 3, 175.43, 15);
INSERT INTO Order_Items (order_item_id, order_id, product_id, quantity, unit_price, discount) VALUES (NULL, 895, 40, 2, 426.34, 10);
INSERT INTO Order_Items (order_item_id, order_id, product_id, quantity, unit_price, discount) VALUES (NULL, 895, 9, 1, 436.04, 0);
INSERT INTO Order_Items (order_item_id, order_id, product_id, quantity, unit_price, discount) VALUES (NULL, 895, 17, 2, 48.28, 0);
INSERT INTO Order_Items (order_item_id, order_id, product_id, quantity, unit_price, discount) VALUES (NULL, 895, 45, 2, 263.69, 0);
INSERT INTO Payments (payment_id, order_id, payment_date, payment_method, amount, currency) VALUES (NULL, 895, '2025-04-15 23:17:34.906505', 'Debit Card', 484.51, 'USD');
INSERT INTO Shipping (shipping_id, order_id, carrier, tracking_number, ship_date, delivery_date, status) VALUES (NULL, 895, 'UPS', 'TRK000895', '2025-06-18', '2025-05-29', 'Delivered');
INSERT INTO Orders (order_id, customer_id, order_date, status, shipping_address, total_amount) VALUES (896, 74, '2025-07-06 20:24:09.204568', 'Shipped', '51166 Brown Flat Suite 308 Laurenburgh, VA 33088', 2679.88);
INSERT INTO Order_Items (order_item_id, order_id, product_id, quantity, unit_price, discount) VALUES (NULL, 896, 33, 3, 114.25, 15);
INSERT INTO Order_Items (order_item_id, order_id, product_id, quantity, unit_price, discount) VALUES (NULL, 896, 26, 1, 268.81, 10);
INSERT INTO Order_Items (order_item_id, order_id, product_id, quantity, unit_price, discount) VALUES (NULL, 896, 26, 2, 104.05, 0);
INSERT INTO Payments (payment_id, order_id, payment_date, payment_method, amount, currency) VALUES (NULL, 896, '2025-01-01 17:24:58.484031', 'Credit Card', 2679.88, 'USD');
INSERT INTO Shipping (shipping_id, order_id, carrier, tracking_number, ship_date, delivery_date, status) VALUES (NULL, 896, 'UPS', 'TRK000896', '2025-03-23', '2025-01-04', 'Delivered');
INSERT INTO Orders (order_id, customer_id, order_date, status, shipping_address, total_amount) VALUES (897, 145, '2025-08-07 19:13:59.207439', 'Shipped', '57941 Denise Corners Bradleyshire, FM 71348', 761.11);
INSERT INTO Order_Items (order_item_id, order_id, product_id, quantity, unit_price, discount) VALUES (NULL, 897, 7, 3, 289.41, 10);
INSERT INTO Order_Items (order_item_id, order_id, product_id, quantity, unit_price, discount) VALUES (NULL, 897, 25, 2, 380.56, 0);
INSERT INTO Order_Items (order_item_id, order_id, product_id, quantity, unit_price, discount) VALUES (NULL, 897, 11, 3, 27.21, 0);
INSERT INTO Order_Items (order_item_id, order_id, product_id, quantity, unit_price, discount) VALUES (NULL, 897, 10, 1, 181.34, 15);
INSERT INTO Payments (payment_id, order_id, payment_date, payment_method, amount, currency) VALUES (NULL, 897, '2025-08-21 12:30:13.654332', 'PayPal', 761.11, 'USD');
INSERT INTO Shipping (shipping_id, order_id, carrier, tracking_number, ship_date, delivery_date, status) VALUES (NULL, 897, 'DHL', 'TRK000897', '2025-06-21', '2025-02-25', 'Delivered');
INSERT INTO Orders (order_id, customer_id, order_date, status, shipping_address, total_amount) VALUES (898, 168, '2025-05-19 01:26:02.120698', 'Shipped', '945 Christian Plains Suite 722 Hendricksborough, CT 48339', 124.68);
INSERT INTO Order_Items (order_item_id, order_id, product_id, quantity, unit_price, discount) VALUES (NULL, 898, 5, 1, 126.42, 0);
INSERT INTO Order_Items (order_item_id, order_id, product_id, quantity, unit_price, discount) VALUES (NULL, 898, 18, 2, 447.35, 15);
INSERT INTO Order_Items (order_item_id, order_id, product_id, quantity, unit_price, discount) VALUES (NULL, 898, 2, 1, 434.21, 5);
INSERT INTO Order_Items (order_item_id, order_id, product_id, quantity, unit_price, discount) VALUES (NULL, 898, 14, 1, 328.06, 15);
INSERT INTO Order_Items (order_item_id, order_id, product_id, quantity, unit_price, discount) VALUES (NULL, 898, 25, 3, 113.19, 10);
INSERT INTO Payments (payment_id, order_id, payment_date, payment_method, amount, currency) VALUES (NULL, 898, '2025-07-14 16:28:21.561032', 'PayPal', 124.68, 'USD');
INSERT INTO Shipping (shipping_id, order_id, carrier, tracking_number, ship_date, delivery_date, status) VALUES (NULL, 898, 'UPS', 'TRK000898', '2025-04-28', '2025-07-02', 'Delivered');
INSERT INTO Orders (order_id, customer_id, order_date, status, shipping_address, total_amount) VALUES (899, 73, '2025-04-17 01:17:17.872593', 'Shipped', '30869 Knight Spring Hessside, NM 45270', 2348.27);
INSERT INTO Order_Items (order_item_id, order_id, product_id, quantity, unit_price, discount) VALUES (NULL, 899, 41, 2, 34.69, 0);
INSERT INTO Payments (payment_id, order_id, payment_date, payment_method, amount, currency) VALUES (NULL, 899, '2025-06-08 22:06:14.910187', 'PayPal', 2348.27, 'USD');
INSERT INTO Shipping (shipping_id, order_id, carrier, tracking_number, ship_date, delivery_date, status) VALUES (NULL, 899, 'UPS', 'TRK000899', '2025-07-12', '2025-04-18', 'Delivered');
INSERT INTO Orders (order_id, customer_id, order_date, status, shipping_address, total_amount) VALUES (900, 15, '2025-07-16 10:04:06.894118', 'Shipped', '9258 Kenneth Inlet East Michellehaven, LA 36474', 1492.53);
INSERT INTO Order_Items (order_item_id, order_id, product_id, quantity, unit_price, discount) VALUES (NULL, 900, 19, 2, 473.41, 10);
INSERT INTO Payments (payment_id, order_id, payment_date, payment_method, amount, currency) VALUES (NULL, 900, '2025-07-05 11:32:19.868970', 'PayPal', 1492.53, 'USD');
INSERT INTO Shipping (shipping_id, order_id, carrier, tracking_number, ship_date, delivery_date, status) VALUES (NULL, 900, 'UPS', 'TRK000900', '2025-08-08', '2025-03-19', 'Delivered');
INSERT INTO Orders (order_id, customer_id, order_date, status, shipping_address, total_amount) VALUES (901, 79, '2025-06-03 08:45:32.621470', 'Shipped', '04258 Martinez Bridge Melissaport, PR 02730', 2556.17);
INSERT INTO Order_Items (order_item_id, order_id, product_id, quantity, unit_price, discount) VALUES (NULL, 901, 13, 2, 270.0, 10);
INSERT INTO Order_Items (order_item_id, order_id, product_id, quantity, unit_price, discount) VALUES (NULL, 901, 32, 2, 437.11, 0);
INSERT INTO Order_Items (order_item_id, order_id, product_id, quantity, unit_price, discount) VALUES (NULL, 901, 36, 1, 245.77, 0);
INSERT INTO Order_Items (order_item_id, order_id, product_id, quantity, unit_price, discount) VALUES (NULL, 901, 31, 2, 124.79, 10);
INSERT INTO Payments (payment_id, order_id, payment_date, payment_method, amount, currency) VALUES (NULL, 901, '2025-01-08 15:33:59.000634', 'PayPal', 2556.17, 'USD');
INSERT INTO Shipping (shipping_id, order_id, carrier, tracking_number, ship_date, delivery_date, status) VALUES (NULL, 901, 'DHL', 'TRK000901', '2025-05-09', '2025-03-31', 'Delivered');
INSERT INTO Orders (order_id, customer_id, order_date, status, shipping_address, total_amount) VALUES (902, 99, '2025-03-13 01:11:16.869590', 'Shipped', '24963 Jones Loaf Suite 942 Samanthaberg, ME 19727', 370.19);
INSERT INTO Order_Items (order_item_id, order_id, product_id, quantity, unit_price, discount) VALUES (NULL, 902, 46, 3, 307.07, 5);
INSERT INTO Order_Items (order_item_id, order_id, product_id, quantity, unit_price, discount) VALUES (NULL, 902, 8, 2, 432.63, 15);
INSERT INTO Payments (payment_id, order_id, payment_date, payment_method, amount, currency) VALUES (NULL, 902, '2025-06-16 13:47:07.747641', 'Credit Card', 370.19, 'USD');
INSERT INTO Shipping (shipping_id, order_id, carrier, tracking_number, ship_date, delivery_date, status) VALUES (NULL, 902, 'FedEx', 'TRK000902', '2025-02-10', '2025-06-02', 'Delivered');
INSERT INTO Orders (order_id, customer_id, order_date, status, shipping_address, total_amount) VALUES (903, 149, '2025-06-27 22:11:43.228988', 'Shipped', '7210 David Villages Jenniferland, OH 31763', 2812.02);
INSERT INTO Order_Items (order_item_id, order_id, product_id, quantity, unit_price, discount) VALUES (NULL, 903, 24, 3, 33.0, 0);
INSERT INTO Order_Items (order_item_id, order_id, product_id, quantity, unit_price, discount) VALUES (NULL, 903, 29, 3, 277.32, 10);
INSERT INTO Order_Items (order_item_id, order_id, product_id, quantity, unit_price, discount) VALUES (NULL, 903, 46, 2, 66.2, 10);
INSERT INTO Order_Items (order_item_id, order_id, product_id, quantity, unit_price, discount) VALUES (NULL, 903, 2, 3, 16.53, 10);
INSERT INTO Order_Items (order_item_id, order_id, product_id, quantity, unit_price, discount) VALUES (NULL, 903, 31, 1, 420.8, 0);
INSERT INTO Payments (payment_id, order_id, payment_date, payment_method, amount, currency) VALUES (NULL, 903, '2025-02-13 05:40:06.178555', 'Credit Card', 2812.02, 'USD');
INSERT INTO Shipping (shipping_id, order_id, carrier, tracking_number, ship_date, delivery_date, status) VALUES (NULL, 903, 'DHL', 'TRK000903', '2025-03-14', '2025-04-19', 'Delivered');
INSERT INTO Orders (order_id, customer_id, order_date, status, shipping_address, total_amount) VALUES (904, 128, '2025-08-25 02:13:41.910161', 'Shipped', '0332 Jeffrey Ford Martinberg, ND 95892', 2787.41);
INSERT INTO Order_Items (order_item_id, order_id, product_id, quantity, unit_price, discount) VALUES (NULL, 904, 19, 3, 88.27, 5);
INSERT INTO Payments (payment_id, order_id, payment_date, payment_method, amount, currency) VALUES (NULL, 904, '2025-06-26 03:21:52.867656', 'Credit Card', 2787.41, 'USD');
INSERT INTO Shipping (shipping_id, order_id, carrier, tracking_number, ship_date, delivery_date, status) VALUES (NULL, 904, 'DHL', 'TRK000904', '2025-06-29', '2025-07-22', 'Delivered');
INSERT INTO Orders (order_id, customer_id, order_date, status, shipping_address, total_amount) VALUES (905, 151, '2025-05-24 04:16:41.799771', 'Shipped', '98197 Ryan Mews Apt. 511 Samanthaview, DC 20747', 851.14);
INSERT INTO Order_Items (order_item_id, order_id, product_id, quantity, unit_price, discount) VALUES (NULL, 905, 39, 1, 291.51, 15);
INSERT INTO Order_Items (order_item_id, order_id, product_id, quantity, unit_price, discount) VALUES (NULL, 905, 48, 1, 461.35, 15);
INSERT INTO Order_Items (order_item_id, order_id, product_id, quantity, unit_price, discount) VALUES (NULL, 905, 34, 2, 374.73, 15);
INSERT INTO Payments (payment_id, order_id, payment_date, payment_method, amount, currency) VALUES (NULL, 905, '2025-04-04 23:58:35.336701', 'PayPal', 851.14, 'USD');
INSERT INTO Shipping (shipping_id, order_id, carrier, tracking_number, ship_date, delivery_date, status) VALUES (NULL, 905, 'UPS', 'TRK000905', '2025-06-02', '2025-02-15', 'Delivered');
INSERT INTO Orders (order_id, customer_id, order_date, status, shipping_address, total_amount) VALUES (906, 140, '2025-08-16 19:34:21.478036', 'Shipped', '1160 Steven Villages Grayberg, UT 79904', 194.35);
INSERT INTO Order_Items (order_item_id, order_id, product_id, quantity, unit_price, discount) VALUES (NULL, 906, 44, 2, 321.84, 5);
INSERT INTO Order_Items (order_item_id, order_id, product_id, quantity, unit_price, discount) VALUES (NULL, 906, 40, 3, 155.98, 5);
INSERT INTO Order_Items (order_item_id, order_id, product_id, quantity, unit_price, discount) VALUES (NULL, 906, 30, 1, 184.23, 15);
INSERT INTO Order_Items (order_item_id, order_id, product_id, quantity, unit_price, discount) VALUES (NULL, 906, 40, 2, 128.71, 10);
INSERT INTO Order_Items (order_item_id, order_id, product_id, quantity, unit_price, discount) VALUES (NULL, 906, 12, 3, 222.01, 0);
INSERT INTO Payments (payment_id, order_id, payment_date, payment_method, amount, currency) VALUES (NULL, 906, '2025-04-20 12:31:18.898248', 'PayPal', 194.35, 'USD');
INSERT INTO Shipping (shipping_id, order_id, carrier, tracking_number, ship_date, delivery_date, status) VALUES (NULL, 906, 'DHL', 'TRK000906', '2025-07-10', '2025-04-17', 'Delivered');
INSERT INTO Orders (order_id, customer_id, order_date, status, shipping_address, total_amount) VALUES (907, 103, '2025-02-10 04:58:52.826849', 'Shipped', '29197 Love Oval Alexanderview, CO 27461', 2626.16);
INSERT INTO Order_Items (order_item_id, order_id, product_id, quantity, unit_price, discount) VALUES (NULL, 907, 16, 2, 317.77, 15);
INSERT INTO Order_Items (order_item_id, order_id, product_id, quantity, unit_price, discount) VALUES (NULL, 907, 49, 3, 471.33, 0);
INSERT INTO Order_Items (order_item_id, order_id, product_id, quantity, unit_price, discount) VALUES (NULL, 907, 2, 3, 386.12, 10);
INSERT INTO Order_Items (order_item_id, order_id, product_id, quantity, unit_price, discount) VALUES (NULL, 907, 34, 2, 116.75, 5);
INSERT INTO Order_Items (order_item_id, order_id, product_id, quantity, unit_price, discount) VALUES (NULL, 907, 45, 3, 294.11, 10);
INSERT INTO Payments (payment_id, order_id, payment_date, payment_method, amount, currency) VALUES (NULL, 907, '2025-06-03 16:07:27.017573', 'Debit Card', 2626.16, 'USD');
INSERT INTO Shipping (shipping_id, order_id, carrier, tracking_number, ship_date, delivery_date, status) VALUES (NULL, 907, 'DHL', 'TRK000907', '2025-03-16', '2025-05-15', 'Delivered');
INSERT INTO Orders (order_id, customer_id, order_date, status, shipping_address, total_amount) VALUES (908, 97, '2025-02-12 21:33:55.016396', 'Shipped', '838 John Keys Apt. 189 North Michaelland, KY 87381', 347.74);
INSERT INTO Order_Items (order_item_id, order_id, product_id, quantity, unit_price, discount) VALUES (NULL, 908, 1, 1, 223.96, 15);
INSERT INTO Order_Items (order_item_id, order_id, product_id, quantity, unit_price, discount) VALUES (NULL, 908, 33, 2, 242.61, 15);
INSERT INTO Payments (payment_id, order_id, payment_date, payment_method, amount, currency) VALUES (NULL, 908, '2025-08-13 04:15:28.481578', 'Credit Card', 347.74, 'USD');
INSERT INTO Shipping (shipping_id, order_id, carrier, tracking_number, ship_date, delivery_date, status) VALUES (NULL, 908, 'DHL', 'TRK000908', '2025-03-07', '2025-05-08', 'Delivered');
INSERT INTO Orders (order_id, customer_id, order_date, status, shipping_address, total_amount) VALUES (909, 117, '2025-07-27 19:56:30.953340', 'Shipped', 'Unit 5464 Box 2775 DPO AE 40066', 144.97);
INSERT INTO Order_Items (order_item_id, order_id, product_id, quantity, unit_price, discount) VALUES (NULL, 909, 43, 2, 282.53, 5);
INSERT INTO Order_Items (order_item_id, order_id, product_id, quantity, unit_price, discount) VALUES (NULL, 909, 27, 2, 188.74, 5);
INSERT INTO Order_Items (order_item_id, order_id, product_id, quantity, unit_price, discount) VALUES (NULL, 909, 1, 1, 488.48, 5);
INSERT INTO Order_Items (order_item_id, order_id, product_id, quantity, unit_price, discount) VALUES (NULL, 909, 40, 1, 242.84, 5);
INSERT INTO Order_Items (order_item_id, order_id, product_id, quantity, unit_price, discount) VALUES (NULL, 909, 43, 1, 143.46, 15);
INSERT INTO Payments (payment_id, order_id, payment_date, payment_method, amount, currency) VALUES (NULL, 909, '2025-06-18 17:22:35.695211', 'PayPal', 144.97, 'USD');
INSERT INTO Shipping (shipping_id, order_id, carrier, tracking_number, ship_date, delivery_date, status) VALUES (NULL, 909, 'FedEx', 'TRK000909', '2025-02-12', '2025-07-21', 'Delivered');
INSERT INTO Orders (order_id, customer_id, order_date, status, shipping_address, total_amount) VALUES (910, 142, '2025-04-29 23:18:10.245520', 'Shipped', '20841 Sarah Rue Cervanteschester, KS 74866', 2223.68);
INSERT INTO Order_Items (order_item_id, order_id, product_id, quantity, unit_price, discount) VALUES (NULL, 910, 26, 1, 383.86, 15);
INSERT INTO Order_Items (order_item_id, order_id, product_id, quantity, unit_price, discount) VALUES (NULL, 910, 18, 2, 474.71, 0);
INSERT INTO Payments (payment_id, order_id, payment_date, payment_method, amount, currency) VALUES (NULL, 910, '2025-08-23 08:57:03.887263', 'PayPal', 2223.68, 'USD');
INSERT INTO Shipping (shipping_id, order_id, carrier, tracking_number, ship_date, delivery_date, status) VALUES (NULL, 910, 'DHL', 'TRK000910', '2025-08-17', '2025-01-05', 'Delivered');
INSERT INTO Orders (order_id, customer_id, order_date, status, shipping_address, total_amount) VALUES (911, 120, '2025-01-16 01:31:54.912293', 'Shipped', '746 Lisa Drives Suite 727 North Brandontown, GA 57856', 1291.7);
INSERT INTO Order_Items (order_item_id, order_id, product_id, quantity, unit_price, discount) VALUES (NULL, 911, 4, 2, 113.82, 0);
INSERT INTO Order_Items (order_item_id, order_id, product_id, quantity, unit_price, discount) VALUES (NULL, 911, 39, 1, 51.29, 15);
INSERT INTO Payments (payment_id, order_id, payment_date, payment_method, amount, currency) VALUES (NULL, 911, '2025-06-27 09:41:52.546901', 'PayPal', 1291.7, 'USD');
INSERT INTO Shipping (shipping_id, order_id, carrier, tracking_number, ship_date, delivery_date, status) VALUES (NULL, 911, 'DHL', 'TRK000911', '2025-03-30', '2025-07-20', 'Delivered');
INSERT INTO Orders (order_id, customer_id, order_date, status, shipping_address, total_amount) VALUES (912, 151, '2025-04-10 05:19:19.488542', 'Shipped', '95492 Bell Mountain Suite 175 Henrytown, OH 49131', 216.66);
INSERT INTO Order_Items (order_item_id, order_id, product_id, quantity, unit_price, discount) VALUES (NULL, 912, 6, 1, 153.98, 5);
INSERT INTO Payments (payment_id, order_id, payment_date, payment_method, amount, currency) VALUES (NULL, 912, '2025-08-04 16:52:04.862998', 'Debit Card', 216.66, 'USD');
INSERT INTO Shipping (shipping_id, order_id, carrier, tracking_number, ship_date, delivery_date, status) VALUES (NULL, 912, 'UPS', 'TRK000912', '2025-04-03', '2025-04-24', 'Delivered');
INSERT INTO Orders (order_id, customer_id, order_date, status, shipping_address, total_amount) VALUES (913, 133, '2025-01-22 01:42:27.826448', 'Shipped', '3730 White Drive Apt. 003 South James, OK 70897', 2467.1);
INSERT INTO Order_Items (order_item_id, order_id, product_id, quantity, unit_price, discount) VALUES (NULL, 913, 20, 3, 360.24, 15);
INSERT INTO Payments (payment_id, order_id, payment_date, payment_method, amount, currency) VALUES (NULL, 913, '2025-07-09 03:09:30.895414', 'Debit Card', 2467.1, 'USD');
INSERT INTO Shipping (shipping_id, order_id, carrier, tracking_number, ship_date, delivery_date, status) VALUES (NULL, 913, 'UPS', 'TRK000913', '2025-07-10', '2025-06-20', 'Delivered');
INSERT INTO Orders (order_id, customer_id, order_date, status, shipping_address, total_amount) VALUES (914, 3, '2025-07-13 14:06:14.971244', 'Shipped', '588 Brock Mills Apt. 418 Andradeton, NE 58492', 379.44);
INSERT INTO Order_Items (order_item_id, order_id, product_id, quantity, unit_price, discount) VALUES (NULL, 914, 49, 2, 383.82, 10);
INSERT INTO Order_Items (order_item_id, order_id, product_id, quantity, unit_price, discount) VALUES (NULL, 914, 31, 1, 90.09, 0);
INSERT INTO Payments (payment_id, order_id, payment_date, payment_method, amount, currency) VALUES (NULL, 914, '2025-03-07 00:16:59.046371', 'Credit Card', 379.44, 'USD');
INSERT INTO Shipping (shipping_id, order_id, carrier, tracking_number, ship_date, delivery_date, status) VALUES (NULL, 914, 'FedEx', 'TRK000914', '2025-05-21', '2025-06-09', 'Delivered');
INSERT INTO Orders (order_id, customer_id, order_date, status, shipping_address, total_amount) VALUES (915, 127, '2025-06-26 07:12:15.892590', 'Shipped', '59271 Bailey Curve Jenniferstad, CA 21482', 539.14);
INSERT INTO Order_Items (order_item_id, order_id, product_id, quantity, unit_price, discount) VALUES (NULL, 915, 42, 2, 237.74, 0);
INSERT INTO Order_Items (order_item_id, order_id, product_id, quantity, unit_price, discount) VALUES (NULL, 915, 45, 1, 254.44, 0);
INSERT INTO Payments (payment_id, order_id, payment_date, payment_method, amount, currency) VALUES (NULL, 915, '2025-05-23 00:58:22.428347', 'Credit Card', 539.14, 'USD');
INSERT INTO Shipping (shipping_id, order_id, carrier, tracking_number, ship_date, delivery_date, status) VALUES (NULL, 915, 'FedEx', 'TRK000915', '2025-06-24', '2025-02-01', 'Delivered');
INSERT INTO Orders (order_id, customer_id, order_date, status, shipping_address, total_amount) VALUES (916, 31, '2025-05-08 23:00:00.744849', 'Shipped', '28233 Susan Courts East Brendashire, MI 44564', 558.64);
INSERT INTO Order_Items (order_item_id, order_id, product_id, quantity, unit_price, discount) VALUES (NULL, 916, 36, 2, 334.47, 10);
INSERT INTO Order_Items (order_item_id, order_id, product_id, quantity, unit_price, discount) VALUES (NULL, 916, 17, 3, 385.73, 15);
INSERT INTO Order_Items (order_item_id, order_id, product_id, quantity, unit_price, discount) VALUES (NULL, 916, 34, 3, 478.79, 0);
INSERT INTO Order_Items (order_item_id, order_id, product_id, quantity, unit_price, discount) VALUES (NULL, 916, 45, 2, 296.13, 0);
INSERT INTO Payments (payment_id, order_id, payment_date, payment_method, amount, currency) VALUES (NULL, 916, '2025-07-14 19:05:53.253238', 'Debit Card', 558.64, 'USD');
INSERT INTO Shipping (shipping_id, order_id, carrier, tracking_number, ship_date, delivery_date, status) VALUES (NULL, 916, 'DHL', 'TRK000916', '2025-08-26', '2025-08-07', 'Delivered');
INSERT INTO Orders (order_id, customer_id, order_date, status, shipping_address, total_amount) VALUES (917, 4, '2025-01-17 04:09:33.818924', 'Shipped', '5950 Dennis Ridge Port Mitchellton, AK 94784', 204.12);
INSERT INTO Order_Items (order_item_id, order_id, product_id, quantity, unit_price, discount) VALUES (NULL, 917, 34, 3, 368.79, 0);
INSERT INTO Order_Items (order_item_id, order_id, product_id, quantity, unit_price, discount) VALUES (NULL, 917, 38, 2, 231.53, 10);
INSERT INTO Order_Items (order_item_id, order_id, product_id, quantity, unit_price, discount) VALUES (NULL, 917, 23, 2, 462.82, 0);
INSERT INTO Payments (payment_id, order_id, payment_date, payment_method, amount, currency) VALUES (NULL, 917, '2025-07-15 18:45:13.411344', 'Debit Card', 204.12, 'USD');
INSERT INTO Shipping (shipping_id, order_id, carrier, tracking_number, ship_date, delivery_date, status) VALUES (NULL, 917, 'FedEx', 'TRK000917', '2025-05-10', '2025-09-02', 'Delivered');
INSERT INTO Orders (order_id, customer_id, order_date, status, shipping_address, total_amount) VALUES (918, 196, '2025-03-28 07:23:27.667162', 'Shipped', '825 Hernandez Crescent West Erin, AS 80869', 2272.14);
INSERT INTO Order_Items (order_item_id, order_id, product_id, quantity, unit_price, discount) VALUES (NULL, 918, 36, 3, 150.95, 15);
INSERT INTO Order_Items (order_item_id, order_id, product_id, quantity, unit_price, discount) VALUES (NULL, 918, 13, 2, 180.98, 5);
INSERT INTO Order_Items (order_item_id, order_id, product_id, quantity, unit_price, discount) VALUES (NULL, 918, 32, 2, 381.2, 10);
INSERT INTO Payments (payment_id, order_id, payment_date, payment_method, amount, currency) VALUES (NULL, 918, '2025-01-25 21:14:27.711451', 'PayPal', 2272.14, 'USD');
INSERT INTO Shipping (shipping_id, order_id, carrier, tracking_number, ship_date, delivery_date, status) VALUES (NULL, 918, 'DHL', 'TRK000918', '2025-04-02', '2025-05-09', 'Delivered');
INSERT INTO Orders (order_id, customer_id, order_date, status, shipping_address, total_amount) VALUES (919, 53, '2025-03-10 11:56:40.462940', 'Shipped', 'USNS Jones FPO AP 72256', 1643.57);
INSERT INTO Order_Items (order_item_id, order_id, product_id, quantity, unit_price, discount) VALUES (NULL, 919, 8, 1, 373.68, 0);
INSERT INTO Payments (payment_id, order_id, payment_date, payment_method, amount, currency) VALUES (NULL, 919, '2025-07-11 10:02:14.284462', 'PayPal', 1643.57, 'USD');
INSERT INTO Shipping (shipping_id, order_id, carrier, tracking_number, ship_date, delivery_date, status) VALUES (NULL, 919, 'FedEx', 'TRK000919', '2025-07-04', '2025-03-13', 'Delivered');
INSERT INTO Orders (order_id, customer_id, order_date, status, shipping_address, total_amount) VALUES (920, 77, '2025-03-01 07:59:41.491575', 'Shipped', '568 Jennifer Trail Suite 575 Port Katieberg, NH 36522', 1441.47);
INSERT INTO Order_Items (order_item_id, order_id, product_id, quantity, unit_price, discount) VALUES (NULL, 920, 26, 1, 259.15, 5);
INSERT INTO Payments (payment_id, order_id, payment_date, payment_method, amount, currency) VALUES (NULL, 920, '2025-09-03 08:59:45.509106', 'Credit Card', 1441.47, 'USD');
INSERT INTO Shipping (shipping_id, order_id, carrier, tracking_number, ship_date, delivery_date, status) VALUES (NULL, 920, 'UPS', 'TRK000920', '2025-05-27', '2025-08-31', 'Delivered');
INSERT INTO Orders (order_id, customer_id, order_date, status, shipping_address, total_amount) VALUES (921, 120, '2025-03-20 16:41:15.223099', 'Shipped', '7900 Kenneth Harbor Apt. 677 Fernandezhaven, KS 69515', 328.08);
INSERT INTO Order_Items (order_item_id, order_id, product_id, quantity, unit_price, discount) VALUES (NULL, 921, 31, 1, 46.18, 10);
INSERT INTO Payments (payment_id, order_id, payment_date, payment_method, amount, currency) VALUES (NULL, 921, '2025-06-16 10:11:37.162531', 'PayPal', 328.08, 'USD');
INSERT INTO Shipping (shipping_id, order_id, carrier, tracking_number, ship_date, delivery_date, status) VALUES (NULL, 921, 'DHL', 'TRK000921', '2025-03-26', '2025-01-04', 'Delivered');
INSERT INTO Orders (order_id, customer_id, order_date, status, shipping_address, total_amount) VALUES (922, 133, '2025-06-09 00:18:35.949320', 'Shipped', '8477 Williams Island Suite 743 Walshview, VA 87490', 1027.26);
INSERT INTO Order_Items (order_item_id, order_id, product_id, quantity, unit_price, discount) VALUES (NULL, 922, 44, 3, 479.4, 15);
INSERT INTO Order_Items (order_item_id, order_id, product_id, quantity, unit_price, discount) VALUES (NULL, 922, 5, 2, 434.77, 0);
INSERT INTO Payments (payment_id, order_id, payment_date, payment_method, amount, currency) VALUES (NULL, 922, '2025-07-30 01:36:21.039737', 'Credit Card', 1027.26, 'USD');
INSERT INTO Shipping (shipping_id, order_id, carrier, tracking_number, ship_date, delivery_date, status) VALUES (NULL, 922, 'DHL', 'TRK000922', '2025-05-11', '2025-07-28', 'Delivered');
INSERT INTO Orders (order_id, customer_id, order_date, status, shipping_address, total_amount) VALUES (923, 17, '2025-04-02 05:12:12.740163', 'Shipped', '540 Devon Glens West Hailey, UT 23922', 1509.47);
INSERT INTO Order_Items (order_item_id, order_id, product_id, quantity, unit_price, discount) VALUES (NULL, 923, 45, 3, 228.46, 15);
INSERT INTO Payments (payment_id, order_id, payment_date, payment_method, amount, currency) VALUES (NULL, 923, '2025-07-14 17:01:21.798896', 'Debit Card', 1509.47, 'USD');
INSERT INTO Shipping (shipping_id, order_id, carrier, tracking_number, ship_date, delivery_date, status) VALUES (NULL, 923, 'DHL', 'TRK000923', '2025-03-12', '2025-05-26', 'Delivered');
INSERT INTO Orders (order_id, customer_id, order_date, status, shipping_address, total_amount) VALUES (924, 185, '2025-05-09 14:20:48.042663', 'Shipped', '94950 Miller Union Apt. 196 East Kelli, AS 29593', 2537.17);
INSERT INTO Order_Items (order_item_id, order_id, product_id, quantity, unit_price, discount) VALUES (NULL, 924, 17, 1, 464.08, 10);
INSERT INTO Order_Items (order_item_id, order_id, product_id, quantity, unit_price, discount) VALUES (NULL, 924, 19, 3, 272.22, 5);
INSERT INTO Order_Items (order_item_id, order_id, product_id, quantity, unit_price, discount) VALUES (NULL, 924, 2, 3, 465.45, 15);
INSERT INTO Order_Items (order_item_id, order_id, product_id, quantity, unit_price, discount) VALUES (NULL, 924, 16, 2, 341.91, 15);
INSERT INTO Payments (payment_id, order_id, payment_date, payment_method, amount, currency) VALUES (NULL, 924, '2025-05-27 10:27:08.870641', 'Debit Card', 2537.17, 'USD');
INSERT INTO Shipping (shipping_id, order_id, carrier, tracking_number, ship_date, delivery_date, status) VALUES (NULL, 924, 'UPS', 'TRK000924', '2025-02-24', '2025-03-27', 'Delivered');
INSERT INTO Orders (order_id, customer_id, order_date, status, shipping_address, total_amount) VALUES (925, 143, '2025-08-30 14:34:09.781919', 'Shipped', '5754 Barnes Row Suite 551 Sharonmouth, WV 05449', 518.67);
INSERT INTO Order_Items (order_item_id, order_id, product_id, quantity, unit_price, discount) VALUES (NULL, 925, 50, 1, 228.19, 15);
INSERT INTO Order_Items (order_item_id, order_id, product_id, quantity, unit_price, discount) VALUES (NULL, 925, 28, 3, 63.22, 0);
INSERT INTO Order_Items (order_item_id, order_id, product_id, quantity, unit_price, discount) VALUES (NULL, 925, 6, 2, 84.36, 10);
INSERT INTO Order_Items (order_item_id, order_id, product_id, quantity, unit_price, discount) VALUES (NULL, 925, 16, 1, 190.9, 15);
INSERT INTO Order_Items (order_item_id, order_id, product_id, quantity, unit_price, discount) VALUES (NULL, 925, 23, 1, 314.9, 5);
INSERT INTO Payments (payment_id, order_id, payment_date, payment_method, amount, currency) VALUES (NULL, 925, '2025-06-22 18:51:18.396941', 'PayPal', 518.67, 'USD');
INSERT INTO Shipping (shipping_id, order_id, carrier, tracking_number, ship_date, delivery_date, status) VALUES (NULL, 925, 'FedEx', 'TRK000925', '2025-03-20', '2025-07-25', 'Delivered');
INSERT INTO Orders (order_id, customer_id, order_date, status, shipping_address, total_amount) VALUES (926, 199, '2025-04-02 22:06:51.449378', 'Shipped', '622 Sullivan Ports Suite 690 Gomeztown, NE 28619', 1040.49);
INSERT INTO Order_Items (order_item_id, order_id, product_id, quantity, unit_price, discount) VALUES (NULL, 926, 28, 1, 209.65, 10);
INSERT INTO Order_Items (order_item_id, order_id, product_id, quantity, unit_price, discount) VALUES (NULL, 926, 14, 1, 462.31, 10);
INSERT INTO Order_Items (order_item_id, order_id, product_id, quantity, unit_price, discount) VALUES (NULL, 926, 38, 1, 473.78, 10);
INSERT INTO Payments (payment_id, order_id, payment_date, payment_method, amount, currency) VALUES (NULL, 926, '2025-07-18 12:33:41.586596', 'Credit Card', 1040.49, 'USD');
INSERT INTO Shipping (shipping_id, order_id, carrier, tracking_number, ship_date, delivery_date, status) VALUES (NULL, 926, 'UPS', 'TRK000926', '2025-05-02', '2025-03-03', 'Delivered');
INSERT INTO Orders (order_id, customer_id, order_date, status, shipping_address, total_amount) VALUES (927, 168, '2025-04-25 10:46:18.192344', 'Shipped', '800 Whitney Pines Suite 481 West Bethanyland, AL 17737', 2357.94);
INSERT INTO Order_Items (order_item_id, order_id, product_id, quantity, unit_price, discount) VALUES (NULL, 927, 45, 1, 164.72, 10);
INSERT INTO Payments (payment_id, order_id, payment_date, payment_method, amount, currency) VALUES (NULL, 927, '2025-07-15 01:03:09.108672', 'PayPal', 2357.94, 'USD');
INSERT INTO Shipping (shipping_id, order_id, carrier, tracking_number, ship_date, delivery_date, status) VALUES (NULL, 927, 'FedEx', 'TRK000927', '2025-07-21', '2025-01-31', 'Delivered');
INSERT INTO Orders (order_id, customer_id, order_date, status, shipping_address, total_amount) VALUES (928, 148, '2025-01-05 05:46:36.283291', 'Shipped', '832 Medina Groves Suite 334 South Shawnberg, KY 80908', 2142.93);
INSERT INTO Order_Items (order_item_id, order_id, product_id, quantity, unit_price, discount) VALUES (NULL, 928, 13, 2, 173.92, 5);
INSERT INTO Order_Items (order_item_id, order_id, product_id, quantity, unit_price, discount) VALUES (NULL, 928, 1, 1, 487.94, 0);
INSERT INTO Order_Items (order_item_id, order_id, product_id, quantity, unit_price, discount) VALUES (NULL, 928, 49, 1, 98.0, 15);
INSERT INTO Payments (payment_id, order_id, payment_date, payment_method, amount, currency) VALUES (NULL, 928, '2025-04-24 01:43:31.206418', 'Debit Card', 2142.93, 'USD');
INSERT INTO Shipping (shipping_id, order_id, carrier, tracking_number, ship_date, delivery_date, status) VALUES (NULL, 928, 'DHL', 'TRK000928', '2025-04-20', '2025-06-13', 'Delivered');
INSERT INTO Orders (order_id, customer_id, order_date, status, shipping_address, total_amount) VALUES (929, 129, '2025-08-26 11:50:03.525407', 'Shipped', 'PSC 0995, Box 7464 APO AP 69080', 2257.23);
INSERT INTO Order_Items (order_item_id, order_id, product_id, quantity, unit_price, discount) VALUES (NULL, 929, 8, 2, 63.4, 10);
INSERT INTO Order_Items (order_item_id, order_id, product_id, quantity, unit_price, discount) VALUES (NULL, 929, 21, 3, 468.89, 0);
INSERT INTO Order_Items (order_item_id, order_id, product_id, quantity, unit_price, discount) VALUES (NULL, 929, 38, 2, 248.43, 0);
INSERT INTO Order_Items (order_item_id, order_id, product_id, quantity, unit_price, discount) VALUES (NULL, 929, 11, 2, 230.23, 5);
INSERT INTO Order_Items (order_item_id, order_id, product_id, quantity, unit_price, discount) VALUES (NULL, 929, 28, 1, 134.02, 0);
INSERT INTO Payments (payment_id, order_id, payment_date, payment_method, amount, currency) VALUES (NULL, 929, '2025-02-23 06:57:25.397386', 'Debit Card', 2257.23, 'USD');
INSERT INTO Shipping (shipping_id, order_id, carrier, tracking_number, ship_date, delivery_date, status) VALUES (NULL, 929, 'UPS', 'TRK000929', '2025-05-01', '2025-06-02', 'Delivered');
INSERT INTO Orders (order_id, customer_id, order_date, status, shipping_address, total_amount) VALUES (930, 70, '2025-08-23 02:26:53.868697', 'Shipped', '9471 Garcia Ford Lake Bradley, MO 81116', 1165.14);
INSERT INTO Order_Items (order_item_id, order_id, product_id, quantity, unit_price, discount) VALUES (NULL, 930, 29, 3, 113.42, 5);
INSERT INTO Payments (payment_id, order_id, payment_date, payment_method, amount, currency) VALUES (NULL, 930, '2025-05-04 07:34:41.483218', 'Credit Card', 1165.14, 'USD');
INSERT INTO Shipping (shipping_id, order_id, carrier, tracking_number, ship_date, delivery_date, status) VALUES (NULL, 930, 'UPS', 'TRK000930', '2025-07-22', '2025-04-02', 'Delivered');
INSERT INTO Orders (order_id, customer_id, order_date, status, shipping_address, total_amount) VALUES (931, 173, '2025-08-25 16:45:28.424452', 'Shipped', '1921 Christopher Shores Lake Catherine, MH 36907', 145.03);
INSERT INTO Order_Items (order_item_id, order_id, product_id, quantity, unit_price, discount) VALUES (NULL, 931, 13, 3, 66.03, 5);
INSERT INTO Order_Items (order_item_id, order_id, product_id, quantity, unit_price, discount) VALUES (NULL, 931, 10, 1, 231.64, 15);
INSERT INTO Order_Items (order_item_id, order_id, product_id, quantity, unit_price, discount) VALUES (NULL, 931, 32, 2, 111.13, 10);
INSERT INTO Order_Items (order_item_id, order_id, product_id, quantity, unit_price, discount) VALUES (NULL, 931, 8, 1, 138.02, 10);
INSERT INTO Payments (payment_id, order_id, payment_date, payment_method, amount, currency) VALUES (NULL, 931, '2025-06-13 14:19:58.290405', 'Debit Card', 145.03, 'USD');
INSERT INTO Shipping (shipping_id, order_id, carrier, tracking_number, ship_date, delivery_date, status) VALUES (NULL, 931, 'UPS', 'TRK000931', '2025-08-14', '2025-06-14', 'Delivered');
INSERT INTO Orders (order_id, customer_id, order_date, status, shipping_address, total_amount) VALUES (932, 1, '2025-01-10 06:38:31.034168', 'Shipped', '0075 Raymond Ferry Martinstad, HI 97890', 1798.7);
INSERT INTO Order_Items (order_item_id, order_id, product_id, quantity, unit_price, discount) VALUES (NULL, 932, 27, 1, 107.43, 5);
INSERT INTO Order_Items (order_item_id, order_id, product_id, quantity, unit_price, discount) VALUES (NULL, 932, 13, 1, 78.42, 10);
INSERT INTO Order_Items (order_item_id, order_id, product_id, quantity, unit_price, discount) VALUES (NULL, 932, 40, 3, 495.33, 0);
INSERT INTO Order_Items (order_item_id, order_id, product_id, quantity, unit_price, discount) VALUES (NULL, 932, 44, 3, 428.42, 10);
INSERT INTO Order_Items (order_item_id, order_id, product_id, quantity, unit_price, discount) VALUES (NULL, 932, 46, 3, 15.35, 10);
INSERT INTO Payments (payment_id, order_id, payment_date, payment_method, amount, currency) VALUES (NULL, 932, '2025-03-23 07:04:32.948168', 'Credit Card', 1798.7, 'USD');
INSERT INTO Shipping (shipping_id, order_id, carrier, tracking_number, ship_date, delivery_date, status) VALUES (NULL, 932, 'UPS', 'TRK000932', '2025-07-31', '2025-05-04', 'Delivered');
INSERT INTO Orders (order_id, customer_id, order_date, status, shipping_address, total_amount) VALUES (933, 11, '2025-08-12 04:02:39.044332', 'Shipped', '68381 Kelly Ramp South Dalton, AS 56139', 569.38);
INSERT INTO Order_Items (order_item_id, order_id, product_id, quantity, unit_price, discount) VALUES (NULL, 933, 21, 2, 371.91, 15);
INSERT INTO Order_Items (order_item_id, order_id, product_id, quantity, unit_price, discount) VALUES (NULL, 933, 38, 2, 120.01, 10);
INSERT INTO Payments (payment_id, order_id, payment_date, payment_method, amount, currency) VALUES (NULL, 933, '2025-04-05 17:44:03.711493', 'Debit Card', 569.38, 'USD');
INSERT INTO Shipping (shipping_id, order_id, carrier, tracking_number, ship_date, delivery_date, status) VALUES (NULL, 933, 'DHL', 'TRK000933', '2025-07-18', '2025-01-19', 'Delivered');
INSERT INTO Orders (order_id, customer_id, order_date, status, shipping_address, total_amount) VALUES (934, 192, '2025-07-18 13:13:46.603479', 'Shipped', '754 Wagner Passage Apt. 375 Lake Margaret, ME 71900', 1087.65);
INSERT INTO Order_Items (order_item_id, order_id, product_id, quantity, unit_price, discount) VALUES (NULL, 934, 5, 3, 299.7, 15);
INSERT INTO Order_Items (order_item_id, order_id, product_id, quantity, unit_price, discount) VALUES (NULL, 934, 17, 3, 411.92, 0);
INSERT INTO Order_Items (order_item_id, order_id, product_id, quantity, unit_price, discount) VALUES (NULL, 934, 31, 2, 346.09, 10);
INSERT INTO Order_Items (order_item_id, order_id, product_id, quantity, unit_price, discount) VALUES (NULL, 934, 44, 3, 66.82, 0);
INSERT INTO Payments (payment_id, order_id, payment_date, payment_method, amount, currency) VALUES (NULL, 934, '2025-05-02 01:33:53.471246', 'Debit Card', 1087.65, 'USD');
INSERT INTO Shipping (shipping_id, order_id, carrier, tracking_number, ship_date, delivery_date, status) VALUES (NULL, 934, 'FedEx', 'TRK000934', '2025-04-08', '2025-04-23', 'Delivered');
INSERT INTO Orders (order_id, customer_id, order_date, status, shipping_address, total_amount) VALUES (935, 191, '2025-06-28 16:17:01.603181', 'Shipped', '8339 Mata Knolls New Anna, WY 02940', 2660.27);
INSERT INTO Order_Items (order_item_id, order_id, product_id, quantity, unit_price, discount) VALUES (NULL, 935, 4, 1, 196.1, 10);
INSERT INTO Payments (payment_id, order_id, payment_date, payment_method, amount, currency) VALUES (NULL, 935, '2025-04-17 18:29:52.266909', 'Debit Card', 2660.27, 'USD');
INSERT INTO Shipping (shipping_id, order_id, carrier, tracking_number, ship_date, delivery_date, status) VALUES (NULL, 935, 'UPS', 'TRK000935', '2025-05-08', '2025-06-04', 'Delivered');
INSERT INTO Orders (order_id, customer_id, order_date, status, shipping_address, total_amount) VALUES (936, 15, '2025-08-07 22:34:45.935322', 'Shipped', '38125 Daniel Mission North Michellefurt, PW 12834', 592.92);
INSERT INTO Order_Items (order_item_id, order_id, product_id, quantity, unit_price, discount) VALUES (NULL, 936, 6, 2, 226.83, 15);
INSERT INTO Order_Items (order_item_id, order_id, product_id, quantity, unit_price, discount) VALUES (NULL, 936, 36, 2, 366.81, 15);
INSERT INTO Payments (payment_id, order_id, payment_date, payment_method, amount, currency) VALUES (NULL, 936, '2025-07-25 07:08:51.996972', 'PayPal', 592.92, 'USD');
INSERT INTO Shipping (shipping_id, order_id, carrier, tracking_number, ship_date, delivery_date, status) VALUES (NULL, 936, 'DHL', 'TRK000936', '2025-06-20', '2025-01-12', 'Delivered');
INSERT INTO Orders (order_id, customer_id, order_date, status, shipping_address, total_amount) VALUES (937, 65, '2025-01-26 04:20:46.384652', 'Shipped', '5153 Brown Harbors Kelseytown, TX 29678', 915.67);
INSERT INTO Order_Items (order_item_id, order_id, product_id, quantity, unit_price, discount) VALUES (NULL, 937, 23, 2, 225.58, 5);
INSERT INTO Order_Items (order_item_id, order_id, product_id, quantity, unit_price, discount) VALUES (NULL, 937, 19, 2, 318.32, 0);
INSERT INTO Order_Items (order_item_id, order_id, product_id, quantity, unit_price, discount) VALUES (NULL, 937, 20, 2, 312.46, 0);
INSERT INTO Payments (payment_id, order_id, payment_date, payment_method, amount, currency) VALUES (NULL, 937, '2025-04-04 18:38:36.101622', 'PayPal', 915.67, 'USD');
INSERT INTO Shipping (shipping_id, order_id, carrier, tracking_number, ship_date, delivery_date, status) VALUES (NULL, 937, 'FedEx', 'TRK000937', '2025-08-11', '2025-06-02', 'Delivered');
INSERT INTO Orders (order_id, customer_id, order_date, status, shipping_address, total_amount) VALUES (938, 164, '2025-06-13 06:06:00.190597', 'Shipped', '339 Betty Pike Andrewborough, DE 03637', 91.82);
INSERT INTO Order_Items (order_item_id, order_id, product_id, quantity, unit_price, discount) VALUES (NULL, 938, 11, 2, 398.25, 10);
INSERT INTO Order_Items (order_item_id, order_id, product_id, quantity, unit_price, discount) VALUES (NULL, 938, 24, 2, 147.37, 15);
INSERT INTO Order_Items (order_item_id, order_id, product_id, quantity, unit_price, discount) VALUES (NULL, 938, 3, 1, 69.51, 0);
INSERT INTO Order_Items (order_item_id, order_id, product_id, quantity, unit_price, discount) VALUES (NULL, 938, 13, 2, 357.85, 10);
INSERT INTO Payments (payment_id, order_id, payment_date, payment_method, amount, currency) VALUES (NULL, 938, '2025-07-04 20:09:48.688257', 'Credit Card', 91.82, 'USD');
INSERT INTO Shipping (shipping_id, order_id, carrier, tracking_number, ship_date, delivery_date, status) VALUES (NULL, 938, 'DHL', 'TRK000938', '2025-02-23', '2025-03-15', 'Delivered');
INSERT INTO Orders (order_id, customer_id, order_date, status, shipping_address, total_amount) VALUES (939, 159, '2025-01-07 11:52:04.626686', 'Shipped', '5903 Christopher Port Apt. 188 Lancechester, HI 80425', 2547.15);
INSERT INTO Order_Items (order_item_id, order_id, product_id, quantity, unit_price, discount) VALUES (NULL, 939, 11, 3, 297.12, 0);
INSERT INTO Order_Items (order_item_id, order_id, product_id, quantity, unit_price, discount) VALUES (NULL, 939, 40, 1, 169.79, 0);
INSERT INTO Order_Items (order_item_id, order_id, product_id, quantity, unit_price, discount) VALUES (NULL, 939, 24, 1, 73.67, 0);
INSERT INTO Payments (payment_id, order_id, payment_date, payment_method, amount, currency) VALUES (NULL, 939, '2025-07-02 12:11:19.462013', 'Debit Card', 2547.15, 'USD');
INSERT INTO Shipping (shipping_id, order_id, carrier, tracking_number, ship_date, delivery_date, status) VALUES (NULL, 939, 'DHL', 'TRK000939', '2025-03-25', '2025-05-21', 'Delivered');
INSERT INTO Orders (order_id, customer_id, order_date, status, shipping_address, total_amount) VALUES (940, 181, '2025-05-16 11:02:49.769946', 'Shipped', '27564 Kenneth Forge Suite 539 East Dennistown, IN 03975', 1859.39);
INSERT INTO Order_Items (order_item_id, order_id, product_id, quantity, unit_price, discount) VALUES (NULL, 940, 50, 3, 358.06, 0);
INSERT INTO Order_Items (order_item_id, order_id, product_id, quantity, unit_price, discount) VALUES (NULL, 940, 17, 3, 311.2, 0);
INSERT INTO Order_Items (order_item_id, order_id, product_id, quantity, unit_price, discount) VALUES (NULL, 940, 10, 2, 65.6, 10);
INSERT INTO Order_Items (order_item_id, order_id, product_id, quantity, unit_price, discount) VALUES (NULL, 940, 35, 2, 488.96, 0);
INSERT INTO Order_Items (order_item_id, order_id, product_id, quantity, unit_price, discount) VALUES (NULL, 940, 34, 1, 315.63, 0);
INSERT INTO Payments (payment_id, order_id, payment_date, payment_method, amount, currency) VALUES (NULL, 940, '2025-06-07 22:36:03.975748', 'PayPal', 1859.39, 'USD');
INSERT INTO Shipping (shipping_id, order_id, carrier, tracking_number, ship_date, delivery_date, status) VALUES (NULL, 940, 'DHL', 'TRK000940', '2025-02-21', '2025-01-05', 'Delivered');
INSERT INTO Orders (order_id, customer_id, order_date, status, shipping_address, total_amount) VALUES (941, 84, '2025-07-26 07:12:20.709238', 'Shipped', 'PSC 3954, Box 8621 APO AP 21623', 2784.64);
INSERT INTO Order_Items (order_item_id, order_id, product_id, quantity, unit_price, discount) VALUES (NULL, 941, 4, 1, 319.21, 0);
INSERT INTO Order_Items (order_item_id, order_id, product_id, quantity, unit_price, discount) VALUES (NULL, 941, 34, 2, 125.6, 0);
INSERT INTO Order_Items (order_item_id, order_id, product_id, quantity, unit_price, discount) VALUES (NULL, 941, 29, 1, 214.23, 5);
INSERT INTO Order_Items (order_item_id, order_id, product_id, quantity, unit_price, discount) VALUES (NULL, 941, 41, 1, 41.0, 5);
INSERT INTO Order_Items (order_item_id, order_id, product_id, quantity, unit_price, discount) VALUES (NULL, 941, 40, 2, 474.42, 10);
INSERT INTO Payments (payment_id, order_id, payment_date, payment_method, amount, currency) VALUES (NULL, 941, '2025-03-12 03:53:36.467874', 'PayPal', 2784.64, 'USD');
INSERT INTO Shipping (shipping_id, order_id, carrier, tracking_number, ship_date, delivery_date, status) VALUES (NULL, 941, 'FedEx', 'TRK000941', '2025-07-10', '2025-03-14', 'Delivered');
INSERT INTO Orders (order_id, customer_id, order_date, status, shipping_address, total_amount) VALUES (942, 132, '2025-04-08 05:26:29.895465', 'Shipped', '207 Griffin Park Port Kevin, ID 12896', 822.75);
INSERT INTO Order_Items (order_item_id, order_id, product_id, quantity, unit_price, discount) VALUES (NULL, 942, 42, 2, 206.9, 0);
INSERT INTO Order_Items (order_item_id, order_id, product_id, quantity, unit_price, discount) VALUES (NULL, 942, 49, 1, 73.94, 5);
INSERT INTO Order_Items (order_item_id, order_id, product_id, quantity, unit_price, discount) VALUES (NULL, 942, 37, 1, 170.96, 5);
INSERT INTO Order_Items (order_item_id, order_id, product_id, quantity, unit_price, discount) VALUES (NULL, 942, 27, 3, 201.33, 10);
INSERT INTO Order_Items (order_item_id, order_id, product_id, quantity, unit_price, discount) VALUES (NULL, 942, 11, 3, 332.21, 5);
INSERT INTO Payments (payment_id, order_id, payment_date, payment_method, amount, currency) VALUES (NULL, 942, '2025-04-07 01:07:21.774351', 'Credit Card', 822.75, 'USD');
INSERT INTO Shipping (shipping_id, order_id, carrier, tracking_number, ship_date, delivery_date, status) VALUES (NULL, 942, 'FedEx', 'TRK000942', '2025-07-29', '2025-05-04', 'Delivered');
INSERT INTO Orders (order_id, customer_id, order_date, status, shipping_address, total_amount) VALUES (943, 117, '2025-05-21 23:29:59.715152', 'Shipped', '5273 Daniel Creek Suite 290 West Jacob, DC 70203', 2713.17);
INSERT INTO Order_Items (order_item_id, order_id, product_id, quantity, unit_price, discount) VALUES (NULL, 943, 13, 2, 417.46, 15);
INSERT INTO Order_Items (order_item_id, order_id, product_id, quantity, unit_price, discount) VALUES (NULL, 943, 16, 1, 12.61, 0);
INSERT INTO Order_Items (order_item_id, order_id, product_id, quantity, unit_price, discount) VALUES (NULL, 943, 11, 3, 435.28, 10);
INSERT INTO Payments (payment_id, order_id, payment_date, payment_method, amount, currency) VALUES (NULL, 943, '2025-04-07 10:52:29.660748', 'Debit Card', 2713.17, 'USD');
INSERT INTO Shipping (shipping_id, order_id, carrier, tracking_number, ship_date, delivery_date, status) VALUES (NULL, 943, 'UPS', 'TRK000943', '2025-06-02', '2025-03-17', 'Delivered');
INSERT INTO Orders (order_id, customer_id, order_date, status, shipping_address, total_amount) VALUES (944, 170, '2025-06-14 17:39:55.304075', 'Shipped', '28405 Johnson Shoals Apt. 904 Piercestad, VT 11691', 556.25);
INSERT INTO Order_Items (order_item_id, order_id, product_id, quantity, unit_price, discount) VALUES (NULL, 944, 38, 2, 458.71, 15);
INSERT INTO Payments (payment_id, order_id, payment_date, payment_method, amount, currency) VALUES (NULL, 944, '2025-08-22 00:28:56.099709', 'Debit Card', 556.25, 'USD');
INSERT INTO Shipping (shipping_id, order_id, carrier, tracking_number, ship_date, delivery_date, status) VALUES (NULL, 944, 'UPS', 'TRK000944', '2025-08-22', '2025-01-06', 'Delivered');
INSERT INTO Orders (order_id, customer_id, order_date, status, shipping_address, total_amount) VALUES (945, 70, '2025-03-21 21:14:09.606651', 'Shipped', '63881 Kevin Mills Apt. 003 West Jason, MO 23779', 2114.1);
INSERT INTO Order_Items (order_item_id, order_id, product_id, quantity, unit_price, discount) VALUES (NULL, 945, 49, 2, 331.02, 10);
INSERT INTO Order_Items (order_item_id, order_id, product_id, quantity, unit_price, discount) VALUES (NULL, 945, 11, 3, 469.99, 15);
INSERT INTO Order_Items (order_item_id, order_id, product_id, quantity, unit_price, discount) VALUES (NULL, 945, 49, 3, 124.81, 0);
INSERT INTO Payments (payment_id, order_id, payment_date, payment_method, amount, currency) VALUES (NULL, 945, '2025-04-11 14:23:07.115942', 'Credit Card', 2114.1, 'USD');
INSERT INTO Shipping (shipping_id, order_id, carrier, tracking_number, ship_date, delivery_date, status) VALUES (NULL, 945, 'DHL', 'TRK000945', '2025-05-26', '2025-06-24', 'Delivered');
INSERT INTO Orders (order_id, customer_id, order_date, status, shipping_address, total_amount) VALUES (946, 90, '2025-08-19 03:13:47.555804', 'Shipped', '7043 Berry Mills New Joyce, DC 33424', 2330.29);
INSERT INTO Order_Items (order_item_id, order_id, product_id, quantity, unit_price, discount) VALUES (NULL, 946, 47, 3, 178.13, 5);
INSERT INTO Order_Items (order_item_id, order_id, product_id, quantity, unit_price, discount) VALUES (NULL, 946, 38, 2, 264.43, 10);
INSERT INTO Order_Items (order_item_id, order_id, product_id, quantity, unit_price, discount) VALUES (NULL, 946, 49, 3, 60.05, 0);
INSERT INTO Order_Items (order_item_id, order_id, product_id, quantity, unit_price, discount) VALUES (NULL, 946, 27, 3, 491.98, 5);
INSERT INTO Payments (payment_id, order_id, payment_date, payment_method, amount, currency) VALUES (NULL, 946, '2025-01-01 10:26:10.670911', 'Credit Card', 2330.29, 'USD');
INSERT INTO Shipping (shipping_id, order_id, carrier, tracking_number, ship_date, delivery_date, status) VALUES (NULL, 946, 'UPS', 'TRK000946', '2025-03-16', '2025-05-11', 'Delivered');
INSERT INTO Orders (order_id, customer_id, order_date, status, shipping_address, total_amount) VALUES (947, 82, '2025-05-15 18:12:36.479380', 'Shipped', '01745 Freeman Drives Nicholasfort, MP 72661', 2506.34);
INSERT INTO Order_Items (order_item_id, order_id, product_id, quantity, unit_price, discount) VALUES (NULL, 947, 12, 2, 92.73, 5);
INSERT INTO Order_Items (order_item_id, order_id, product_id, quantity, unit_price, discount) VALUES (NULL, 947, 13, 1, 116.3, 5);
INSERT INTO Order_Items (order_item_id, order_id, product_id, quantity, unit_price, discount) VALUES (NULL, 947, 27, 1, 16.14, 0);
INSERT INTO Order_Items (order_item_id, order_id, product_id, quantity, unit_price, discount) VALUES (NULL, 947, 45, 3, 286.92, 15);
INSERT INTO Order_Items (order_item_id, order_id, product_id, quantity, unit_price, discount) VALUES (NULL, 947, 47, 1, 188.13, 10);
INSERT INTO Payments (payment_id, order_id, payment_date, payment_method, amount, currency) VALUES (NULL, 947, '2025-03-18 22:39:21.086858', 'Credit Card', 2506.34, 'USD');
INSERT INTO Shipping (shipping_id, order_id, carrier, tracking_number, ship_date, delivery_date, status) VALUES (NULL, 947, 'UPS', 'TRK000947', '2025-08-30', '2025-01-08', 'Delivered');
INSERT INTO Orders (order_id, customer_id, order_date, status, shipping_address, total_amount) VALUES (948, 195, '2025-07-24 05:15:35.775046', 'Shipped', '929 Brandon Plains East Matthew, AR 14585', 2639.36);
INSERT INTO Order_Items (order_item_id, order_id, product_id, quantity, unit_price, discount) VALUES (NULL, 948, 34, 3, 247.01, 0);
INSERT INTO Order_Items (order_item_id, order_id, product_id, quantity, unit_price, discount) VALUES (NULL, 948, 48, 2, 370.9, 10);
INSERT INTO Order_Items (order_item_id, order_id, product_id, quantity, unit_price, discount) VALUES (NULL, 948, 21, 3, 417.33, 10);
INSERT INTO Order_Items (order_item_id, order_id, product_id, quantity, unit_price, discount) VALUES (NULL, 948, 14, 1, 395.51, 15);
INSERT INTO Payments (payment_id, order_id, payment_date, payment_method, amount, currency) VALUES (NULL, 948, '2025-02-12 05:55:49.572068', 'Credit Card', 2639.36, 'USD');
INSERT INTO Shipping (shipping_id, order_id, carrier, tracking_number, ship_date, delivery_date, status) VALUES (NULL, 948, 'UPS', 'TRK000948', '2025-03-04', '2025-02-18', 'Delivered');
INSERT INTO Orders (order_id, customer_id, order_date, status, shipping_address, total_amount) VALUES (949, 63, '2025-08-03 12:19:03.007819', 'Shipped', '38102 Newton Station Hermantown, HI 85351', 1741.17);
INSERT INTO Order_Items (order_item_id, order_id, product_id, quantity, unit_price, discount) VALUES (NULL, 949, 37, 3, 62.58, 10);
INSERT INTO Order_Items (order_item_id, order_id, product_id, quantity, unit_price, discount) VALUES (NULL, 949, 23, 1, 114.42, 5);
INSERT INTO Order_Items (order_item_id, order_id, product_id, quantity, unit_price, discount) VALUES (NULL, 949, 40, 2, 270.32, 5);
INSERT INTO Payments (payment_id, order_id, payment_date, payment_method, amount, currency) VALUES (NULL, 949, '2025-01-27 19:29:51.844352', 'Debit Card', 1741.17, 'USD');
INSERT INTO Shipping (shipping_id, order_id, carrier, tracking_number, ship_date, delivery_date, status) VALUES (NULL, 949, 'FedEx', 'TRK000949', '2025-05-07', '2025-01-10', 'Delivered');
INSERT INTO Orders (order_id, customer_id, order_date, status, shipping_address, total_amount) VALUES (950, 144, '2025-01-31 15:01:07.587809', 'Shipped', '005 Smith Alley Suite 426 East Cynthiaport, HI 00861', 2544.9);
INSERT INTO Order_Items (order_item_id, order_id, product_id, quantity, unit_price, discount) VALUES (NULL, 950, 12, 1, 186.7, 15);
INSERT INTO Payments (payment_id, order_id, payment_date, payment_method, amount, currency) VALUES (NULL, 950, '2025-05-04 09:46:47.400451', 'Credit Card', 2544.9, 'USD');
INSERT INTO Shipping (shipping_id, order_id, carrier, tracking_number, ship_date, delivery_date, status) VALUES (NULL, 950, 'DHL', 'TRK000950', '2025-01-29', '2025-04-14', 'Delivered');
INSERT INTO Orders (order_id, customer_id, order_date, status, shipping_address, total_amount) VALUES (951, 43, '2025-04-29 09:27:04.981175', 'Shipped', '67221 Cindy Lake Ashleystad, MT 99144', 743.21);
INSERT INTO Order_Items (order_item_id, order_id, product_id, quantity, unit_price, discount) VALUES (NULL, 951, 42, 2, 301.01, 15);
INSERT INTO Order_Items (order_item_id, order_id, product_id, quantity, unit_price, discount) VALUES (NULL, 951, 25, 3, 418.99, 5);
INSERT INTO Payments (payment_id, order_id, payment_date, payment_method, amount, currency) VALUES (NULL, 951, '2025-02-18 13:07:31.048052', 'Credit Card', 743.21, 'USD');
INSERT INTO Shipping (shipping_id, order_id, carrier, tracking_number, ship_date, delivery_date, status) VALUES (NULL, 951, 'FedEx', 'TRK000951', '2025-06-10', '2025-08-14', 'Delivered');
INSERT INTO Orders (order_id, customer_id, order_date, status, shipping_address, total_amount) VALUES (952, 76, '2025-02-01 05:39:23.711344', 'Shipped', '77466 Williams Camp North Mark, MT 05104', 2607.27);
INSERT INTO Order_Items (order_item_id, order_id, product_id, quantity, unit_price, discount) VALUES (NULL, 952, 10, 3, 154.24, 10);
INSERT INTO Order_Items (order_item_id, order_id, product_id, quantity, unit_price, discount) VALUES (NULL, 952, 4, 1, 90.11, 5);
INSERT INTO Order_Items (order_item_id, order_id, product_id, quantity, unit_price, discount) VALUES (NULL, 952, 41, 3, 314.93, 15);
INSERT INTO Payments (payment_id, order_id, payment_date, payment_method, amount, currency) VALUES (NULL, 952, '2025-04-02 01:09:31.198650', 'Credit Card', 2607.27, 'USD');
INSERT INTO Shipping (shipping_id, order_id, carrier, tracking_number, ship_date, delivery_date, status) VALUES (NULL, 952, 'FedEx', 'TRK000952', '2025-05-02', '2025-07-25', 'Delivered');
INSERT INTO Orders (order_id, customer_id, order_date, status, shipping_address, total_amount) VALUES (953, 126, '2025-01-14 11:39:44.715255', 'Shipped', '1796 Ronald Neck Suite 487 West Yolandafort, VA 30373', 571.6);
INSERT INTO Order_Items (order_item_id, order_id, product_id, quantity, unit_price, discount) VALUES (NULL, 953, 5, 2, 391.79, 5);
INSERT INTO Order_Items (order_item_id, order_id, product_id, quantity, unit_price, discount) VALUES (NULL, 953, 10, 1, 183.35, 0);
INSERT INTO Order_Items (order_item_id, order_id, product_id, quantity, unit_price, discount) VALUES (NULL, 953, 25, 1, 303.74, 0);
INSERT INTO Order_Items (order_item_id, order_id, product_id, quantity, unit_price, discount) VALUES (NULL, 953, 31, 1, 67.17, 5);
INSERT INTO Order_Items (order_item_id, order_id, product_id, quantity, unit_price, discount) VALUES (NULL, 953, 1, 1, 234.04, 0);
INSERT INTO Payments (payment_id, order_id, payment_date, payment_method, amount, currency) VALUES (NULL, 953, '2025-03-06 15:10:30.878393', 'PayPal', 571.6, 'USD');
INSERT INTO Shipping (shipping_id, order_id, carrier, tracking_number, ship_date, delivery_date, status) VALUES (NULL, 953, 'DHL', 'TRK000953', '2025-02-21', '2025-04-18', 'Delivered');
INSERT INTO Orders (order_id, customer_id, order_date, status, shipping_address, total_amount) VALUES (954, 90, '2025-02-04 07:43:22.439931', 'Shipped', '45592 Valencia Square East Brucemouth, MT 48738', 2576.39);
INSERT INTO Order_Items (order_item_id, order_id, product_id, quantity, unit_price, discount) VALUES (NULL, 954, 20, 3, 124.84, 0);
INSERT INTO Order_Items (order_item_id, order_id, product_id, quantity, unit_price, discount) VALUES (NULL, 954, 37, 1, 352.93, 15);
INSERT INTO Order_Items (order_item_id, order_id, product_id, quantity, unit_price, discount) VALUES (NULL, 954, 24, 2, 304.92, 5);
INSERT INTO Order_Items (order_item_id, order_id, product_id, quantity, unit_price, discount) VALUES (NULL, 954, 23, 2, 309.3, 10);
INSERT INTO Payments (payment_id, order_id, payment_date, payment_method, amount, currency) VALUES (NULL, 954, '2025-03-09 06:33:22.605049', 'Credit Card', 2576.39, 'USD');
INSERT INTO Shipping (shipping_id, order_id, carrier, tracking_number, ship_date, delivery_date, status) VALUES (NULL, 954, 'UPS', 'TRK000954', '2025-01-06', '2025-08-20', 'Delivered');
INSERT INTO Orders (order_id, customer_id, order_date, status, shipping_address, total_amount) VALUES (955, 60, '2025-03-21 20:37:13.900503', 'Shipped', '650 Torres Terrace Port Kimberly, MS 14208', 766.5);
INSERT INTO Order_Items (order_item_id, order_id, product_id, quantity, unit_price, discount) VALUES (NULL, 955, 8, 2, 494.67, 0);
INSERT INTO Order_Items (order_item_id, order_id, product_id, quantity, unit_price, discount) VALUES (NULL, 955, 45, 3, 489.55, 10);
INSERT INTO Order_Items (order_item_id, order_id, product_id, quantity, unit_price, discount) VALUES (NULL, 955, 28, 3, 26.86, 5);
INSERT INTO Order_Items (order_item_id, order_id, product_id, quantity, unit_price, discount) VALUES (NULL, 955, 16, 2, 428.35, 10);
INSERT INTO Payments (payment_id, order_id, payment_date, payment_method, amount, currency) VALUES (NULL, 955, '2025-06-01 12:34:01.967556', 'PayPal', 766.5, 'USD');
INSERT INTO Shipping (shipping_id, order_id, carrier, tracking_number, ship_date, delivery_date, status) VALUES (NULL, 955, 'DHL', 'TRK000955', '2025-08-21', '2025-06-17', 'Delivered');
INSERT INTO Orders (order_id, customer_id, order_date, status, shipping_address, total_amount) VALUES (956, 10, '2025-02-16 21:40:36.915995', 'Shipped', '179 Gregory Plaza Justinshire, PR 09317', 1466.74);
INSERT INTO Order_Items (order_item_id, order_id, product_id, quantity, unit_price, discount) VALUES (NULL, 956, 42, 1, 457.47, 10);
INSERT INTO Payments (payment_id, order_id, payment_date, payment_method, amount, currency) VALUES (NULL, 956, '2025-03-05 15:22:00.742270', 'Credit Card', 1466.74, 'USD');
INSERT INTO Shipping (shipping_id, order_id, carrier, tracking_number, ship_date, delivery_date, status) VALUES (NULL, 956, 'FedEx', 'TRK000956', '2025-03-22', '2025-05-10', 'Delivered');
INSERT INTO Orders (order_id, customer_id, order_date, status, shipping_address, total_amount) VALUES (957, 124, '2025-04-09 21:25:37.115991', 'Shipped', '75604 Isaac Fall New Loganshire, NC 31630', 345.51);
INSERT INTO Order_Items (order_item_id, order_id, product_id, quantity, unit_price, discount) VALUES (NULL, 957, 25, 3, 269.06, 10);
INSERT INTO Order_Items (order_item_id, order_id, product_id, quantity, unit_price, discount) VALUES (NULL, 957, 26, 1, 420.77, 10);
INSERT INTO Order_Items (order_item_id, order_id, product_id, quantity, unit_price, discount) VALUES (NULL, 957, 31, 2, 382.91, 10);
INSERT INTO Order_Items (order_item_id, order_id, product_id, quantity, unit_price, discount) VALUES (NULL, 957, 37, 2, 122.37, 0);
INSERT INTO Payments (payment_id, order_id, payment_date, payment_method, amount, currency) VALUES (NULL, 957, '2025-08-25 13:58:08.055815', 'PayPal', 345.51, 'USD');
INSERT INTO Shipping (shipping_id, order_id, carrier, tracking_number, ship_date, delivery_date, status) VALUES (NULL, 957, 'DHL', 'TRK000957', '2025-08-23', '2025-02-13', 'Delivered');
INSERT INTO Orders (order_id, customer_id, order_date, status, shipping_address, total_amount) VALUES (958, 165, '2025-02-07 20:22:53.869754', 'Shipped', '08759 Catherine Fall Apt. 005 Carlsonbury, GA 46821', 1044.2);
INSERT INTO Order_Items (order_item_id, order_id, product_id, quantity, unit_price, discount) VALUES (NULL, 958, 13, 1, 349.92, 10);
INSERT INTO Order_Items (order_item_id, order_id, product_id, quantity, unit_price, discount) VALUES (NULL, 958, 1, 1, 418.25, 10);
INSERT INTO Order_Items (order_item_id, order_id, product_id, quantity, unit_price, discount) VALUES (NULL, 958, 19, 2, 86.7, 5);
INSERT INTO Order_Items (order_item_id, order_id, product_id, quantity, unit_price, discount) VALUES (NULL, 958, 14, 3, 411.24, 15);
INSERT INTO Order_Items (order_item_id, order_id, product_id, quantity, unit_price, discount) VALUES (NULL, 958, 34, 1, 133.43, 15);
INSERT INTO Payments (payment_id, order_id, payment_date, payment_method, amount, currency) VALUES (NULL, 958, '2025-05-26 02:24:50.602758', 'PayPal', 1044.2, 'USD');
INSERT INTO Shipping (shipping_id, order_id, carrier, tracking_number, ship_date, delivery_date, status) VALUES (NULL, 958, 'DHL', 'TRK000958', '2025-07-27', '2025-08-17', 'Delivered');
INSERT INTO Orders (order_id, customer_id, order_date, status, shipping_address, total_amount) VALUES (959, 153, '2025-05-08 01:11:32.838799', 'Shipped', '0904 Kennedy Ford Suite 730 Lopezville, CA 96556', 2398.16);
INSERT INTO Order_Items (order_item_id, order_id, product_id, quantity, unit_price, discount) VALUES (NULL, 959, 33, 3, 225.75, 10);
INSERT INTO Order_Items (order_item_id, order_id, product_id, quantity, unit_price, discount) VALUES (NULL, 959, 20, 2, 419.13, 5);
INSERT INTO Order_Items (order_item_id, order_id, product_id, quantity, unit_price, discount) VALUES (NULL, 959, 23, 3, 193.8, 15);
INSERT INTO Payments (payment_id, order_id, payment_date, payment_method, amount, currency) VALUES (NULL, 959, '2025-07-28 01:04:58.583493', 'Credit Card', 2398.16, 'USD');
INSERT INTO Shipping (shipping_id, order_id, carrier, tracking_number, ship_date, delivery_date, status) VALUES (NULL, 959, 'DHL', 'TRK000959', '2025-03-26', '2025-07-24', 'Delivered');
INSERT INTO Orders (order_id, customer_id, order_date, status, shipping_address, total_amount) VALUES (960, 74, '2025-08-28 20:53:32.268507', 'Shipped', 'PSC 8543, Box 6815 APO AE 35599', 163.75);
INSERT INTO Order_Items (order_item_id, order_id, product_id, quantity, unit_price, discount) VALUES (NULL, 960, 10, 1, 69.13, 0);
INSERT INTO Payments (payment_id, order_id, payment_date, payment_method, amount, currency) VALUES (NULL, 960, '2025-08-02 03:57:08.228557', 'Credit Card', 163.75, 'USD');
INSERT INTO Shipping (shipping_id, order_id, carrier, tracking_number, ship_date, delivery_date, status) VALUES (NULL, 960, 'UPS', 'TRK000960', '2025-03-20', '2025-05-18', 'Delivered');
INSERT INTO Orders (order_id, customer_id, order_date, status, shipping_address, total_amount) VALUES (961, 131, '2025-08-15 01:01:32.430510', 'Shipped', 'PSC 0394, Box 7587 APO AP 55918', 2544.16);
INSERT INTO Order_Items (order_item_id, order_id, product_id, quantity, unit_price, discount) VALUES (NULL, 961, 36, 2, 441.64, 5);
INSERT INTO Order_Items (order_item_id, order_id, product_id, quantity, unit_price, discount) VALUES (NULL, 961, 13, 2, 460.88, 15);
INSERT INTO Order_Items (order_item_id, order_id, product_id, quantity, unit_price, discount) VALUES (NULL, 961, 33, 3, 383.83, 5);
INSERT INTO Payments (payment_id, order_id, payment_date, payment_method, amount, currency) VALUES (NULL, 961, '2025-03-31 22:43:04.494272', 'Debit Card', 2544.16, 'USD');
INSERT INTO Shipping (shipping_id, order_id, carrier, tracking_number, ship_date, delivery_date, status) VALUES (NULL, 961, 'DHL', 'TRK000961', '2025-01-07', '2025-01-08', 'Delivered');
INSERT INTO Orders (order_id, customer_id, order_date, status, shipping_address, total_amount) VALUES (962, 186, '2025-04-23 10:16:38.317361', 'Shipped', '338 Kevin Glens Apt. 045 Wallmouth, MI 33659', 2275.28);
INSERT INTO Order_Items (order_item_id, order_id, product_id, quantity, unit_price, discount) VALUES (NULL, 962, 45, 2, 268.33, 5);
INSERT INTO Order_Items (order_item_id, order_id, product_id, quantity, unit_price, discount) VALUES (NULL, 962, 27, 1, 196.35, 15);
INSERT INTO Order_Items (order_item_id, order_id, product_id, quantity, unit_price, discount) VALUES (NULL, 962, 4, 2, 33.62, 0);
INSERT INTO Order_Items (order_item_id, order_id, product_id, quantity, unit_price, discount) VALUES (NULL, 962, 50, 3, 47.16, 15);
INSERT INTO Order_Items (order_item_id, order_id, product_id, quantity, unit_price, discount) VALUES (NULL, 962, 22, 3, 113.94, 15);
INSERT INTO Payments (payment_id, order_id, payment_date, payment_method, amount, currency) VALUES (NULL, 962, '2025-03-21 11:24:13.379781', 'Debit Card', 2275.28, 'USD');
INSERT INTO Shipping (shipping_id, order_id, carrier, tracking_number, ship_date, delivery_date, status) VALUES (NULL, 962, 'DHL', 'TRK000962', '2025-08-17', '2025-07-28', 'Delivered');
INSERT INTO Orders (order_id, customer_id, order_date, status, shipping_address, total_amount) VALUES (963, 55, '2025-02-05 17:50:19.654994', 'Shipped', '2496 Jackson Mountain West Karenhaven, WV 08626', 1394.47);
INSERT INTO Order_Items (order_item_id, order_id, product_id, quantity, unit_price, discount) VALUES (NULL, 963, 32, 1, 188.8, 0);
INSERT INTO Order_Items (order_item_id, order_id, product_id, quantity, unit_price, discount) VALUES (NULL, 963, 9, 3, 200.73, 15);
INSERT INTO Order_Items (order_item_id, order_id, product_id, quantity, unit_price, discount) VALUES (NULL, 963, 11, 3, 68.89, 0);
INSERT INTO Order_Items (order_item_id, order_id, product_id, quantity, unit_price, discount) VALUES (NULL, 963, 47, 2, 275.72, 15);
INSERT INTO Payments (payment_id, order_id, payment_date, payment_method, amount, currency) VALUES (NULL, 963, '2025-07-14 13:16:29.652253', 'Credit Card', 1394.47, 'USD');
INSERT INTO Shipping (shipping_id, order_id, carrier, tracking_number, ship_date, delivery_date, status) VALUES (NULL, 963, 'UPS', 'TRK000963', '2025-03-12', '2025-02-08', 'Delivered');
INSERT INTO Orders (order_id, customer_id, order_date, status, shipping_address, total_amount) VALUES (964, 197, '2025-05-03 13:49:53.619647', 'Shipped', '210 Murphy Squares New Davidbury, AL 73008', 494.08);
INSERT INTO Order_Items (order_item_id, order_id, product_id, quantity, unit_price, discount) VALUES (NULL, 964, 38, 2, 186.44, 5);
INSERT INTO Order_Items (order_item_id, order_id, product_id, quantity, unit_price, discount) VALUES (NULL, 964, 35, 1, 115.25, 10);
INSERT INTO Order_Items (order_item_id, order_id, product_id, quantity, unit_price, discount) VALUES (NULL, 964, 24, 3, 45.19, 10);
INSERT INTO Payments (payment_id, order_id, payment_date, payment_method, amount, currency) VALUES (NULL, 964, '2025-03-02 14:01:52.079882', 'Debit Card', 494.08, 'USD');
INSERT INTO Shipping (shipping_id, order_id, carrier, tracking_number, ship_date, delivery_date, status) VALUES (NULL, 964, 'FedEx', 'TRK000964', '2025-02-17', '2025-04-12', 'Delivered');
INSERT INTO Orders (order_id, customer_id, order_date, status, shipping_address, total_amount) VALUES (965, 41, '2025-04-23 16:55:06.388782', 'Shipped', '68429 Sharon Villages Suite 774 New Andrew, GA 51545', 2248.4);
INSERT INTO Order_Items (order_item_id, order_id, product_id, quantity, unit_price, discount) VALUES (NULL, 965, 33, 3, 344.86, 10);
INSERT INTO Order_Items (order_item_id, order_id, product_id, quantity, unit_price, discount) VALUES (NULL, 965, 23, 3, 35.35, 10);
INSERT INTO Payments (payment_id, order_id, payment_date, payment_method, amount, currency) VALUES (NULL, 965, '2025-08-23 15:53:08.055489', 'Credit Card', 2248.4, 'USD');
INSERT INTO Shipping (shipping_id, order_id, carrier, tracking_number, ship_date, delivery_date, status) VALUES (NULL, 965, 'FedEx', 'TRK000965', '2025-06-22', '2025-08-12', 'Delivered');
INSERT INTO Orders (order_id, customer_id, order_date, status, shipping_address, total_amount) VALUES (966, 50, '2025-03-30 19:31:06.388220', 'Shipped', '1275 Molly Club Port Lori, CO 89705', 1058.5);
INSERT INTO Order_Items (order_item_id, order_id, product_id, quantity, unit_price, discount) VALUES (NULL, 966, 12, 2, 239.97, 10);
INSERT INTO Order_Items (order_item_id, order_id, product_id, quantity, unit_price, discount) VALUES (NULL, 966, 15, 2, 360.46, 0);
INSERT INTO Order_Items (order_item_id, order_id, product_id, quantity, unit_price, discount) VALUES (NULL, 966, 41, 2, 121.19, 0);
INSERT INTO Order_Items (order_item_id, order_id, product_id, quantity, unit_price, discount) VALUES (NULL, 966, 39, 1, 295.33, 0);
INSERT INTO Payments (payment_id, order_id, payment_date, payment_method, amount, currency) VALUES (NULL, 966, '2025-06-09 06:45:45.683838', 'PayPal', 1058.5, 'USD');
INSERT INTO Shipping (shipping_id, order_id, carrier, tracking_number, ship_date, delivery_date, status) VALUES (NULL, 966, 'FedEx', 'TRK000966', '2025-06-25', '2025-01-15', 'Delivered');
INSERT INTO Orders (order_id, customer_id, order_date, status, shipping_address, total_amount) VALUES (967, 52, '2025-03-11 17:47:56.086914', 'Shipped', '01347 Adams Center Lake Nicholasfurt, WA 51482', 2447.47);
INSERT INTO Order_Items (order_item_id, order_id, product_id, quantity, unit_price, discount) VALUES (NULL, 967, 19, 2, 19.33, 5);
INSERT INTO Payments (payment_id, order_id, payment_date, payment_method, amount, currency) VALUES (NULL, 967, '2025-08-16 20:51:19.183602', 'Credit Card', 2447.47, 'USD');
INSERT INTO Shipping (shipping_id, order_id, carrier, tracking_number, ship_date, delivery_date, status) VALUES (NULL, 967, 'FedEx', 'TRK000967', '2025-06-09', '2025-08-07', 'Delivered');
INSERT INTO Orders (order_id, customer_id, order_date, status, shipping_address, total_amount) VALUES (968, 32, '2025-08-19 13:28:08.664131', 'Shipped', '1496 Diaz Drive Apt. 971 Gilmoreville, KY 96255', 1554.58);
INSERT INTO Order_Items (order_item_id, order_id, product_id, quantity, unit_price, discount) VALUES (NULL, 968, 43, 3, 79.67, 15);
INSERT INTO Order_Items (order_item_id, order_id, product_id, quantity, unit_price, discount) VALUES (NULL, 968, 7, 3, 152.44, 0);
INSERT INTO Payments (payment_id, order_id, payment_date, payment_method, amount, currency) VALUES (NULL, 968, '2025-06-07 06:27:07.681340', 'Debit Card', 1554.58, 'USD');
INSERT INTO Shipping (shipping_id, order_id, carrier, tracking_number, ship_date, delivery_date, status) VALUES (NULL, 968, 'FedEx', 'TRK000968', '2025-06-28', '2025-02-04', 'Delivered');
INSERT INTO Orders (order_id, customer_id, order_date, status, shipping_address, total_amount) VALUES (969, 25, '2025-02-27 05:23:28.267714', 'Shipped', '19654 Tracy Station South Renee, MN 37126', 316.34);
INSERT INTO Order_Items (order_item_id, order_id, product_id, quantity, unit_price, discount) VALUES (NULL, 969, 39, 2, 139.75, 15);
INSERT INTO Payments (payment_id, order_id, payment_date, payment_method, amount, currency) VALUES (NULL, 969, '2025-08-05 13:36:36.631589', 'Debit Card', 316.34, 'USD');
INSERT INTO Shipping (shipping_id, order_id, carrier, tracking_number, ship_date, delivery_date, status) VALUES (NULL, 969, 'DHL', 'TRK000969', '2025-03-15', '2025-04-04', 'Delivered');
INSERT INTO Orders (order_id, customer_id, order_date, status, shipping_address, total_amount) VALUES (970, 109, '2025-08-28 01:12:27.456389', 'Shipped', '109 Thomas Drives Apt. 383 West Paulburgh, MI 86502', 2423.08);
INSERT INTO Order_Items (order_item_id, order_id, product_id, quantity, unit_price, discount) VALUES (NULL, 970, 32, 2, 402.63, 5);
INSERT INTO Order_Items (order_item_id, order_id, product_id, quantity, unit_price, discount) VALUES (NULL, 970, 13, 1, 100.6, 15);
INSERT INTO Payments (payment_id, order_id, payment_date, payment_method, amount, currency) VALUES (NULL, 970, '2025-08-25 19:12:02.032081', 'Debit Card', 2423.08, 'USD');
INSERT INTO Shipping (shipping_id, order_id, carrier, tracking_number, ship_date, delivery_date, status) VALUES (NULL, 970, 'FedEx', 'TRK000970', '2025-07-31', '2025-03-02', 'Delivered');
INSERT INTO Orders (order_id, customer_id, order_date, status, shipping_address, total_amount) VALUES (971, 146, '2025-05-06 23:51:41.815474', 'Shipped', 'USCGC Rodriguez FPO AA 57732', 1950.8);
INSERT INTO Order_Items (order_item_id, order_id, product_id, quantity, unit_price, discount) VALUES (NULL, 971, 2, 2, 23.65, 10);
INSERT INTO Order_Items (order_item_id, order_id, product_id, quantity, unit_price, discount) VALUES (NULL, 971, 35, 2, 315.04, 10);
INSERT INTO Order_Items (order_item_id, order_id, product_id, quantity, unit_price, discount) VALUES (NULL, 971, 43, 2, 331.92, 0);
INSERT INTO Order_Items (order_item_id, order_id, product_id, quantity, unit_price, discount) VALUES (NULL, 971, 22, 2, 210.05, 10);
INSERT INTO Payments (payment_id, order_id, payment_date, payment_method, amount, currency) VALUES (NULL, 971, '2025-01-16 12:04:48.094091', 'Credit Card', 1950.8, 'USD');
INSERT INTO Shipping (shipping_id, order_id, carrier, tracking_number, ship_date, delivery_date, status) VALUES (NULL, 971, 'FedEx', 'TRK000971', '2025-07-18', '2025-04-15', 'Delivered');
INSERT INTO Orders (order_id, customer_id, order_date, status, shipping_address, total_amount) VALUES (972, 190, '2025-07-07 23:21:26.871634', 'Shipped', '5675 Smith Dam Apt. 071 Johnsonborough, VA 06156', 1049.12);
INSERT INTO Order_Items (order_item_id, order_id, product_id, quantity, unit_price, discount) VALUES (NULL, 972, 33, 3, 55.44, 10);
INSERT INTO Payments (payment_id, order_id, payment_date, payment_method, amount, currency) VALUES (NULL, 972, '2025-08-18 02:52:57.715531', 'Credit Card', 1049.12, 'USD');
INSERT INTO Shipping (shipping_id, order_id, carrier, tracking_number, ship_date, delivery_date, status) VALUES (NULL, 972, 'FedEx', 'TRK000972', '2025-07-08', '2025-02-04', 'Delivered');
INSERT INTO Orders (order_id, customer_id, order_date, status, shipping_address, total_amount) VALUES (973, 146, '2025-07-06 04:33:03.736855', 'Shipped', '37348 Jason Springs Apt. 845 Martinezborough, ID 43984', 1386.78);
INSERT INTO Order_Items (order_item_id, order_id, product_id, quantity, unit_price, discount) VALUES (NULL, 973, 25, 1, 390.77, 5);
INSERT INTO Order_Items (order_item_id, order_id, product_id, quantity, unit_price, discount) VALUES (NULL, 973, 35, 3, 226.25, 5);
INSERT INTO Order_Items (order_item_id, order_id, product_id, quantity, unit_price, discount) VALUES (NULL, 973, 41, 2, 258.77, 10);
INSERT INTO Payments (payment_id, order_id, payment_date, payment_method, amount, currency) VALUES (NULL, 973, '2025-05-12 23:44:30.856064', 'Credit Card', 1386.78, 'USD');
INSERT INTO Shipping (shipping_id, order_id, carrier, tracking_number, ship_date, delivery_date, status) VALUES (NULL, 973, 'FedEx', 'TRK000973', '2025-03-08', '2025-05-01', 'Delivered');
INSERT INTO Orders (order_id, customer_id, order_date, status, shipping_address, total_amount) VALUES (974, 73, '2025-03-07 01:09:36.133560', 'Shipped', '407 Samantha Freeway Lake Kennethside, NV 31641', 2266.34);
INSERT INTO Order_Items (order_item_id, order_id, product_id, quantity, unit_price, discount) VALUES (NULL, 974, 16, 3, 243.04, 10);
INSERT INTO Order_Items (order_item_id, order_id, product_id, quantity, unit_price, discount) VALUES (NULL, 974, 29, 3, 413.87, 10);
INSERT INTO Order_Items (order_item_id, order_id, product_id, quantity, unit_price, discount) VALUES (NULL, 974, 2, 2, 114.15, 0);
INSERT INTO Order_Items (order_item_id, order_id, product_id, quantity, unit_price, discount) VALUES (NULL, 974, 35, 2, 172.74, 10);
INSERT INTO Payments (payment_id, order_id, payment_date, payment_method, amount, currency) VALUES (NULL, 974, '2025-06-12 17:39:06.277919', 'Debit Card', 2266.34, 'USD');
INSERT INTO Shipping (shipping_id, order_id, carrier, tracking_number, ship_date, delivery_date, status) VALUES (NULL, 974, 'FedEx', 'TRK000974', '2025-03-23', '2025-06-10', 'Delivered');
INSERT INTO Orders (order_id, customer_id, order_date, status, shipping_address, total_amount) VALUES (975, 24, '2025-02-28 11:08:19.956356', 'Shipped', '706 Joseph Wells Suite 876 Jensentown, KS 98625', 2992.49);
INSERT INTO Order_Items (order_item_id, order_id, product_id, quantity, unit_price, discount) VALUES (NULL, 975, 13, 1, 452.75, 15);
INSERT INTO Payments (payment_id, order_id, payment_date, payment_method, amount, currency) VALUES (NULL, 975, '2025-02-18 01:25:35.793967', 'PayPal', 2992.49, 'USD');
INSERT INTO Shipping (shipping_id, order_id, carrier, tracking_number, ship_date, delivery_date, status) VALUES (NULL, 975, 'DHL', 'TRK000975', '2025-06-23', '2025-05-31', 'Delivered');
INSERT INTO Orders (order_id, customer_id, order_date, status, shipping_address, total_amount) VALUES (976, 69, '2025-06-15 15:20:52.980302', 'Shipped', '2879 Morgan Gardens Apt. 014 Ericchester, AR 35405', 2133.71);
INSERT INTO Order_Items (order_item_id, order_id, product_id, quantity, unit_price, discount) VALUES (NULL, 976, 36, 2, 321.14, 15);
INSERT INTO Order_Items (order_item_id, order_id, product_id, quantity, unit_price, discount) VALUES (NULL, 976, 32, 1, 133.27, 15);
INSERT INTO Payments (payment_id, order_id, payment_date, payment_method, amount, currency) VALUES (NULL, 976, '2025-01-31 05:26:05.035080', 'PayPal', 2133.71, 'USD');
INSERT INTO Shipping (shipping_id, order_id, carrier, tracking_number, ship_date, delivery_date, status) VALUES (NULL, 976, 'UPS', 'TRK000976', '2025-03-09', '2025-03-31', 'Delivered');
INSERT INTO Orders (order_id, customer_id, order_date, status, shipping_address, total_amount) VALUES (977, 117, '2025-02-06 15:08:58.803541', 'Shipped', '970 Hernandez Branch Mitchellfort, PW 08258', 2356.49);
INSERT INTO Order_Items (order_item_id, order_id, product_id, quantity, unit_price, discount) VALUES (NULL, 977, 25, 1, 479.98, 15);
INSERT INTO Order_Items (order_item_id, order_id, product_id, quantity, unit_price, discount) VALUES (NULL, 977, 3, 2, 83.94, 5);
INSERT INTO Order_Items (order_item_id, order_id, product_id, quantity, unit_price, discount) VALUES (NULL, 977, 10, 2, 24.5, 0);
INSERT INTO Order_Items (order_item_id, order_id, product_id, quantity, unit_price, discount) VALUES (NULL, 977, 23, 3, 78.86, 15);
INSERT INTO Payments (payment_id, order_id, payment_date, payment_method, amount, currency) VALUES (NULL, 977, '2025-03-15 07:36:25.463488', 'Credit Card', 2356.49, 'USD');
INSERT INTO Shipping (shipping_id, order_id, carrier, tracking_number, ship_date, delivery_date, status) VALUES (NULL, 977, 'UPS', 'TRK000977', '2025-05-16', '2025-02-13', 'Delivered');
INSERT INTO Orders (order_id, customer_id, order_date, status, shipping_address, total_amount) VALUES (978, 105, '2025-09-01 12:19:22.827653', 'Shipped', '588 Rogers Harbor Rowlandhaven, CA 90286', 1378.97);
INSERT INTO Order_Items (order_item_id, order_id, product_id, quantity, unit_price, discount) VALUES (NULL, 978, 48, 2, 488.27, 0);
INSERT INTO Order_Items (order_item_id, order_id, product_id, quantity, unit_price, discount) VALUES (NULL, 978, 25, 3, 301.57, 10);
INSERT INTO Order_Items (order_item_id, order_id, product_id, quantity, unit_price, discount) VALUES (NULL, 978, 35, 3, 61.16, 15);
INSERT INTO Payments (payment_id, order_id, payment_date, payment_method, amount, currency) VALUES (NULL, 978, '2025-05-26 03:40:10.511670', 'PayPal', 1378.97, 'USD');
INSERT INTO Shipping (shipping_id, order_id, carrier, tracking_number, ship_date, delivery_date, status) VALUES (NULL, 978, 'DHL', 'TRK000978', '2025-06-07', '2025-08-06', 'Delivered');
INSERT INTO Orders (order_id, customer_id, order_date, status, shipping_address, total_amount) VALUES (979, 143, '2025-03-24 06:34:56.922850', 'Shipped', '1026 Juan Corner Apt. 527 East Carmenside, VI 59501', 1938.12);
INSERT INTO Order_Items (order_item_id, order_id, product_id, quantity, unit_price, discount) VALUES (NULL, 979, 30, 3, 315.06, 15);
INSERT INTO Order_Items (order_item_id, order_id, product_id, quantity, unit_price, discount) VALUES (NULL, 979, 50, 2, 274.64, 15);
INSERT INTO Order_Items (order_item_id, order_id, product_id, quantity, unit_price, discount) VALUES (NULL, 979, 44, 1, 64.88, 0);
INSERT INTO Payments (payment_id, order_id, payment_date, payment_method, amount, currency) VALUES (NULL, 979, '2025-01-29 12:48:46.264826', 'Credit Card', 1938.12, 'USD');
INSERT INTO Shipping (shipping_id, order_id, carrier, tracking_number, ship_date, delivery_date, status) VALUES (NULL, 979, 'UPS', 'TRK000979', '2025-03-28', '2025-05-11', 'Delivered');
INSERT INTO Orders (order_id, customer_id, order_date, status, shipping_address, total_amount) VALUES (980, 66, '2025-05-06 18:36:40.777752', 'Shipped', '79688 Evans Crossroad Apt. 737 Randallmouth, VT 28001', 171.62);
INSERT INTO Order_Items (order_item_id, order_id, product_id, quantity, unit_price, discount) VALUES (NULL, 980, 49, 2, 448.63, 5);
INSERT INTO Payments (payment_id, order_id, payment_date, payment_method, amount, currency) VALUES (NULL, 980, '2025-03-31 06:16:47.572675', 'Credit Card', 171.62, 'USD');
INSERT INTO Shipping (shipping_id, order_id, carrier, tracking_number, ship_date, delivery_date, status) VALUES (NULL, 980, 'DHL', 'TRK000980', '2025-02-23', '2025-02-24', 'Delivered');
INSERT INTO Orders (order_id, customer_id, order_date, status, shipping_address, total_amount) VALUES (981, 179, '2025-06-23 02:07:45.622066', 'Shipped', '4256 Butler Station Apt. 629 New Erin, GA 75641', 76.46);
INSERT INTO Order_Items (order_item_id, order_id, product_id, quantity, unit_price, discount) VALUES (NULL, 981, 30, 1, 131.59, 15);
INSERT INTO Order_Items (order_item_id, order_id, product_id, quantity, unit_price, discount) VALUES (NULL, 981, 29, 1, 353.07, 5);
INSERT INTO Order_Items (order_item_id, order_id, product_id, quantity, unit_price, discount) VALUES (NULL, 981, 38, 2, 320.93, 15);
INSERT INTO Order_Items (order_item_id, order_id, product_id, quantity, unit_price, discount) VALUES (NULL, 981, 21, 2, 302.15, 10);
INSERT INTO Order_Items (order_item_id, order_id, product_id, quantity, unit_price, discount) VALUES (NULL, 981, 50, 3, 326.53, 10);
INSERT INTO Payments (payment_id, order_id, payment_date, payment_method, amount, currency) VALUES (NULL, 981, '2025-01-13 03:00:39.540414', 'Debit Card', 76.46, 'USD');
INSERT INTO Shipping (shipping_id, order_id, carrier, tracking_number, ship_date, delivery_date, status) VALUES (NULL, 981, 'FedEx', 'TRK000981', '2025-07-21', '2025-04-28', 'Delivered');
INSERT INTO Orders (order_id, customer_id, order_date, status, shipping_address, total_amount) VALUES (982, 182, '2025-05-16 02:35:35.056702', 'Shipped', '557 Alvarez Pike Apt. 761 West Davidport, SC 79837', 671.05);
INSERT INTO Order_Items (order_item_id, order_id, product_id, quantity, unit_price, discount) VALUES (NULL, 982, 35, 2, 164.52, 10);
INSERT INTO Order_Items (order_item_id, order_id, product_id, quantity, unit_price, discount) VALUES (NULL, 982, 10, 2, 222.93, 5);
INSERT INTO Order_Items (order_item_id, order_id, product_id, quantity, unit_price, discount) VALUES (NULL, 982, 46, 2, 145.9, 0);
INSERT INTO Order_Items (order_item_id, order_id, product_id, quantity, unit_price, discount) VALUES (NULL, 982, 50, 3, 56.97, 15);
INSERT INTO Payments (payment_id, order_id, payment_date, payment_method, amount, currency) VALUES (NULL, 982, '2025-04-19 04:10:57.396663', 'PayPal', 671.05, 'USD');
INSERT INTO Shipping (shipping_id, order_id, carrier, tracking_number, ship_date, delivery_date, status) VALUES (NULL, 982, 'DHL', 'TRK000982', '2025-02-08', '2025-06-03', 'Delivered');
INSERT INTO Orders (order_id, customer_id, order_date, status, shipping_address, total_amount) VALUES (983, 25, '2025-02-11 22:00:56.410135', 'Shipped', 'PSC 8203, Box 6668 APO AA 43881', 2919.39);
INSERT INTO Order_Items (order_item_id, order_id, product_id, quantity, unit_price, discount) VALUES (NULL, 983, 24, 1, 454.78, 10);
INSERT INTO Order_Items (order_item_id, order_id, product_id, quantity, unit_price, discount) VALUES (NULL, 983, 41, 3, 378.1, 0);
INSERT INTO Order_Items (order_item_id, order_id, product_id, quantity, unit_price, discount) VALUES (NULL, 983, 5, 2, 112.79, 15);
INSERT INTO Order_Items (order_item_id, order_id, product_id, quantity, unit_price, discount) VALUES (NULL, 983, 6, 3, 447.38, 5);
INSERT INTO Order_Items (order_item_id, order_id, product_id, quantity, unit_price, discount) VALUES (NULL, 983, 28, 3, 236.35, 15);
INSERT INTO Payments (payment_id, order_id, payment_date, payment_method, amount, currency) VALUES (NULL, 983, '2025-03-08 05:07:20.355400', 'PayPal', 2919.39, 'USD');
INSERT INTO Shipping (shipping_id, order_id, carrier, tracking_number, ship_date, delivery_date, status) VALUES (NULL, 983, 'UPS', 'TRK000983', '2025-01-26', '2025-03-23', 'Delivered');
INSERT INTO Orders (order_id, customer_id, order_date, status, shipping_address, total_amount) VALUES (984, 65, '2025-08-31 13:19:53.912448', 'Shipped', '3558 David Row Apt. 859 East Bryce, IN 53404', 387.41);
INSERT INTO Order_Items (order_item_id, order_id, product_id, quantity, unit_price, discount) VALUES (NULL, 984, 13, 1, 121.3, 0);
INSERT INTO Order_Items (order_item_id, order_id, product_id, quantity, unit_price, discount) VALUES (NULL, 984, 29, 3, 483.48, 0);
INSERT INTO Order_Items (order_item_id, order_id, product_id, quantity, unit_price, discount) VALUES (NULL, 984, 14, 2, 42.4, 15);
INSERT INTO Payments (payment_id, order_id, payment_date, payment_method, amount, currency) VALUES (NULL, 984, '2025-05-04 02:04:44.269037', 'PayPal', 387.41, 'USD');
INSERT INTO Shipping (shipping_id, order_id, carrier, tracking_number, ship_date, delivery_date, status) VALUES (NULL, 984, 'UPS', 'TRK000984', '2025-01-14', '2025-03-01', 'Delivered');
INSERT INTO Orders (order_id, customer_id, order_date, status, shipping_address, total_amount) VALUES (985, 100, '2025-06-29 21:59:33.235251', 'Shipped', '49885 Sean Roads Erichaven, GA 39570', 352.14);
INSERT INTO Order_Items (order_item_id, order_id, product_id, quantity, unit_price, discount) VALUES (NULL, 985, 3, 2, 258.43, 5);
INSERT INTO Order_Items (order_item_id, order_id, product_id, quantity, unit_price, discount) VALUES (NULL, 985, 17, 1, 180.81, 5);
INSERT INTO Order_Items (order_item_id, order_id, product_id, quantity, unit_price, discount) VALUES (NULL, 985, 3, 1, 412.88, 0);
INSERT INTO Payments (payment_id, order_id, payment_date, payment_method, amount, currency) VALUES (NULL, 985, '2025-08-28 21:35:36.782899', 'Credit Card', 352.14, 'USD');
INSERT INTO Shipping (shipping_id, order_id, carrier, tracking_number, ship_date, delivery_date, status) VALUES (NULL, 985, 'FedEx', 'TRK000985', '2025-08-21', '2025-01-21', 'Delivered');
INSERT INTO Orders (order_id, customer_id, order_date, status, shipping_address, total_amount) VALUES (986, 3, '2025-05-05 20:53:49.186713', 'Shipped', '689 Henderson View Apt. 604 Martinezberg, AR 85846', 1318.58);
INSERT INTO Order_Items (order_item_id, order_id, product_id, quantity, unit_price, discount) VALUES (NULL, 986, 10, 2, 432.47, 15);
INSERT INTO Payments (payment_id, order_id, payment_date, payment_method, amount, currency) VALUES (NULL, 986, '2025-08-06 03:15:19.394695', 'Credit Card', 1318.58, 'USD');
INSERT INTO Shipping (shipping_id, order_id, carrier, tracking_number, ship_date, delivery_date, status) VALUES (NULL, 986, 'FedEx', 'TRK000986', '2025-03-11', '2025-04-01', 'Delivered');
INSERT INTO Orders (order_id, customer_id, order_date, status, shipping_address, total_amount) VALUES (987, 115, '2025-09-02 01:38:08.304378', 'Shipped', '8249 Sharon Pine Apt. 394 Diazside, AK 20741', 2277.51);
INSERT INTO Order_Items (order_item_id, order_id, product_id, quantity, unit_price, discount) VALUES (NULL, 987, 24, 3, 243.9, 15);
INSERT INTO Order_Items (order_item_id, order_id, product_id, quantity, unit_price, discount) VALUES (NULL, 987, 12, 3, 365.12, 10);
INSERT INTO Order_Items (order_item_id, order_id, product_id, quantity, unit_price, discount) VALUES (NULL, 987, 50, 2, 58.79, 5);
INSERT INTO Order_Items (order_item_id, order_id, product_id, quantity, unit_price, discount) VALUES (NULL, 987, 27, 3, 467.81, 10);
INSERT INTO Payments (payment_id, order_id, payment_date, payment_method, amount, currency) VALUES (NULL, 987, '2025-02-15 19:17:24.935106', 'Credit Card', 2277.51, 'USD');
INSERT INTO Shipping (shipping_id, order_id, carrier, tracking_number, ship_date, delivery_date, status) VALUES (NULL, 987, 'FedEx', 'TRK000987', '2025-05-09', '2025-01-20', 'Delivered');
INSERT INTO Orders (order_id, customer_id, order_date, status, shipping_address, total_amount) VALUES (988, 171, '2025-07-07 21:22:37.580390', 'Shipped', '4760 Wright Center Port Thomasview, OR 90152', 717.49);
INSERT INTO Order_Items (order_item_id, order_id, product_id, quantity, unit_price, discount) VALUES (NULL, 988, 35, 1, 28.05, 15);
INSERT INTO Order_Items (order_item_id, order_id, product_id, quantity, unit_price, discount) VALUES (NULL, 988, 33, 3, 416.9, 10);
INSERT INTO Payments (payment_id, order_id, payment_date, payment_method, amount, currency) VALUES (NULL, 988, '2025-08-23 13:01:19.468025', 'PayPal', 717.49, 'USD');
INSERT INTO Shipping (shipping_id, order_id, carrier, tracking_number, ship_date, delivery_date, status) VALUES (NULL, 988, 'DHL', 'TRK000988', '2025-08-03', '2025-02-01', 'Delivered');
INSERT INTO Orders (order_id, customer_id, order_date, status, shipping_address, total_amount) VALUES (989, 68, '2025-08-24 13:13:16.558380', 'Shipped', '794 Burke Radial Suite 673 Rodriguezfort, NV 41232', 2899.61);
INSERT INTO Order_Items (order_item_id, order_id, product_id, quantity, unit_price, discount) VALUES (NULL, 989, 17, 3, 166.25, 10);
INSERT INTO Order_Items (order_item_id, order_id, product_id, quantity, unit_price, discount) VALUES (NULL, 989, 36, 2, 488.13, 15);
INSERT INTO Order_Items (order_item_id, order_id, product_id, quantity, unit_price, discount) VALUES (NULL, 989, 10, 3, 382.6, 0);
INSERT INTO Order_Items (order_item_id, order_id, product_id, quantity, unit_price, discount) VALUES (NULL, 989, 9, 1, 226.97, 10);
INSERT INTO Payments (payment_id, order_id, payment_date, payment_method, amount, currency) VALUES (NULL, 989, '2025-01-24 01:37:33.702349', 'Credit Card', 2899.61, 'USD');
INSERT INTO Shipping (shipping_id, order_id, carrier, tracking_number, ship_date, delivery_date, status) VALUES (NULL, 989, 'UPS', 'TRK000989', '2025-08-30', '2025-08-10', 'Delivered');
INSERT INTO Orders (order_id, customer_id, order_date, status, shipping_address, total_amount) VALUES (990, 128, '2025-02-12 03:24:58.959725', 'Shipped', '1491 Smith Mission Suite 228 Hernandezview, OH 68719', 319.44);
INSERT INTO Order_Items (order_item_id, order_id, product_id, quantity, unit_price, discount) VALUES (NULL, 990, 24, 1, 380.05, 0);
INSERT INTO Payments (payment_id, order_id, payment_date, payment_method, amount, currency) VALUES (NULL, 990, '2025-03-18 11:00:47.168779', 'PayPal', 319.44, 'USD');
INSERT INTO Shipping (shipping_id, order_id, carrier, tracking_number, ship_date, delivery_date, status) VALUES (NULL, 990, 'FedEx', 'TRK000990', '2025-04-10', '2025-06-07', 'Delivered');
INSERT INTO Orders (order_id, customer_id, order_date, status, shipping_address, total_amount) VALUES (991, 118, '2025-08-07 05:34:42.654067', 'Shipped', '90628 Harper Inlet Suite 251 North Christopher, MP 77668', 731.91);
INSERT INTO Order_Items (order_item_id, order_id, product_id, quantity, unit_price, discount) VALUES (NULL, 991, 43, 3, 486.74, 10);
INSERT INTO Order_Items (order_item_id, order_id, product_id, quantity, unit_price, discount) VALUES (NULL, 991, 43, 3, 33.47, 5);
INSERT INTO Order_Items (order_item_id, order_id, product_id, quantity, unit_price, discount) VALUES (NULL, 991, 28, 2, 119.36, 5);
INSERT INTO Order_Items (order_item_id, order_id, product_id, quantity, unit_price, discount) VALUES (NULL, 991, 29, 3, 185.67, 10);
INSERT INTO Payments (payment_id, order_id, payment_date, payment_method, amount, currency) VALUES (NULL, 991, '2025-01-07 03:51:58.693002', 'Debit Card', 731.91, 'USD');
INSERT INTO Shipping (shipping_id, order_id, carrier, tracking_number, ship_date, delivery_date, status) VALUES (NULL, 991, 'FedEx', 'TRK000991', '2025-01-22', '2025-03-14', 'Delivered');
INSERT INTO Orders (order_id, customer_id, order_date, status, shipping_address, total_amount) VALUES (992, 187, '2025-08-25 23:06:08.662854', 'Shipped', '1367 Murray Stream Apt. 320 Millerville, NH 81139', 2663.56);
INSERT INTO Order_Items (order_item_id, order_id, product_id, quantity, unit_price, discount) VALUES (NULL, 992, 1, 2, 438.67, 5);
INSERT INTO Order_Items (order_item_id, order_id, product_id, quantity, unit_price, discount) VALUES (NULL, 992, 6, 3, 387.6, 10);
INSERT INTO Order_Items (order_item_id, order_id, product_id, quantity, unit_price, discount) VALUES (NULL, 992, 5, 1, 76.21, 5);
INSERT INTO Order_Items (order_item_id, order_id, product_id, quantity, unit_price, discount) VALUES (NULL, 992, 18, 1, 359.37, 10);
INSERT INTO Order_Items (order_item_id, order_id, product_id, quantity, unit_price, discount) VALUES (NULL, 992, 45, 3, 397.72, 5);
INSERT INTO Payments (payment_id, order_id, payment_date, payment_method, amount, currency) VALUES (NULL, 992, '2025-07-08 06:06:31.937665', 'Debit Card', 2663.56, 'USD');
INSERT INTO Shipping (shipping_id, order_id, carrier, tracking_number, ship_date, delivery_date, status) VALUES (NULL, 992, 'FedEx', 'TRK000992', '2025-01-28', '2025-02-01', 'Delivered');
INSERT INTO Orders (order_id, customer_id, order_date, status, shipping_address, total_amount) VALUES (993, 83, '2025-08-24 10:47:31.240609', 'Shipped', '705 Mason View South Ellen, NM 09484', 839.43);
INSERT INTO Order_Items (order_item_id, order_id, product_id, quantity, unit_price, discount) VALUES (NULL, 993, 21, 3, 198.62, 0);
INSERT INTO Order_Items (order_item_id, order_id, product_id, quantity, unit_price, discount) VALUES (NULL, 993, 2, 3, 11.92, 15);
INSERT INTO Order_Items (order_item_id, order_id, product_id, quantity, unit_price, discount) VALUES (NULL, 993, 24, 1, 344.87, 0);
INSERT INTO Order_Items (order_item_id, order_id, product_id, quantity, unit_price, discount) VALUES (NULL, 993, 6, 1, 22.42, 10);
INSERT INTO Order_Items (order_item_id, order_id, product_id, quantity, unit_price, discount) VALUES (NULL, 993, 44, 3, 390.87, 5);
INSERT INTO Payments (payment_id, order_id, payment_date, payment_method, amount, currency) VALUES (NULL, 993, '2025-06-26 12:54:41.778235', 'PayPal', 839.43, 'USD');
INSERT INTO Shipping (shipping_id, order_id, carrier, tracking_number, ship_date, delivery_date, status) VALUES (NULL, 993, 'UPS', 'TRK000993', '2025-07-23', '2025-03-05', 'Delivered');
INSERT INTO Orders (order_id, customer_id, order_date, status, shipping_address, total_amount) VALUES (994, 116, '2025-06-01 03:19:58.006980', 'Shipped', '43832 Richard Station Suite 985 Joshuashire, TN 78054', 2819.58);
INSERT INTO Order_Items (order_item_id, order_id, product_id, quantity, unit_price, discount) VALUES (NULL, 994, 11, 1, 489.02, 5);
INSERT INTO Order_Items (order_item_id, order_id, product_id, quantity, unit_price, discount) VALUES (NULL, 994, 13, 2, 353.36, 0);
INSERT INTO Order_Items (order_item_id, order_id, product_id, quantity, unit_price, discount) VALUES (NULL, 994, 38, 3, 273.95, 0);
INSERT INTO Order_Items (order_item_id, order_id, product_id, quantity, unit_price, discount) VALUES (NULL, 994, 1, 1, 120.77, 15);
INSERT INTO Order_Items (order_item_id, order_id, product_id, quantity, unit_price, discount) VALUES (NULL, 994, 1, 2, 384.26, 5);
INSERT INTO Payments (payment_id, order_id, payment_date, payment_method, amount, currency) VALUES (NULL, 994, '2025-04-27 15:50:59.315964', 'Debit Card', 2819.58, 'USD');
INSERT INTO Shipping (shipping_id, order_id, carrier, tracking_number, ship_date, delivery_date, status) VALUES (NULL, 994, 'UPS', 'TRK000994', '2025-05-31', '2025-07-31', 'Delivered');
INSERT INTO Orders (order_id, customer_id, order_date, status, shipping_address, total_amount) VALUES (995, 61, '2025-02-22 05:46:39.938718', 'Shipped', '24581 Rebecca Stravenue Seanmouth, PA 60236', 2232.39);
INSERT INTO Order_Items (order_item_id, order_id, product_id, quantity, unit_price, discount) VALUES (NULL, 995, 50, 3, 203.9, 5);
INSERT INTO Order_Items (order_item_id, order_id, product_id, quantity, unit_price, discount) VALUES (NULL, 995, 31, 2, 213.72, 0);
INSERT INTO Order_Items (order_item_id, order_id, product_id, quantity, unit_price, discount) VALUES (NULL, 995, 20, 2, 434.68, 10);
INSERT INTO Order_Items (order_item_id, order_id, product_id, quantity, unit_price, discount) VALUES (NULL, 995, 39, 1, 159.68, 0);
INSERT INTO Payments (payment_id, order_id, payment_date, payment_method, amount, currency) VALUES (NULL, 995, '2025-02-17 08:35:28.679772', 'Credit Card', 2232.39, 'USD');
INSERT INTO Shipping (shipping_id, order_id, carrier, tracking_number, ship_date, delivery_date, status) VALUES (NULL, 995, 'UPS', 'TRK000995', '2025-06-01', '2025-02-19', 'Delivered');
INSERT INTO Orders (order_id, customer_id, order_date, status, shipping_address, total_amount) VALUES (996, 162, '2025-07-14 21:45:36.126612', 'Shipped', '2210 Flynn Street Port Dustinmouth, CA 57552', 1630.28);
INSERT INTO Order_Items (order_item_id, order_id, product_id, quantity, unit_price, discount) VALUES (NULL, 996, 47, 3, 157.77, 10);
INSERT INTO Payments (payment_id, order_id, payment_date, payment_method, amount, currency) VALUES (NULL, 996, '2025-06-06 22:57:31.569744', 'Debit Card', 1630.28, 'USD');
INSERT INTO Shipping (shipping_id, order_id, carrier, tracking_number, ship_date, delivery_date, status) VALUES (NULL, 996, 'FedEx', 'TRK000996', '2025-04-16', '2025-02-26', 'Delivered');
INSERT INTO Orders (order_id, customer_id, order_date, status, shipping_address, total_amount) VALUES (997, 16, '2025-02-25 18:15:41.135862', 'Shipped', '87755 John Viaduct Suite 753 North Brandyville, FM 76802', 2407.46);
INSERT INTO Order_Items (order_item_id, order_id, product_id, quantity, unit_price, discount) VALUES (NULL, 997, 21, 2, 457.51, 15);
INSERT INTO Order_Items (order_item_id, order_id, product_id, quantity, unit_price, discount) VALUES (NULL, 997, 18, 2, 465.79, 10);
INSERT INTO Order_Items (order_item_id, order_id, product_id, quantity, unit_price, discount) VALUES (NULL, 997, 32, 3, 22.3, 5);
INSERT INTO Payments (payment_id, order_id, payment_date, payment_method, amount, currency) VALUES (NULL, 997, '2025-08-10 05:10:32.259216', 'Credit Card', 2407.46, 'USD');
INSERT INTO Shipping (shipping_id, order_id, carrier, tracking_number, ship_date, delivery_date, status) VALUES (NULL, 997, 'UPS', 'TRK000997', '2025-05-25', '2025-02-15', 'Delivered');
INSERT INTO Orders (order_id, customer_id, order_date, status, shipping_address, total_amount) VALUES (998, 47, '2025-06-12 09:58:02.526882', 'Shipped', '181 Ashley Crescent Apt. 227 Wilsonville, PR 54420', 589.63);
INSERT INTO Order_Items (order_item_id, order_id, product_id, quantity, unit_price, discount) VALUES (NULL, 998, 6, 1, 252.41, 15);
INSERT INTO Payments (payment_id, order_id, payment_date, payment_method, amount, currency) VALUES (NULL, 998, '2025-02-25 02:11:00.420596', 'Debit Card', 589.63, 'USD');
INSERT INTO Shipping (shipping_id, order_id, carrier, tracking_number, ship_date, delivery_date, status) VALUES (NULL, 998, 'FedEx', 'TRK000998', '2025-03-18', '2025-07-08', 'Delivered');
INSERT INTO Orders (order_id, customer_id, order_date, status, shipping_address, total_amount) VALUES (999, 74, '2025-05-11 19:07:34.629475', 'Shipped', '2452 Jeanette Cove Suite 301 East Brandihaven, VT 80392', 724.46);
INSERT INTO Order_Items (order_item_id, order_id, product_id, quantity, unit_price, discount) VALUES (NULL, 999, 28, 2, 219.88, 0);
INSERT INTO Order_Items (order_item_id, order_id, product_id, quantity, unit_price, discount) VALUES (NULL, 999, 14, 2, 372.8, 15);
INSERT INTO Order_Items (order_item_id, order_id, product_id, quantity, unit_price, discount) VALUES (NULL, 999, 28, 1, 26.91, 15);
INSERT INTO Order_Items (order_item_id, order_id, product_id, quantity, unit_price, discount) VALUES (NULL, 999, 25, 2, 334.77, 15);
INSERT INTO Payments (payment_id, order_id, payment_date, payment_method, amount, currency) VALUES (NULL, 999, '2025-01-02 22:34:41.654247', 'Credit Card', 724.46, 'USD');
INSERT INTO Shipping (shipping_id, order_id, carrier, tracking_number, ship_date, delivery_date, status) VALUES (NULL, 999, 'UPS', 'TRK000999', '2025-02-25', '2025-08-10', 'Delivered');
INSERT INTO Orders (order_id, customer_id, order_date, status, shipping_address, total_amount) VALUES (1000, 17, '2025-02-25 22:06:10.654418', 'Shipped', '0865 Davidson Junction Apt. 815 New Barbara, NC 55888', 2345.91);
INSERT INTO Order_Items (order_item_id, order_id, product_id, quantity, unit_price, discount) VALUES (NULL, 1000, 14, 2, 78.84, 0);
INSERT INTO Order_Items (order_item_id, order_id, product_id, quantity, unit_price, discount) VALUES (NULL, 1000, 32, 3, 55.78, 15);
INSERT INTO Order_Items (order_item_id, order_id, product_id, quantity, unit_price, discount) VALUES (NULL, 1000, 33, 2, 197.96, 0);
INSERT INTO Order_Items (order_item_id, order_id, product_id, quantity, unit_price, discount) VALUES (NULL, 1000, 1, 3, 488.73, 5);
INSERT INTO Payments (payment_id, order_id, payment_date, payment_method, amount, currency) VALUES (NULL, 1000, '2025-04-01 03:56:39.592755', 'PayPal', 2345.91, 'USD');
INSERT INTO Shipping (shipping_id, order_id, carrier, tracking_number, ship_date, delivery_date, status) VALUES (NULL, 1000, 'FedEx', 'TRK001000', '2025-06-21', '2025-07-06', 'Delivered');
INSERT INTO Reviews (review_id, customer_id, product_id, rating, review_text, review_date) VALUES (NULL, 189, 48, 3, 'Sample review text 1', '2024-12-08');
INSERT INTO Reviews (review_id, customer_id, product_id, rating, review_text, review_date) VALUES (NULL, 192, 6, 3, 'Sample review text 2', '2025-03-03');
INSERT INTO Reviews (review_id, customer_id, product_id, rating, review_text, review_date) VALUES (NULL, 120, 2, 3, 'Sample review text 3', '2025-01-25');
INSERT INTO Reviews (review_id, customer_id, product_id, rating, review_text, review_date) VALUES (NULL, 13, 44, 1, 'Sample review text 4', '2024-10-13');
INSERT INTO Reviews (review_id, customer_id, product_id, rating, review_text, review_date) VALUES (NULL, 8, 30, 3, 'Sample review text 5', '2025-04-02');
INSERT INTO Reviews (review_id, customer_id, product_id, rating, review_text, review_date) VALUES (NULL, 115, 45, 5, 'Sample review text 6', '2024-12-28');
INSERT INTO Reviews (review_id, customer_id, product_id, rating, review_text, review_date) VALUES (NULL, 9, 49, 4, 'Sample review text 7', '2025-07-28');
INSERT INTO Reviews (review_id, customer_id, product_id, rating, review_text, review_date) VALUES (NULL, 162, 36, 3, 'Sample review text 8', '2025-06-29');
INSERT INTO Reviews (review_id, customer_id, product_id, rating, review_text, review_date) VALUES (NULL, 99, 28, 3, 'Sample review text 9', '2025-02-11');
INSERT INTO Reviews (review_id, customer_id, product_id, rating, review_text, review_date) VALUES (NULL, 28, 29, 5, 'Sample review text 10', '2025-03-15');
INSERT INTO Reviews (review_id, customer_id, product_id, rating, review_text, review_date) VALUES (NULL, 168, 31, 3, 'Sample review text 11', '2025-02-16');
INSERT INTO Reviews (review_id, customer_id, product_id, rating, review_text, review_date) VALUES (NULL, 100, 12, 3, 'Sample review text 12', '2025-04-28');
INSERT INTO Reviews (review_id, customer_id, product_id, rating, review_text, review_date) VALUES (NULL, 157, 6, 4, 'Sample review text 13', '2025-02-15');
INSERT INTO Reviews (review_id, customer_id, product_id, rating, review_text, review_date) VALUES (NULL, 198, 48, 3, 'Sample review text 14', '2024-09-02');
INSERT INTO Reviews (review_id, customer_id, product_id, rating, review_text, review_date) VALUES (NULL, 70, 24, 3, 'Sample review text 15', '2024-12-02');
INSERT INTO Reviews (review_id, customer_id, product_id, rating, review_text, review_date) VALUES (NULL, 92, 36, 1, 'Sample review text 16', '2025-03-10');
INSERT INTO Reviews (review_id, customer_id, product_id, rating, review_text, review_date) VALUES (NULL, 78, 14, 4, 'Sample review text 17', '2024-12-18');
INSERT INTO Reviews (review_id, customer_id, product_id, rating, review_text, review_date) VALUES (NULL, 163, 38, 1, 'Sample review text 18', '2025-08-07');
INSERT INTO Reviews (review_id, customer_id, product_id, rating, review_text, review_date) VALUES (NULL, 70, 24, 1, 'Sample review text 19', '2024-09-25');
INSERT INTO Reviews (review_id, customer_id, product_id, rating, review_text, review_date) VALUES (NULL, 183, 19, 1, 'Sample review text 20', '2025-08-10');
INSERT INTO Reviews (review_id, customer_id, product_id, rating, review_text, review_date) VALUES (NULL, 129, 2, 4, 'Sample review text 21', '2025-04-23');
INSERT INTO Reviews (review_id, customer_id, product_id, rating, review_text, review_date) VALUES (NULL, 18, 50, 3, 'Sample review text 22', '2025-05-28');
INSERT INTO Reviews (review_id, customer_id, product_id, rating, review_text, review_date) VALUES (NULL, 6, 40, 1, 'Sample review text 23', '2024-10-17');
INSERT INTO Reviews (review_id, customer_id, product_id, rating, review_text, review_date) VALUES (NULL, 86, 13, 1, 'Sample review text 24', '2024-10-23');
INSERT INTO Reviews (review_id, customer_id, product_id, rating, review_text, review_date) VALUES (NULL, 151, 10, 4, 'Sample review text 25', '2025-08-26');
INSERT INTO Reviews (review_id, customer_id, product_id, rating, review_text, review_date) VALUES (NULL, 115, 5, 3, 'Sample review text 26', '2025-02-16');
INSERT INTO Reviews (review_id, customer_id, product_id, rating, review_text, review_date) VALUES (NULL, 104, 42, 1, 'Sample review text 27', '2024-09-22');
INSERT INTO Reviews (review_id, customer_id, product_id, rating, review_text, review_date) VALUES (NULL, 63, 34, 3, 'Sample review text 28', '2025-05-22');
INSERT INTO Reviews (review_id, customer_id, product_id, rating, review_text, review_date) VALUES (NULL, 149, 7, 5, 'Sample review text 29', '2025-04-28');
INSERT INTO Reviews (review_id, customer_id, product_id, rating, review_text, review_date) VALUES (NULL, 109, 11, 1, 'Sample review text 30', '2024-10-26');
